code,schedule,serial,description,cgst,sgst,igst,cess
0202,I,1,All goods [other than fresh or chilled] pre-packaged and labelled.,2.5,2.5,5.0,
0203,I,1,All goods [other than fresh or chilled] pre-packaged and labelled.,2.5,2.5,5.0,
0204,I,1,All goods [other than fresh or chilled] pre-packaged and labelled.,2.5,2.5,5.0,
0205,I,1,All goods [other than fresh or chilled] pre-packaged and labelled.,2.5,2.5,5.0,
0206,I,1,All goods [other than fresh or chilled] pre-packaged and labelled.,2.5,2.5,5.0,
0207,I,1,All goods [other than fresh or chilled] pre-packaged and labelled.,2.5,2.5,5.0,
0208,I,1,All goods [other than fresh or chilled] pre-packaged and labelled.,2.5,2.5,5.0,
0209,I,1,All goods [other than fresh or chilled] pre-packaged and labelled.,2.5,2.5,5.0,
0210,I,1,All goods [other than fresh or chilled] pre-packaged and labelled.,2.5,2.5,5.0,
0303,I,2,All goods [other than fresh or chilled] pre-packaged and labelled.,2.5,2.5,5.0,
0304,I,2,All goods [other than fresh or chilled] pre-packaged and labelled.,2.5,2.5,5.0,
0305,I,2,All goods [other than fresh or chilled] pre-packaged and labelled.,2.5,2.5,5.0,
0306,I,2,All goods [other than fresh or chilled] pre-packaged and labelled.,2.5,2.5,5.0,
0307,I,2,All goods [other than fresh or chilled] pre-packaged and labelled.,2.5,2.5,5.0,
0308,I,2,All goods [other than fresh or chilled] pre-packaged and labelled.,2.5,2.5,5.0,
0309,I,2,All goods [other than fresh or chilled] pre-packaged and labelled.,2.5,2.5,5.0,
0401,I,7,Ultra High Temperature (UHT) milk,2.5,2.5,5.0,
0402,I,8,"Milk and cream, concentrated or containing added sugar or other sweetening matter, including skimmed milk powder, milk food for babies [other than condensed milk]",2.5,2.5,5.0,
0403,I,9,"Yoghurt; Cream, kephir and other fermented or acidified milk and cream, whether or not concentrated or containing added sugar or other sweetening matter or flavored or containing added fruit, nuts or cocoa",2.5,2.5,5.0,
0403,I,9A,"Curd, Lassi, Butter milk, pre-packaged and labelled",2.5,2.5,5.0,
0404,I,10,"Whey, whether or not concentrated or containing added sugar or other sweetening matter; products consisting of natural milk constituents, whether or not containing added sugar or other sweetening matter, not elsewhere specified or included",2.5,2.5,5.0,
0406,I,11,Chena or paneer pre-packaged and labelled,2.5,2.5,5.0,
0408,I,12,"Birds' eggs, not in shell, and egg yolks, fresh, dried, cooked by steaming or by boiling in water, moulded, frozen or otherwise preserved, whether or not containing added sugar or other sweetening matter.",2.5,2.5,5.0,
0409,I,13,Natural honey pre-packaged and labelled,2.5,2.5,5.0,
0410,I,14,"Insects and other edible products of animal origin, not elsewhere specified or included",2.5,2.5,5.0,
0502,I,15,"Pigs', hogs' or boars' bristles and hair; badger hair and other brush making hair; waste of such bristles or hair.",2.5,2.5,5.0,
0504,I,16,All goods [other than fresh or chilled] pre-packaged and labelled.,2.5,2.5,5.0,
0505,I,17,"Skins and other parts of birds, with their feathers or down, feathers and parts of feathers (whether or not with trimmed edges) and down, not further worked than cleaned, disinfected or treated for preservation; powder and waste of feathers or parts of feathers",2.5,2.5,5.0,
0507,I,18,"Ivory, tortoise-shell, whalebone and whalebone hair, horns, unworked or simply prepared but not cut to shape; powder and waste of these products.",2.5,2.5,5.0,
0508,I,19,"Coral and similar materials, unworked or simply prepared but not otherwise worked; shells of molluscs, crustaceans or echinoderms and cuttle-bone, unworked or simply prepared but not cut to shape, powder and waste thereof.",2.5,2.5,5.0,
0510,I,20,"Ambergris, castoreum, civet and musk; cantharides; bile, whether or not dried; glands and other animal products used in the preparation of pharmaceutical products, fresh, chilled, frozen or otherwise provisionally preserved.",2.5,2.5,5.0,
0511,I,21,"Animal products not elsewhere specified or included; dead animals of Chapter 1 or 3, unfit for human consumption, other than semen including frozen semen.",2.5,2.5,5.0,
0713,I,25,"Dried leguminous vegetables, shelled, whether or not skinned or split pre-packaged and labelled.",2.5,2.5,5.0,
0714,I,26,"Manioc, arrowroot, salep, Jerusalem artichokes, sweet potatoes and similar roots and tubers with high starch or inulin content, frozen, whether or not sliced or in the form of pellets pre-packaged and labelled.",2.5,2.5,5.0,
0801,I,27,"Cashew nuts, whether or not shelled or peeled, desiccated coconuts",2.5,2.5,5.0,
0802,I,28,"Dried areca nuts, whether or not shelled or peeled",2.5,2.5,5.0,
0802,I,29,"Dried chestnuts (singhada), whether or not shelled or peeled",2.5,2.5,5.0,
0813,I,29,"Dried chestnuts (singhada), whether or not shelled or peeled",2.5,2.5,5.0,
0802,I,29A,"Walnuts, whether or not shelled",2.5,2.5,5.0,
08,I,30,"Dried makhana, whether or not shelled or peeled pre-packaged and labelled.",2.5,2.5,5.0,
0804,I,30A,"Mangoes sliced, dried",2.5,2.5,5.0,
0806,I,31,"Grapes, dried, and raisins",2.5,2.5,5.0,
0811,I,32,"Fruit and nuts, uncooked or cooked by steaming or boiling in water, frozen, whether or not containing added sugar or other sweetening matter",2.5,2.5,5.0,
0812,I,33,"Fruit and nuts, provisionally preserved (for example, by sulphur dioxide gas, in brine, in sulphur water or in other preservative solutions), but unsuitable in that state for immediate consumption",2.5,2.5,5.0,
0814,I,34,"Peel of citrus fruit or melons (including watermelons), frozen, dried or provisionally preserved in brine, in sulphur water or in other preservative solutions",2.5,2.5,5.0,
0901,I,35,"Coffee roasted, whether or not decaffeinated coffee husks and skins; coffee substitutes containing coffee in any proportion [other than coffee beans not roasted]",2.5,2.5,5.0,
0902,I,36,"Tea, whether or not flavoured [other than unprocessed green leaves of tea",2.5,2.5,5.0,
0903,I,37,Maté,2.5,2.5,5.0,
0904,I,38,Pepper of the genus Piper; dried or crushed or ground fruits of the genus Capsicum or of the genus Pimenta,2.5,2.5,5.0,
0905,I,39,Vanilla,2.5,2.5,5.0,
0906,I,40,Cinnamon and cinnamon-tree flowers,2.5,2.5,5.0,
0907,I,41,"Cloves (whole fruit, cloves and stems)",2.5,2.5,5.0,
0908,I,42,"Nutmeg, mace and cardamoms",2.5,2.5,5.0,
0909,I,43,"Seeds of anise, badian, fennel, coriander, cumin or caraway; juniper berries [other than of seed quality]",2.5,2.5,5.0,
0910,I,44,"Ginger other than fresh ginger, saffron, turmeric (curcuma) other than fresh turmeric, thyme, bay leaves, curry and other spices",2.5,2.5,5.0,
10,I,45,All goods i.e. cereals pre-packaged and labelled.,2.5,2.5,5.0,
1001,I,46,Wheat and meslin pre-packaged and labelled.,2.5,2.5,5.0,
1002,I,47,Rye pre-packaged and labelled.,2.5,2.5,5.0,
1003,I,48,Barley pre-packaged and labelled.,2.5,2.5,5.0,
1004,I,49,Oats pre-packaged and labelled.,2.5,2.5,5.0,
1005,I,50,Maize (corn) pre-packaged and labelled.,2.5,2.5,5.0,
1006,I,51,Rice pre-packaged and labelled.,2.5,2.5,5.0,
1007,I,52,Grain sorghum pre-packaged and labelled.,2.5,2.5,5.0,
1008,I,53,"Buckwheat, millet and canary seed; other cereals such as Jawar, Bajra, Ragi pre-packaged and labelled.",2.5,2.5,5.0,
1101,I,54,Wheat or meslin flour pre-packaged and labelled.,2.5,2.5,5.0,
1102,I,55,"Cereal flours other than of wheat or meslin i.e. maize (corn) flour, Rye flour, etc. pre-packaged and labelled.",2.5,2.5,5.0,
1103,I,56,"Cereal groats, meal and pellets, including suji and dalia pre-packaged and labelled.",2.5,2.5,5.0,
1104,I,57,"Cereal grains otherwise worked (for example, rolled, flaked, pearled, sliced or kibbled), except rice of heading 1006; germ of cereals, whole, rolled, flaked or ground [other than hulled cereal grains]",2.5,2.5,5.0,
1105,I,58,"Meal, powder, Flour flakes, granules and pellets of potatoes pre-packaged and labelled.",2.5,2.5,5.0,
1106,I,59,"Meal and powder of the dried leguminous vegetables of heading 0713 (pulses) [other than guar meal 1106 10 10 and guar gum refined split {0713}], of sago or of roots or tubers of heading 0714 or of the products of Chapter 8 pre-packaged and labelled.",2.5,2.5,5.0,
0713,I,61,Guar gum refined split,2.5,2.5,5.0,
11090000,I,62,"Wheat gluten, whether or not dried",2.5,2.5,5.0,
12,I,63,All goods other than of seed quality,2.5,2.5,5.0,
1201,I,64,"Soya beans, whether or not broken other than of seed quality.",2.5,2.5,5.0,
1202,I,65,"Ground-nuts, not roasted or otherwise cooked, whether or not shelled or broken other than of seed quality.",2.5,2.5,5.0,
1203,I,66,Copra,2.5,2.5,5.0,
1204,I,67,"Linseed, whether or not broken other than of seed quality.",2.5,2.5,5.0,
1205,I,68,"Rape or colza seeds, whether or not broken other than of seed quality.",2.5,2.5,5.0,
1206,I,69,"Sunflower seeds, whether or not broken other than of seed quality",2.5,2.5,5.0,
1207,I,70,"Other oil seeds and oleaginous fruits (i.e. Palm nuts and kernels, cotton seeds, Castor oil seeds, Sesamum seeds, Mustard seeds, Saffower (Carthamustinctorius) seeds, Melon seeds, Poppy seeds, Ajams, Mango kernel, Niger seed, Kokam) whether or not broken, other than of seed quality",2.5,2.5,5.0,
1208,I,71,"Flour and meals of oil seeds or oleaginous fruits, other than those of mustard",2.5,2.5,5.0,
1209,I,71A,Tamarind seeds meant for any use other than sowing,2.5,2.5,5.0,
12102000,I,72,"Hop cones, ground, powdered or in the form of pellets; lupulin",2.5,2.5,5.0,
1211,I,73,"Plants and parts of plants (including seeds and fruits), of a kind used primarily in perfumery, in pharmacy or for insecticidal, fungicidal or similar purpose, frozen or dried, whether or not cut, crushed or powdered",2.5,2.5,5.0,
1212,I,74,"Locust beans, seaweeds and other algae, sugar beet and sugar cane, frozen or dried, whether or not ground; fruit stones and kernels and other vegetable products (including unroasted chicory roots of the variety Cichoriumintybussativum) of a kind used primarily for human consumption, not elsewhere specified or included",2.5,2.5,5.0,
1301,I,75,"Natural gums, resins, gum-resins and oleoresins (for example, balsams) [other than lac and shellac]",2.5,2.5,5.0,
1301,I,76,Compounded asafoetida commonly known as heeng,2.5,2.5,5.0,
13,I,76A,Tamarind Kernel powder,2.5,2.5,5.0,
1401,I,77,"Vegetable materials of a kind used primarily for plaiting (for example, bamboos, rattans, reeds, rushes, osier, raffia, cleaned, bleached or dyed cereal straw, and lime bark)",2.5,2.5,5.0,
1404,I,78,"Vegetable products not elsewhere specified or included such as, Cotton linters, Soap nuts, Hard seeds, pips, hulls and nuts, of a kind used primarily for carving, Rudraksha seeds [other than bidi wrapper leaves (tendu), betel leaves, Indian katha, coconut shell, unworked",2.5,2.5,5.0,
14049060,I,78,"Vegetable products not elsewhere specified or included such as, Cotton linters, Soap nuts, Hard seeds, pips, hulls and nuts, of a kind used primarily for carving, Rudraksha seeds [other than bidi wrapper leaves (tendu), betel leaves, Indian katha, coconut shell, unworked",2.5,2.5,5.0,
1404,I,78A,Mehendi paste in cones,2.5,2.5,5.0,
3305,I,78A,Mehendi paste in cones,2.5,2.5,5.0,
1507,I,79,"Soya-bean oil and its fractions, whether or not refined, but not chemically modified",2.5,2.5,5.0,
1508,I,80,"Ground-nut oil and its fractions, whether or not refined, but not chemically modified.",2.5,2.5,5.0,
1509,I,81,"Olive oil and its fractions, whether or not refined, but not chemically modified.",2.5,2.5,5.0,
1510,I,82,"Other oils and their fractions, obtained solely from olives, whether or not refined, but not chemically modified, including blends of these oils or fractions with oils or fractions of heading 1509",2.5,2.5,5.0,
1511,I,83,"Palm oil and its fractions, whether or not refined, but not chemically modified.",2.5,2.5,5.0,
1512,I,84,"Sunflower-seed, safflower or cotton-seed oil and fractions thereof, whether or not refined, but not chemically modified.",2.5,2.5,5.0,
1513,I,85,"Coconut (copra), palm kernel or babassu oil and fractions thereof, whether or not refined, but not chemically modified.",2.5,2.5,5.0,
1514,I,86,"Rape, colza or mustard oil and fractions thereof, whether or not refined, but not chemically modified.",2.5,2.5,5.0,
1515,I,87,"Other fixed vegetable or microbial fats and oils (including jojoba oil) and their fractions, whether or not refined, but not chemically modified",2.5,2.5,5.0,
1516,I,88,"Vegetable fats and oils and their fractions, partly or wholly hydrogenated, inter-esterified, re-esterified or elaidinised, whether or not refined, but not further prepared.",2.5,2.5,5.0,
1517,I,89,"Edible mixtures or preparations of vegetable fats or vegetable oils or of fractions of different vegetable fats or vegetable oils of this Chapter, other than edible fats or oils or their fractions of heading 1516",2.5,2.5,5.0,
1518,I,90,"Vegetable fats and oils and their fractions, boiled, oxidised, dehydrated, sulphurised, blown, polymerised by heat in vacuum or in inert gas or otherwise chemically modified, excluding those of heading 1516",2.5,2.5,5.0,
1701,I,91,"Beet sugar, cane sugar",2.5,2.5,5.0,
1701,I,91A,"Jaggery of all types including Cane Jaggery (gur), Palmyra Jaggery, pre-packaged and labelled; Khandsari Sugar, pre-packaged and labelled; Rab, pre-packaged and labelled",2.5,2.5,5.0,
1702,I,91A,"Jaggery of all types including Cane Jaggery (gur), Palmyra Jaggery, pre-packaged and labelled; Khandsari Sugar, pre-packaged and labelled; Rab, pre-packaged and labelled",2.5,2.5,5.0,
1702,I,92,"Palmyra sugar, mishri, batasha, bura, sakar, khadi sakar, harda, sakariya, gatta, kuliya, elaichidana, lukumdana, chikkis like puffed rice chikki, peanut chikki, sesame chikki, til chikki, til patti, til revdi, sugar makhana, groundnut sweets, gajak, khaja, khajuli, anarsa",2.5,2.5,5.0,
1704,I,92,"Palmyra sugar, mishri, batasha, bura, sakar, khadi sakar, harda, sakariya, gatta, kuliya, elaichidana, lukumdana, chikkis like puffed rice chikki, peanut chikki, sesame chikki, til chikki, til patti, til revdi, sugar makhana, groundnut sweets, gajak, khaja, khajuli, anarsa",2.5,2.5,5.0,
1801,I,93,"Cocoa beans whole or broken, raw or roasted",2.5,2.5,5.0,
1802,I,94,"Cocoa shells, husks, skins and other cocoa waste",2.5,2.5,5.0,
1803,I,95,Cocoa paste whether or not de-fatted,2.5,2.5,5.0,
19012000,I,96,"Mixes and doughs for the preparation of bread, pastry and other baker's wares",2.5,2.5,5.0,
1902,I,97,Seviyan (vermicelli),2.5,2.5,5.0,
1903,I,98,"Tapioca and substitutes therefor prepared from starch, in the form of flakes, grains, pearls, siftings or in similar forms. (sabudana)",2.5,2.5,5.0,
1904,I,98A,"Puffed rice, commonly known as Muri, flattened or beaten rice, commonly known as Chira, parched rice, commonly known as khoi, parched paddy or rice coated with sugar or gur, commonly known as Murki, pre-packaged and labelled”;",2.5,2.5,5.0,
1905,I,99,Pizza bread,2.5,2.5,5.0,
1905,I,99A,"Khakhra, Plain chapatti or roti",2.5,2.5,5.0,
2106,I,99A,"Khakhra, Plain chapatti or roti",2.5,2.5,5.0,
19054000,I,100,"Rusks, toasted bread and similar toasted products",2.5,2.5,5.0,
2106,I,100A,"Roasted Gram, idli/dosa batter, chutney powder",2.5,2.5,5.0,
210690,I,101,Sweetmeats,2.5,2.5,5.0,
210690,I,101A,"Namkeens, bhujia, mixture, chabena and similar edible preparations in ready for consumption form, other than those pre-packaged and labelled.",2.5,2.5,5.0,
22019010,I,102,Ice and snow,2.5,2.5,5.0,
2207,I,102A,Ethyl alcohol supplied to Oil Marketing Companies or Petroleum refineries for blending with motor spirit (petrol),2.5,2.5,5.0,
2301,I,103,"Flours, meals and pellets, of meat or meat offal, of fish or of crustaceans, molluscs or other aquatic invertebrates, unfit for human consumption; greaves",2.5,2.5,5.0,
2302,I,103A,"Bran, sharps and other residues, whether or not in the form of pellets, derived from the sifting, milling or other working of cereals or of leguminous plants [other than aquatic feed including shrimp feed and prawn feed, poultry feed and cattle feed, including grass, hay and straw, supplement and additives, husk of pulses including chilka, concentrates including chuni or churi, khanda, wheat bran, de-oiled cake",2.5,2.5,5.0,
2302,I,103B,Rice bran (other than de-oiled rice bran),2.5,2.5,5.0,
2303,I,104,"Residues of starch manufacture and similar residues, beet- pulp, bagasse and other waste of sugar manufacture,brewing or distilling dregs and waste, whether or not in the form of pellets",2.5,2.5,5.0,
2304,I,105,"Oil-cake and other solid residues, whether or not ground or in the form of pellets, resulting from the extraction of soyabean oil",2.5,2.5,5.0,
2305,I,106,"Oil-cake and other solid residues, whether or not ground or in the form of pellets, resulting from the extraction of ground-nut oil.",2.5,2.5,5.0,
2306,I,107,"Oil-cake and other solid residues, whether or not ground or in the form of pellets, resulting from the extraction of vegetable or microbial fats or oils, other than those of heading 2304 or 2305 other than cottonseed oil cake",2.5,2.5,5.0,
2307,I,108,Wine lees; argol,2.5,2.5,5.0,
2401,I,109,Tobacco leaves,2.5,2.5,5.0,
2502,I,110,Unroasted iron pyrites.,2.5,2.5,5.0,
2503,I,111,"Sulphur of all kinds, other than sublimed sulphur, precipitated sulphur and colloidal sulphur",2.5,2.5,5.0,
2504,I,112,Natural graphite.,2.5,2.5,5.0,
2505,I,113,"Natural sands of all kinds, whether or not coloured, other than metal bearing sands of Chapter 26.",2.5,2.5,5.0,
2506,I,114,"Quartz (other than natural sands); quartzite, whether or not roughly trimmed or merely cut, by sawing or otherwise, into blocks or slabs of a rectangular (including square) shape.",2.5,2.5,5.0,
2507,I,115,"Kaolin and other kaolinic clays, whether or not calcined.",2.5,2.5,5.0,
2508,I,116,"Other clays (not including expanded clays of heading 6806), andalusite, kyanite and sillimanite, whether or not calcined; mullite; chamotte or dinas earths.",2.5,2.5,5.0,
2509,I,117,Chalk.,2.5,2.5,5.0,
2510,I,118,"Natural calcium phosphates, natural aluminium calcium phosphates and phosphatic chalk.",2.5,2.5,5.0,
2511,I,119,"Natural barium sulphate (barytes); natural barium carbonate (witherite), whether or not calcined, other than barium oxide of heading 2816.",2.5,2.5,5.0,
2512,I,120,"Siliceous fossil meals (for example, kieselguhr, tripolite and diatomite) and similar siliceous earths, whether or not calcined, of an apparent specific gravity of 1 or less.",2.5,2.5,5.0,
2513,I,121,"Pumice stone; emery; natural corundum, natural garnet and other natural abrasives, whether or not heat-treated.",2.5,2.5,5.0,
2514,I,122,"Slate, whether or not roughly trimmed or merely cut, by sawing or otherwise, into blocks or slabs of a rectangular (including square) shape.",2.5,2.5,5.0,
2515,I,123,"Ecaussine and other calcareous monumental or building stone alabaster [other than marble and travertine], other than mirror polished stone which is ready to use",2.5,2.5,5.0,
6802,I,123,"Ecaussine and other calcareous monumental or building stone alabaster [other than marble and travertine], other than mirror polished stone which is ready to use",2.5,2.5,5.0,
25151100,I,123A,"Marble and travertine, crude or roughly trimmed",2.5,2.5,5.0,
2516,I,124,"Porphyry, basalt, sandstone and other monumental or building stone, whether or not roughly trimmed or merely cut, by sawing or otherwise, into blocks or slabs of a rectangular (including square) shape.",2.5,2.5,5.0,
25161100,I,125,Granite crude or roughly trimmed,2.5,2.5,5.0,
2517,I,126,"Pebbles, gravel, broken or crushed stone, of a kind commonly used for concrete aggregates, for road metalling or for railway or other ballast, shingle and flint, whether or not heat-treated; macadam of slag, dross or similar industrial waste, whether or not incorporating the materials cited in the first part of the heading; tarred macadam; grenules cheeping and powder of stones heading 2515 or 2516 whether or not heat treated.",2.5,2.5,5.0,
2518,I,127,"Dolomite, whether or not calcined or sintered, including dolomite roughly trimmed or merely cut, by sawing or otherwise, into blocks or slabs of a rectangular (including square) shape; 2518 10 dolomite, Not calcined or sintered",2.5,2.5,5.0,
2519,I,128,"Natural magnesium carbonate (magnesite); fused magnesia; dead-burned (sintered) magnesia, whether or not containing small quantities of other oxides added before sintering; other magnesium oxide, whether or not pure.",2.5,2.5,5.0,
2520,I,129,"Gypsum; anhydrite; plasters (consisting of calcined gypsum or calcium sulphate) whether or not coloured, with or without small quantities of accelerators or retarders.",2.5,2.5,5.0,
2521,I,130,"Limestone flux; limestone and other calcareous stone, of a kind used for the manufacture of lime or cement.",2.5,2.5,5.0,
2522,I,131,"Quicklime, slaked lime and hydraulic lime, other than calcium oxide and hydroxide of heading 2825.",2.5,2.5,5.0,
2524,I,132,Asbestos,2.5,2.5,5.0,
2525,I,133,"Mica, including splitting; mica waste.",2.5,2.5,5.0,
2526,I,134,"Natural steatite, whether or not roughly trimmed or merely cut, by sawing or otherwise, into blocks or slabs of a rectangular (including square) shape; talc.",2.5,2.5,5.0,
2528,I,135,"Natural borates and concentrates thereof (whether or not calcined), but not including borates separated from natural brine; natural boric acid containing not more than 85% of H3BO3 (claculated on dry weight)",2.5,2.5,5.0,
2529,I,136,"Feldspar; leucite, nepheline and nepheline syenite; fluorspar.",2.5,2.5,5.0,
2530,I,137,Mineral substances not elsewhere specified or included.,2.5,2.5,5.0,
2611,I,149,Tungsten ores and concentrates.,2.5,2.5,5.0,
2612,I,150,Uranium or thorium ores and concentrates.,2.5,2.5,5.0,
2613,I,151,Molybdenum ores and concentrates.,2.5,2.5,5.0,
2614,I,152,Titanium ores and concentrates.,2.5,2.5,5.0,
2615,I,153,"Niobium, tantalum, vanadium or zirconium ores and concentrates.",2.5,2.5,5.0,
2616,I,154,Precious metal ores and concentrates.,2.5,2.5,5.0,
2617,I,155,Other ores and concentrates,2.5,2.5,5.0,
2618,I,156,Granulated slag (slag sand) from the manufacture of iron or steel,2.5,2.5,5.0,
2621,I,156A,Fly Ash,2.5,2.5,5.0,
27,I,157,Bio-gas,2.5,2.5,5.0,
2701,I,158,"Coal; briquettes, ovoids and similar solid fuels manufactured from coal",2.5,2.5,5.0,
2702,I,159,"Lignite, whether or not agglomerated, excluding jet",2.5,2.5,5.0,
2703,I,160,"Peat (including peat litter), whether or not agglomerated",2.5,2.5,5.0,
2704,I,161,"Coke and semi coke of coal, of lignite or of peat, whether or not agglomerated; retort carbon",2.5,2.5,5.0,
2705,I,162,"Coal gas, water gas, producer gas and similar gases, other than petroleum gases and other gaseous hydrocarbons",2.5,2.5,5.0,
2710,I,164,"(a) kerosene oil PDS, (b) The following bunker fuels for use in ships or vessels, namely, i. IFO 180 CST ii. IFO 380 CST iii.Marine Fuel 0.5% (FO)",2.5,2.5,5.0,
27111200,I,165,"Liquefied Propane and Butane mixture, Liquefied Propane, Liquefied Butane and Liquefied Petroleum Gases (LPG) for supply to non- domestic exempted category (NDEC) customers by the Indian Oil Corporation Limited, Hindustan petroleum Corporation Limited or Bharat Petroleum Corporation Limited.",2.5,2.5,5.0,
27111300,I,165,"Liquefied Propane and Butane mixture, Liquefied Propane, Liquefied Butane and Liquefied Petroleum Gases (LPG) for supply to non- domestic exempted category (NDEC) customers by the Indian Oil Corporation Limited, Hindustan petroleum Corporation Limited or Bharat Petroleum Corporation Limited.",2.5,2.5,5.0,
27111900,I,165,"Liquefied Propane and Butane mixture, Liquefied Propane, Liquefied Butane and Liquefied Petroleum Gases (LPG) for supply to non- domestic exempted category (NDEC) customers by the Indian Oil Corporation Limited, Hindustan petroleum Corporation Limited or Bharat Petroleum Corporation Limited.",2.5,2.5,5.0,
27111200,I,165A,"Liquefied Propane and Butane mixture, Liquefied Propane, Liquefied Butane and Liquefied Petroleum Gases (LPG) for supply to household domestic consumers”;",2.5,2.5,5.0,
27111300,I,165A,"Liquefied Propane and Butane mixture, Liquefied Propane, Liquefied Butane and Liquefied Petroleum Gases (LPG) for supply to household domestic consumers”;",2.5,2.5,5.0,
27111900,I,165A,"Liquefied Propane and Butane mixture, Liquefied Propane, Liquefied Butane and Liquefied Petroleum Gases (LPG) for supply to household domestic consumers”;",2.5,2.5,5.0,
28,I,166,Thorium oxalate,2.5,2.5,5.0,
28,I,167,Enriched KBF4 (enriched potassium fluroborate),2.5,2.5,5.0,
28,I,168,Enriched elemental boron,2.5,2.5,5.0,
28,I,169,Nuclear fuel,2.5,2.5,5.0,
280511,I,170,Nuclear grade sodium,2.5,2.5,5.0,
2809,I,170A,Fertilizer grade phosphoric acid,2.5,2.5,5.0,
2845,I,171,Heavy water and other nuclear fuels,2.5,2.5,5.0,
2853,I,172,Compressed air,2.5,2.5,5.0,
30,I,173,Insulin,2.5,2.5,5.0,
3002,I,174,Animal or Human Blood Vaccines,2.5,2.5,5.0,
3006,I,174,Animal or Human Blood Vaccines,2.5,2.5,5.0,
30,I,175,Diagnostic kits for detection of all types of hepatitis,2.5,2.5,5.0,
30,I,176,Desferrioxamine injection or deferiprone,2.5,2.5,5.0,
30,I,177,Cyclosporin,2.5,2.5,5.0,
30,I,178,Medicaments (including veterinary medicaments) used in bio-chemic systems and not bearing a brand name,2.5,2.5,5.0,
30,I,179,Oral re-hydration salts,2.5,2.5,5.0,
30,I,180,"Drugs or medicines including their salts and esters and diagnostic test kits, specified in List 1 appended to this Schedule",2.5,2.5,5.0,
30,I,181,Formulations manufactured from the bulk drugs specified in List 2 appended to this Schedule,2.5,2.5,5.0,
30,I,181A,"Medicaments (including those used in Ayurvedic, Unani, Siddha, Homeopathic or Bio-chemic systems), manufactured exclusively in accordance with the formulae described in the authoritative books specified in the First Schedule to the Drugs and Cosmetics Act, 1940 (23 of 1940) or Homeopathic Pharmacopoeia of India or the United States of America or the United Kingdom or the German Homeopathic Pharmacopoeia, as the case may be, and sold under the name as specified in such books or pharmacopoeia",2.5,2.5,5.0,
3006,I,181B,"Ostomy appliances including pouch or flange, stoma adhesive paste, barrier cream, irrigator kit, sleeves, belt, micro-pore tapes",2.5,2.5,5.0,
3101,I,182,All goods i.e. animal or vegetable fertilisers or organic fertilisers pre-packaged and labelled,2.5,2.5,5.0,
3102,I,182A,"Mineral or chemical fertilisers, nitrogenous, other than those which are clearly not to be used as fertilizers",2.5,2.5,5.0,
3103,I,182B,"Mineral or chemical fertilisers, phosphatic, other than those which are clearly not to be used as fertilizers",2.5,2.5,5.0,
3104,I,182C,"Mineral or chemical fertilisers, potassic, other than those which are clearly not to be used as fertilizers",2.5,2.5,5.0,
3105,I,182D,"Mineral or chemical fertilisers containing two or three of the fertilising elements nitrogen, phosphorus and potassium; other fertilisers; goods of this Chapter in tablets or similar forms or in packages of a gross weight not exceeding 10 kg; other than those which are clearly not to be used as fertilizers”;",2.5,2.5,5.0,
32,I,183,"Wattle extract, quebracho extract, chestnut extract",2.5,2.5,5.0,
3202,I,184,Enzymatic preparations for pre-tanning,2.5,2.5,5.0,
33074100,I,185,"Agarbatti, lobhan, dhoop batti, dhoop, sambraani",2.5,2.5,5.0,
3402,I,186,"Sulphonated castor oil, fish oil or sperm oil",2.5,2.5,5.0,
3816,I,186A,Dolomite ramming mix,2.5,2.5,5.0,
4001,I,188,"Natural rubber, balata, gutta-percha, guayule, chicle and similar natural gums, in primary forms or in plates, sheets or strip",2.5,2.5,5.0,
40040000,I,188A,"Waste, parings or scrap of rubber (other than hard rubber)",2.5,2.5,5.0,
40113000,I,189,"New pneumatic tyres, of rubber of a kind used on aircraft",2.5,2.5,5.0,
4011,I,190,"Pneumatic tyres or inner tubes, of rubber, of a kind used on / in bicycles, cycle -rickshaws and three wheeled powered cycle rickshaws",2.5,2.5,5.0,
4013,I,190,"Pneumatic tyres or inner tubes, of rubber, of a kind used on / in bicycles, cycle -rickshaws and three wheeled powered cycle rickshaws",2.5,2.5,5.0,
4016,I,191,Erasers,2.5,2.5,5.0,
4017,I,191A,Waste or scrap of hard rubber,2.5,2.5,5.0,
4101,I,192,"Raw hides and skins of bovine (including buffalo) or equine animals (fresh, or salted, dried, limed, pickled or otherwise preserved, but not tanned, parchment-dressed or further prepared), whether or not dehaired or split",2.5,2.5,5.0,
4102,I,193,"Raw skins of sheep or lambs (fresh, or salted, dried, limed, pickled or otherwise preserved, but not tanned, parchment-dressed or further prepared), whether or not with wool on or split",2.5,2.5,5.0,
4103,I,194,"Other raw hides and skins (fresh, or salted, dried, limed, pickled or otherwise preserved, but not tanned, parchment-dressed or further prepared), whether or not dehaired or split",2.5,2.5,5.0,
4104,I,195,"Tanned or crust hides and skins of bovine (including buffalo) or equine animals, without hair on, whether or not split, but not further prepared",2.5,2.5,5.0,
4105,I,196,"Tanned or crust skins of sheep or lambs, without wool on, whether or not split, but not further prepared",2.5,2.5,5.0,
4106,I,197,"Tanned or crust hides and skins of other animals, without wool or hair on, whether or not split, but not further prepared",2.5,2.5,5.0,
4401,I,198,"Wood in chips or particles; sawdust and wood waste and scrap, whether or not agglomerated in logs, briquettes, pellets or similar forms",2.5,2.5,5.0,
4501,I,198A,"Natural cork, raw or simply prepared",2.5,2.5,5.0,
4601,I,198A A,"Manufactures of straw, of esparto or of other plaiting materials; basketware and wickerwork",2.5,2.5,5.0,
4602,I,198A A,"Manufactures of straw, of esparto or of other plaiting materials; basketware and wickerwork",2.5,2.5,5.0,
4707,I,198B,Recovered waste or scrap of paper or paperboard],2.5,2.5,5.0,
4801,I,199,"Newsprint, in rolls or sheets",2.5,2.5,5.0,
4823,I,200,"Kites, Paper mache articles",2.5,2.5,5.0,
4901,I,201,"Brochures, leaflets and similar printed matter, whether or not in single sheets",2.5,2.5,5.0,
5004,I,202,Silk yarn,2.5,2.5,5.0,
5005,I,202,Silk yarn,2.5,2.5,5.0,
5006,I,202,Silk yarn,2.5,2.5,5.0,
5007,I,203,Woven fabrics of silk or of silk waste,2.5,2.5,5.0,
5104,I,204,"Garneted stock of wool or of fine or coarse animal hair, shoddy wool",2.5,2.5,5.0,
5105,I,205,"Wool and fine or coarse animal hair, carded or combed",2.5,2.5,5.0,
5106,I,206,Yarn of wool or of animal hair,2.5,2.5,5.0,
5107,I,206,Yarn of wool or of animal hair,2.5,2.5,5.0,
5108,I,206,Yarn of wool or of animal hair,2.5,2.5,5.0,
5109,I,206,Yarn of wool or of animal hair,2.5,2.5,5.0,
5110,I,206,Yarn of wool or of animal hair,2.5,2.5,5.0,
5111,I,207,Woven fabrics of wool or of animal hair,2.5,2.5,5.0,
5112,I,207,Woven fabrics of wool or of animal hair,2.5,2.5,5.0,
5113,I,207,Woven fabrics of wool or of animal hair,2.5,2.5,5.0,
5201,I,208,Cotton and Cotton waste,2.5,2.5,5.0,
5202,I,208,Cotton and Cotton waste,2.5,2.5,5.0,
5203,I,208,Cotton and Cotton waste,2.5,2.5,5.0,
5204,I,209,"Cotton sewing thread, whether or not put up for retail sale",2.5,2.5,5.0,
5205,I,210,Cotton yarn [other than khadi yarn],2.5,2.5,5.0,
5206,I,210,Cotton yarn [other than khadi yarn],2.5,2.5,5.0,
5207,I,210,Cotton yarn [other than khadi yarn],2.5,2.5,5.0,
5208,I,211,Woven fabrics of cotton,2.5,2.5,5.0,
5209,I,211,Woven fabrics of cotton,2.5,2.5,5.0,
5210,I,211,Woven fabrics of cotton,2.5,2.5,5.0,
5211,I,211,Woven fabrics of cotton,2.5,2.5,5.0,
5212,I,211,Woven fabrics of cotton,2.5,2.5,5.0,
5301,I,212,"All goods i.e. flax, raw or processed but not spun; flax tow and waste (including yarn waste and garneted stock)",2.5,2.5,5.0,
5302,I,213,"True hemp (Cannabis sativa L), raw or processed but not spun; tow and waste of true hemp (including yarn waste and garneted stock)",2.5,2.5,5.0,
5303,I,214,"All goods i.e. textile bast fibres [other than jute fibres, raw or processed but not spun]; tow and waste of these fibres (including yarn waste and garneted stock)",2.5,2.5,5.0,
5305,I,215,"All goods other than coconut coir fibre] including yarn of flax, jute, other textile bast fibres, other vegetable textile fibres; paper yarn, [including coir pith compost pre-packaged and labelled.",2.5,2.5,5.0,
5306,I,215,"All goods other than coconut coir fibre] including yarn of flax, jute, other textile bast fibres, other vegetable textile fibres; paper yarn, [including coir pith compost pre-packaged and labelled.",2.5,2.5,5.0,
5307,I,215,"All goods other than coconut coir fibre] including yarn of flax, jute, other textile bast fibres, other vegetable textile fibres; paper yarn, [including coir pith compost pre-packaged and labelled.",2.5,2.5,5.0,
5308,I,215,"All goods other than coconut coir fibre] including yarn of flax, jute, other textile bast fibres, other vegetable textile fibres; paper yarn, [including coir pith compost pre-packaged and labelled.",2.5,2.5,5.0,
5309,I,216,"Woven fabrics of other vegetable textile fibres, paper yarn",2.5,2.5,5.0,
5310,I,216,"Woven fabrics of other vegetable textile fibres, paper yarn",2.5,2.5,5.0,
5311,I,216,"Woven fabrics of other vegetable textile fibres, paper yarn",2.5,2.5,5.0,
5407,I,217,Woven fabrics of manmade textile materials,2.5,2.5,5.0,
5408,I,217,Woven fabrics of manmade textile materials,2.5,2.5,5.0,
5512,I,218,Woven fabrics of manmade staple fibres,2.5,2.5,5.0,
5513,I,218,Woven fabrics of manmade staple fibres,2.5,2.5,5.0,
5514,I,218,Woven fabrics of manmade staple fibres,2.5,2.5,5.0,
5515,I,218,Woven fabrics of manmade staple fibres,2.5,2.5,5.0,
5516,I,218,Woven fabrics of manmade staple fibres,2.5,2.5,5.0,
56050010,I,218A,"Real zari thread (gold) and silver thread, combined with textile thread",2.5,2.5,5.0,
5607,I,218B,"Jute twine, coir cordage or ropes",2.5,2.5,5.0,
5608,I,218C,"Knotted netting of twine, cordage or rope; made up fishing nets and other made up nets, of textile materials",2.5,2.5,5.0,
5609,I,218D,Products of coir,2.5,2.5,5.0,
5702,I,219,"Coir mats, matting, floor covering and handloom durries",2.5,2.5,5.0,
5703,I,219,"Coir mats, matting, floor covering and handloom durries",2.5,2.5,5.0,
5705,I,219,"Coir mats, matting, floor covering and handloom durries",2.5,2.5,5.0,
5801,I,219A,All goods,2.5,2.5,5.0,
5806,I,219A A,"Narrow woven fabrics, other than goods of heading 5807; narrow fabrics consisting of warp without weft assembled by means of an adhesive (bolducs)",2.5,2.5,5.0,
5808,I,219B,Saree fall,2.5,2.5,5.0,
5809,I,220,"Embroidery or zari articles, that is to say,- imi, zari, kasab, salma, dabka, chumki, gota, sitara, naqsi, kora, glass beads, badla, gizai",2.5,2.5,5.0,
5810,I,220,"Embroidery or zari articles, that is to say,- imi, zari, kasab, salma, dabka, chumki, gota, sitara, naqsi, kora, glass beads, badla, gizai",2.5,2.5,5.0,
60,I,221,Knitted or crocheted fabrics [All goods],2.5,2.5,5.0,
61,I,222,"Article of apparel and clothing accessories or cap/topi, knitted or crocheted, of sale value not exceeding Rs 1000 per piece",2.5,2.5,5.0,
6501,I,222,"Article of apparel and clothing accessories or cap/topi, knitted or crocheted, of sale value not exceeding Rs 1000 per piece",2.5,2.5,5.0,
6505,I,222,"Article of apparel and clothing accessories or cap/topi, knitted or crocheted, of sale value not exceeding Rs 1000 per piece",2.5,2.5,5.0,
62,I,223,"Articles of apparel and clothing accessories, not knitted or crocheted, of sale value not exceeding Rs. 1000 per piece",2.5,2.5,5.0,
63,I,224,"Other made up textile articles, sets, of sale value not exceeding Rs. 1000 per piece",2.5,2.5,5.0,
6309,I,224A,Worn clothing and other worn articles; rags,2.5,2.5,5.0,
6310,I,224A,Worn clothing and other worn articles; rags,2.5,2.5,5.0,
66020000,I,225A,Walking-sticks including seat sticks,2.5,2.5,5.0,
7001,I,228A,Cullet or other waste or scrap of glass,2.5,2.5,5.0,
7018,I,229,Glass beads.,2.5,2.5,5.0,
84071000,I,230A,Aircraft engines,2.5,2.5,5.0,
8411,I,230A,Aircraft engines,2.5,2.5,5.0,
8413,I,231,Hand pumps and parts thereof,2.5,2.5,5.0,
841391,I,231,Hand pumps and parts thereof,2.5,2.5,5.0,
8504,I,234B,Charger or charging station for Electrically operated vehicles,2.5,2.5,5.0,
87,I,242A,"Electrically operated vehicles, including two and three wheeled electric vehicles. Explanation .- For the purposes of this entry, “Electrically operated vehicles” means vehicles which are run solely on electrical energy derived from an external source or from one or more electrical batteries fitted to such road vehicles and shall include E- bicycles.",2.5,2.5,5.0,
8713,I,243,"Carriages for disabled persons, whether or not motorised or otherwise mechanically propelled",2.5,2.5,5.0,
871420,I,243A,Parts and accessories of carriage for disabled persons],2.5,2.5,5.0,
88,I,243B,"Scientific and technical instruments, apparatus, equipment, accessories, parts, components, spares, tools, mock ups and modules, raw material and consumables required for launch vehicles and satellites and payloads",2.5,2.5,5.0,
8802,I,244,"Other aircraft (for example, helicopters, aeroplanes) except the items covered in Sl. No. 383 in Schedule III, other than for personal use",2.5,2.5,5.0,
8806,I,244,"Other aircraft (for example, helicopters, aeroplanes) except the items covered in Sl. No. 383 in Schedule III, other than for personal use",2.5,2.5,5.0,
8807,I,245,Parts of goods of heading 8802 or 8806 (except parts of items covered in Sl. No. 383 in Schedule III),2.5,2.5,5.0,
8901,I,246,"Cruise ships, excursion boats, ferry-boats, cargo ships, barges and similar vessels for the transport of persons or goods",2.5,2.5,5.0,
8902,I,247,Fishing vessels; factory ships and other vessels for processing or preserving fishery products,2.5,2.5,5.0,
8904,I,248,Tugs and pusher craft,2.5,2.5,5.0,
8905,I,249,"Light-vessels, fire-floats, dredgers, floating cranes and other vessels the navigability of which is subsidiary to their main function; floating docks; floating or submersible drilling or production platforms",2.5,2.5,5.0,
8906,I,250,"Other vessels, including warships and lifeboats other than rowing boats",2.5,2.5,5.0,
8907,I,251,"Other floating structures (for example, rafts, tanks, coffer- dams, landing-stages, buoys and beacons)",2.5,2.5,5.0,
90,I,253,Coronary stents and coronary stent systems for use with cardiac catheters,2.5,2.5,5.0,
90,I,254,Artificial kidney,2.5,2.5,5.0,
90,I,255,Disposable sterilized dialyzer or micro barrier of artificial kidney,2.5,2.5,5.0,
84,I,255,Disposable sterilized dialyzer or micro barrier of artificial kidney,2.5,2.5,5.0,
9021,I,255A,"Orthopaedic appliances, such as crutches, surgical belts, and trusses; Splints and other fracture appliances; artificial parts of the body; other appliances which are worn or carried, or implanted in the body, to compensate for a defect or disability; intraocular lens [other than hearing aids]”;",2.5,2.5,5.0,
90,I,256,"Parts of the following goods, namely:- (i) Crutches; (ii) Wheel chairs; (iii) Walking frames; (iv) Tricycles; (v) Braillers; and (vi) Artificial limbs",2.5,2.5,5.0,
90,I,257,"Assistive devices, rehabilitation aids and other goods for disabled, specified in List 3 appended to this Schedule",2.5,2.5,5.0,
9404,I,257A,Cotton quilts of sale value not exceeding Rs. 1000 per piece,2.5,2.5,5.0,
94011000,I,257B,Aircraft seats,2.5,2.5,5.0,
9405,I,258,Kerosene pressure lantern,2.5,2.5,5.0,
94059100,I,259,Parts of kerosene pressure lanterns including gas mantles,2.5,2.5,5.0,
94059200,I,259,Parts of kerosene pressure lanterns including gas mantles,2.5,2.5,5.0,
94059900,I,259,Parts of kerosene pressure lanterns including gas mantles,2.5,2.5,5.0,
9503,I,259A,Toy ballons made of natural rubber latex],2.5,2.5,5.0,
9507,I,259B,Fishing hooks,2.5,2.5,5.0,
9601,I,259C,Worked corals other than articles of coral,2.5,2.5,5.0,
9603,I,260,"Broomsticks [other than brooms consisting of twigs or other vegetable materials bound together, with or without handles",2.5,2.5,5.0,
9704,I,261,"Postage or revenue stamps, stamp-postmarks, first-day covers, postal stationery (stamped paper), and the like, used or unused, other than those of heading 4907",2.5,2.5,5.0,
9705,I,262,Numismatic coins,2.5,2.5,5.0,
9804,I,263,"Drugs or medicines including their salts and esters and diagnostic test kits specified at S.No.180 above and Formulations specified at S.No.181 above, intended for personal use.",2.5,2.5,5.0,
4601,I,7*,"Mats, matting and screens of vegetable material, basketwork, wickerwork and other articles of vegetable materials or other plaiting material, articles of loofah (including of bamboo, rattan, canes and other natural fibres, dry flowers (naturally dried), articles thereof, ringal, raambaan article, shola items, Kouna/chumthang (water reeds) crafts, articles of Water hyacinth, korai mat]",2.5,2.5,5.0,
4602,I,7*,"Mats, matting and screens of vegetable material, basketwork, wickerwork and other articles of vegetable materials or other plaiting material, articles of loofah (including of bamboo, rattan, canes and other natural fibres, dry flowers (naturally dried), articles thereof, ringal, raambaan article, shola items, Kouna/chumthang (water reeds) crafts, articles of Water hyacinth, korai mat]",2.5,2.5,5.0,
4823,I,8*,Articles made of paper mache,2.5,2.5,5.0,
5607,I,9*,Coir articles,2.5,2.5,5.0,
5609,I,9*,Coir articles,2.5,2.5,5.0,
56090020,I,10*,"Toran, Doorway Decoration made from cotton yarn or woollen yarn and aabhala (mirror) with or without hanging flaps",2.5,2.5,5.0,
56090090,I,10*,"Toran, Doorway Decoration made from cotton yarn or woollen yarn and aabhala (mirror) with or without hanging flaps",2.5,2.5,5.0,
57,I,11*,Handmade carpets and other handmade textile floor coverings (including namda/gabba),2.5,2.5,5.0,
58043000,I,12*,Handmade lace,2.5,2.5,5.0,
5805,I,13*,Hand-woven tapestries,2.5,2.5,5.0,
580810,I,14*,Hand-made braids and ornamental trimming in the piece,2.5,2.5,5.0,
5810,I,15*,Hand embroidered articles,2.5,2.5,5.0,
6117,I,16*,Handmade/hand embroidered shawls of sale value not exceeding Rs. 1000 per piece,2.5,2.5,5.0,
6214,I,16*,Handmade/hand embroidered shawls of sale value not exceeding Rs. 1000 per piece,2.5,2.5,5.0,
701810,I,23*,"Bangles, beads and small ware",2.5,2.5,5.0,
01012100,II,1,Live horses,6.0,6.0,12.0,
010129,II,1,Live horses,6.0,6.0,12.0,
04029110,II,11,Condensed milk,6.0,6.0,12.0,
04029920,II,11,Condensed milk,6.0,6.0,12.0,
0405,II,12,"Butter and other fats (i.e. ghee, butter oil, etc.) and oils derived from milk; dairy spreads",6.0,6.0,12.0,
0406,II,13,Cheese,6.0,6.0,12.0,
0801,II,14,"Brazil nuts, dried, whether or not Shelled or Peeled",6.0,6.0,12.0,
0802,II,15,"Other nuts, dried, whether or not shelled or peeled, such as Almonds, Hazelnuts or filberts (Corylus spp.), Chestnuts (Castanea spp.), Pistachios, Macadamia nuts, Kola nuts (Cola spp.), Pine nuts [other than dried areca nuts]",6.0,6.0,12.0,
0804,II,16,"Dates (soft or hard), figs, pineapples, avocados, guavas ,mangoes (other than mangoes sliced, dried) and mangosteens, dried.",6.0,6.0,12.0,
0805,II,16A,"Citrus fruit, such as Oranges, Mandarins (including tangerines and satsumas); clementines, wilkings and similar citrus hybrids, Grapefruit, including pomelos, Lemons (Citrus limon, Citrus limonum) and limes (Citrus aurantifolia, Citrus latifolia), dried”;",6.0,6.0,12.0,
0813,II,17,"Fruit, dried, other than that of headings 0801 to 0806; mixtures of nuts or dried fruits of Chapter 8 [other than dried tamarind and dried chestnut (singhada) whether or not shelled or peeled",6.0,6.0,12.0,
1108,II,18,Starches; inulin,6.0,6.0,12.0,
1501,II,19,"Pig fats (including lard) and poultry fat, other than that of heading 0209 or 1503",6.0,6.0,12.0,
1502,II,20,"Fats of bovine animals, sheep or goats, other than those of heading 1503",6.0,6.0,12.0,
1503,II,21,"Lard stearin, lard oil, oleo stearin, oleo-oil and tallow oil, not emulsified or mixed or otherwise prepared",6.0,6.0,12.0,
1504,II,22,"Fats and oils and their fractions, of fish or marine mammals, whether or not refined, but not chemically modified",6.0,6.0,12.0,
1505,II,23,Wool grease and fatty substances derived therefrom (including lanolin),6.0,6.0,12.0,
1506,II,24,"Other animal fats and oils and their fractions, whether or not refined, but not chemically modified",6.0,6.0,12.0,
1516,II,25,"Animal or microbial fats and animal or microbial oils and their fractions, partly or wholly hydrogenated, inter-esterified, re- esterified or elaidinised, whether or not refined, but not further prepared",6.0,6.0,12.0,
1517,II,26,"Edible mixtures or preparations of animal fats or microbial fats or animal oils or microbial oils or of fractions of different animal fats or microbial fats or animal oils or microbial oils of this Chapter, other than edible fats or oils or their fractions of heading 1516",6.0,6.0,12.0,
1518,II,27,"Animal or microbial fats and animal or microbial oils and their fractions, boiled, oxidised, dehydrated, sulphurised, blown, polymerised by heat in vacuum or in inert gas or otherwise chemically modified, excluding those of heading 1516; inedible mixtures or preparations of animal, vegetable or microbial fats or oils or of fractions of different fats or oils of this chapter, not elsewhere specified of included",6.0,6.0,12.0,
1601,II,28,"Sausages and similar products, of meat, meat offal, blood or insects; food preparations based on these products",6.0,6.0,12.0,
1602,II,29,"Other prepared or preserved meat, meat offal, blood or insects",6.0,6.0,12.0,
1603,II,30,"Extracts and juices of meat, fish or crustaceans, molluscs or other aquatic invertebrates",6.0,6.0,12.0,
1604,II,31,Prepared or preserved fish; caviar and caviar substitutes prepared from fish eggs,6.0,6.0,12.0,
1605,II,32,"Crustaceans, molluscs and other aquatic invertebrates prepared or preserved",6.0,6.0,12.0,
170191,II,32A,"All goods, including refined sugar containing added flavouring or colouring matter, sugar cubes (other than those which attract 5% or nil GST)",6.0,6.0,12.0,
170199,II,32A,"All goods, including refined sugar containing added flavouring or colouring matter, sugar cubes (other than those which attract 5% or nil GST)",6.0,6.0,12.0,
1704,II,32AA,Sugar boiled confectionery,6.0,6.0,12.0,
1902,II,32B,"Pasta, whether or not cooked or stuffed (with meat or other substances) or otherwise prepared, such as spaghetti, macaroni, noodles, lasagne, gnocchi, ravioli, cannelloni; couscous, whether or not prepared]",6.0,6.0,12.0,
2001,II,33,"Vegetables, fruit, nuts and other edible parts of plants, prepared or preserved by vinegar or acetic acid",6.0,6.0,12.0,
2002,II,34,Tomatoes prepared or preserved otherwise than by vinegar or acetic acid,6.0,6.0,12.0,
2003,II,35,"Mushrooms and truffles, prepared or preserved otherwise than by vinegar or acetic acid",6.0,6.0,12.0,
2004,II,36,"Other vegetables prepared or preserved otherwise than by vinegar or acetic acid, frozen, other than products of heading 2006",6.0,6.0,12.0,
2005,II,37,"Other vegetables prepared or preserved otherwise than by vinegar or acetic acid, not frozen, other than products of heading 2006",6.0,6.0,12.0,
2006,II,38,"Vegetables, fruit, nuts, fruit-peel and other parts of plants, preserved by sugar (drained, glacé or crystallised)",6.0,6.0,12.0,
2007,II,39,"Jams, fruit jellies, marmalades, fruit or nut purée and fruit or nut pastes, obtained by cooking, whether or not containing added sugar or other sweetening matter",6.0,6.0,12.0,
2008,II,40,"Fruit, nuts and other edible parts of plants, otherwise prepared or preserved, whether or not containing added sugar or other sweetening matter or spirit, not elsewhere specified or included; such as Ground-nuts, Cashew nut, roasted, salted or roasted and salted, Other roasted nuts and seeds, squash of Mango, Lemon, Orange, Pineapple or other fruits",6.0,6.0,12.0,
2009,II,41,"Fruit or nut juices (including grape must) and vegetable juices, unfermented and not containing added spirit, whether or not containing added sugar or other sweetening matter",6.0,6.0,12.0,
20098990,II,41A,Tender coconut water pre-packaged and labelled.,6.0,6.0,12.0,
210130,II,42,"Roasted chicory and other roasted coffee substitutes, and extracts, essences and concentrates thereof",6.0,6.0,12.0,
2102,II,43,"Yeasts (active and inactive); other single cell micro-organisms, dead (but not including vaccines of heading 3002); prepared baking powders",6.0,6.0,12.0,
2103,II,44,"All goods, including Sauces and preparations therefor, mixed condiments and mixed seasonings; mustard flour and meal and prepared mustard, Curry paste, mayonnaise and salad dressings",6.0,6.0,12.0,
2106,II,45,"Texturised vegetable proteins (soya bari), Bari made of pulses including mungodi and batters,",6.0,6.0,12.0,
210690,II,46,"Namkeens, bhujia, mixture, chabena and similar edible preparations in ready for consumption form (other than roasted gram) pre-packaged and labelled.",6.0,6.0,12.0,
21069091,II,46A,Diabetic foods,6.0,6.0,12.0,
2201,II,46B,Drinking water packed in 20 litre bottles,6.0,6.0,12.0,
22029910,II,47,Soya milk drinks,6.0,6.0,12.0,
22029920,II,48,Fruit pulp or fruit juice based drinks [other than Carbonated Beverages of Fruit Drink or Carbonated Beverages with Fruit Juice],6.0,6.0,12.0,
22029930,II,50,Beverages containing milk,6.0,6.0,12.0,
25151210,II,51,Marble and travertine blocks,6.0,6.0,12.0,
2516,II,52,Granite blocks,6.0,6.0,12.0,
28,II,53,Anaesthetics,6.0,6.0,12.0,
28,II,54,Potassium Iodate,6.0,6.0,12.0,
28,II,55,Steam,6.0,6.0,12.0,
28,II,56,"Micronutrients, which are covered under serial number 1(g) of Schedule 1, Part (A) of the Fertilizer Control Order, 1985 and are manufactured by the manufacturers which are registered under the Fertilizer Control Order, 1985",6.0,6.0,12.0,
38,II,56,"Micronutrients, which are covered under serial number 1(g) of Schedule 1, Part (A) of the Fertilizer Control Order, 1985 and are manufactured by the manufacturers which are registered under the Fertilizer Control Order, 1985",6.0,6.0,12.0,
280120,II,57,Iodine,6.0,6.0,12.0,
28044010,II,57A,Medical grade oxygen,6.0,6.0,12.0,
2847,II,58,Medicinal grade hydrogen peroxide,6.0,6.0,12.0,
29,II,59,Gibberellic acid,6.0,6.0,12.0,
380893,II,59,Gibberellic acid,6.0,6.0,12.0,
3001,II,60,"Glands and other organs for organo- therapeutic uses, dried, whether or not powdered; extracts of glands or other organs or of their secretions for organo-therapeutic uses; heparin and its salts; other human or animal substances prepared for therapeutic or prophylactic uses, not elsewhere specified or included",6.0,6.0,12.0,
3002,II,61,"Animal blood prepared for therapeutic, prophylactic or diagnostic uses; antisera and other blood fractions and modified immunological products, whether or not obtained by means of biotechnological processes; toxins, cultures of micro- organisms (excluding yeasts) and similar products",6.0,6.0,12.0,
3003,II,62,"Medicaments (excluding goods of heading 30.02, 30.05 or 30.06) consisting of two or more constituents which have been mixed together for therapeutic or prophylactic uses, not put up in measured doses or in forms or packings for retail sale, including Ayurvaedic, Unani, Siddha, homoeopathic or Bio-chemic systems medicaments",6.0,6.0,12.0,
3004,II,63,"Medicaments (excluding goods of heading 30.02, 30.05 or 30.06) consisting of mixed or unmixed products for therapeutic or prophylactic uses, put up in measured doses (including those in the form of transdermal administration systems) or in forms or packings for retail sale, including Ayurvaedic, Unani, homoeopathic siddha or Bio-chemic systems medicaments, put up for retail sale",6.0,6.0,12.0,
3005,II,64,"Wadding, gauze, bandages and similar articles (for example, dressings, adhesive plasters, poultices), impregnated or coated with pharmaceutical substances or put up in forms or packings for retail sale for medical, surgical, dental or veterinary purposes",6.0,6.0,12.0,
3006,II,65,"Pharmaceutical goods specified in Note 4 to this Chapter [i.e. Sterile surgical catgut, similar sterile suture materials (including sterile absorbable surgical or dental yarns) and sterile tissue adhesives for surgical wound closure; sterile laminaria and sterile laminaria tents; sterile absorbable surgical or dental haemostatics; sterile surgical or denatal adhesion barriers, whether or not absorbable; Waste pharmaceuticals] [other than contraceptives] and Ostomy appliances]",6.0,6.0,12.0,
33061010,II,72,Tooth powder,6.0,6.0,12.0,
33074100,II,73,"Odoriferous preparations which operate by burning [other than Agarbattis, lobhan, dhoop batti, dhoop, sambhrani",6.0,6.0,12.0,
29,II,74,"Following goods namely:- a. Menthol and menthol crystals, b. Peppermint (Mentha Oil), c. Fractionated / de-terpenated mentha oil (DTMO), d. De-mentholised oil (DMO), e. Spearmint oil, f. Mentha piperita oil",6.0,6.0,12.0,
30,II,74,"Following goods namely:- a. Menthol and menthol crystals, b. Peppermint (Mentha Oil), c. Fractionated / de-terpenated mentha oil (DTMO), d. De-mentholised oil (DMO), e. Spearmint oil, f. Mentha piperita oil",6.0,6.0,12.0,
3301,II,74,"Following goods namely:- a. Menthol and menthol crystals, b. Peppermint (Mentha Oil), c. Fractionated / de-terpenated mentha oil (DTMO), d. De-mentholised oil (DMO), e. Spearmint oil, f. Mentha piperita oil",6.0,6.0,12.0,
3406,II,75,"Candles, tapers and the like",6.0,6.0,12.0,
36050010,II,75A,All goods,6.0,6.0,12.0,
3701,II,76,Photographic plates and film for x-ray for medical use,6.0,6.0,12.0,
3705,II,77,"Photographic plates and films, exposed and developed, other than cinematographic film",6.0,6.0,12.0,
3706,II,78,"Photographic plates and films, exposed and developed, whether or not incorporating sound track or consisting only of sound track, other than feature films.",6.0,6.0,12.0,
3808,II,78A,"The following Bio-pesticides, namely - 1 Bacillus thuringiensis var. israelensis 2 Bacillus thuringiensis var. kurstaki 3 Bacillus thuringiensis var. galleriae 4 Bacillus sphaericus 5 Trichoderma viride 6 Trichoderma harzianum 7 Pseudomonas fluoresens 8 Beauveriabassiana 9 NPV of Helicoverpaarmigera 10 NPV of Spodopteralitura 11 Neem based pesticides 12 Cymbopogan",6.0,6.0,12.0,
3818,II,79,Silicon wafers,6.0,6.0,12.0,
3822,II,80,All diagnostic kits and reagents,6.0,6.0,12.0,
3826,II,80A,Bio-diesel (other than bio-diesel supplied to Oil Marketing Companies for blending with High Speed Diesel),6.0,6.0,12.0,
3926,II,81,Feeding bottles,6.0,6.0,12.0,
3926,II,82,Plastic beads,6.0,6.0,12.0,
4007,II,83,Latex Rubber Thread,6.0,6.0,12.0,
4014,II,84,Nipples of feeding bottles,6.0,6.0,12.0,
4015,II,85,Surgical rubber gloves or medical examination rubber gloves,6.0,6.0,12.0,
4016,II,85A,Rubber bands,6.0,6.0,12.0,
4107,II,85B,"Leather further prepared after tanning or crusting, including parchment-dressed leather, of bovine (including buffalo) or equine animals, without hair on, whether or not split, other than leather of heading 4114",6.0,6.0,12.0,
4112,II,85C,"Leather further prepared after tanning or crusting, including parchment-dressed leather, of sheep or lamb, without wool on, whether or not split, other than leather of heading 4114",6.0,6.0,12.0,
4113,II,85D,"Leather further prepared after tanning or crusting, including parchment-dressed leather, of other animals, without wool or hair on, whether or not split, other than leather of heading 4114",6.0,6.0,12.0,
4114,II,85E,Chamois (including combination chamois) leather; patent leather and patent laminated leather; metallised leather,6.0,6.0,12.0,
4115,II,85F,"Composition leather with a basis of leather or leather fibre, in slabs, sheets or strip, whether or not in rolls; parings and other waste of leather or of composition leather, not suitable for the manufacture of leather articles; leather dust, powder and flour”",6.0,6.0,12.0,
42022220,II,89,"Hand bags and shopping bags, of cotton",6.0,6.0,12.0,
42022230,II,90,"Hand bags and shopping bags, of jute",6.0,6.0,12.0,
4203,II,91,Gloves specially designed for use in sports,6.0,6.0,12.0,
44,II,92,"The following goods, namely: — a. Cement Bonded Particle Board; b. Jute Particle Board; c. Rice Husk Board; d. Glass-fibre Reinforced Gypsum Board (GRG) e. Sisal-fibre Boards; f. Bagasse Board; and g. Cotton Stalk Particle Board h. Particle/fibre board manufactured from agricultural crop residues",6.0,6.0,12.0,
44,II,92A,"Idols of wood, stone [including marble] and metals [other than those made of precious metals",6.0,6.0,12.0,
68,II,92A,"Idols of wood, stone [including marble] and metals [other than those made of precious metals",6.0,6.0,12.0,
83,II,92A,"Idols of wood, stone [including marble] and metals [other than those made of precious metals",6.0,6.0,12.0,
4404,II,93,"Hoopwood; split poles; piles, pickets and stakes of wood, pointed but not sawn lengthwise; wooden sticks, roughly trimmed but not turned, bent or otherwise worked, suitable for the manufacture of walking- sticks, umbrellas, tool handles or the like",6.0,6.0,12.0,
4405,II,94,Wood wool; wood flour,6.0,6.0,12.0,
4406,II,95,Railway or tramway sleepers (cross-ties) of wood,6.0,6.0,12.0,
4408,II,96,"Sheets for veneering (including those obtained by slicing laminated wood), for plywood or for similar laminated wood and other wood, sawn lengthwise, sliced or peeled, whether or not planed, sanded, spliced or end-jointed, of a thickness not exceeding 6 mm [for match splints]",6.0,6.0,12.0,
4409,II,96A,Bamboo flooring,6.0,6.0,12.0,
4415,II,97,"Packing cases, boxes, crates, drums and similar packings, of wood; cable-drums of wood; pallets, box pallets and other load boards, of wood; pallet collars of wood",6.0,6.0,12.0,
4416,II,98,"Casks, barrels, vats, tubs and other coopers’ products and parts thereof, of wood, including staves",6.0,6.0,12.0,
4417,II,99,"Tools, tool bodies, tool handles, broom or brush bodies and handles, of wood; boot or shoe lasts and trees, of wood",6.0,6.0,12.0,
4418,II,99A,Bamboo wood building joinery,6.0,6.0,12.0,
4419,II,99B,Tableware and Kitchenware of wood],6.0,6.0,12.0,
4420,II,100,"Wood marquetry and inlaid wood; caskets and cases for jewellery or cutlery, and similar articles, of wood; statuettes and other ornaments, of wood; wooden articles of furniture not falling in Chapter 94",6.0,6.0,12.0,
4421,II,101,"Other articles of wood; such as clothes hangers, Spools, cops, bobbins, sewing thread reels and the like of turned wood for various textile machinery, Match splints, Pencil slats, Parts of wood, namely oars, paddles and rudders for ships, boats and other similar floating structures, Parts of domestic decorative articles used as tableware and kitchenware [other than Wood paving blocks, articles of densified wood not elsewhere included or specified, Parts of domestic decorative articles used as tableware and kitchenware",6.0,6.0,12.0,
45020000,II,101A,"Natural cork, debacked or roughly squared, or in rectangular (including square) blocks, plates, sheets or strip (including sharp-edged blanks for corks or stoppers)",6.0,6.0,12.0,
4503,II,101B,"Articles of natural cork such as Corks and Stoppers, Shuttlecock cork bottom",6.0,6.0,12.0,
4504,II,101C,Agglomerated cork (with or without a binding substance) and articles of agglomerated cork,6.0,6.0,12.0,
4701,II,105,Mechanical wood pulp,6.0,6.0,12.0,
4702,II,106,"Chemical wood pulp, dissolving grades",6.0,6.0,12.0,
4703,II,107,"Chemical wood pulp, soda or sulphate, other than dissolving grades",6.0,6.0,12.0,
4704,II,108,"Chemical wood pulp, sulphite, other than dissolving grades",6.0,6.0,12.0,
4705,II,109,Wood pulp obtained by a combination of mechanical and chemical pulping processes,6.0,6.0,12.0,
4706,II,110,Pulps of fibres derived from recovered (waste and scrap) paper or paperboard or of other fibrous cellulosic material,6.0,6.0,12.0,
4802,II,112,"Uncoated paper and paperboard, of a kind used for writing, printing or other graphic purposes, and non-perforated punch-cards and punch tape paper, in rolls or rectangular (including square) sheets, of any size, other than paper of heading 4801 or 4803; hand- made paper and paperboard",6.0,6.0,12.0,
4804,II,113,"Uncoated kraft paper and paperboard, in rolls or sheets, other than that of heading 4802 or 4803",6.0,6.0,12.0,
4805,II,114,"Other uncoated paper and paperboard, in rolls or sheets, not further worked or processed than as specified in Note 3 to this Chapter",6.0,6.0,12.0,
48062000,II,115,Greaseproof papers,6.0,6.0,12.0,
48064010,II,116,Glassine papers,6.0,6.0,12.0,
4807,II,117,"Composite paper and paperboard (made by sticking flat layers of paper or paperboard together with an adhesive), not surface- coated or impregnated, whether or not internally reinforced, in rolls or sheets",6.0,6.0,12.0,
4808,II,118,"Paper and paperboard, corrugated (with or without glued flat surface sheets), creped, crinkled, embossed or perforated, in rolls or sheets, other than paper of the kind described in heading 4803",6.0,6.0,12.0,
4810,II,119,"Paper and paperboard, coated on one or both sides with kaolin (China clay) or other inorganic substances, with or without a binder, and with no other coating, whether or not surface-coloured, surface-decorated or printed, in rolls or rectangular (including square) sheets of any size",6.0,6.0,12.0,
481730,II,121,"Boxes, pouches, wallets and writing compendiums, of paper or paperboard, containing an assortment of paper stationery",6.0,6.0,12.0,
4820,II,123,"Exercise book, graph book, & laboratory note book and notebooks",6.0,6.0,12.0,
4823,II,124,Paper pulp moulded trays,6.0,6.0,12.0,
48,II,125,"Paper splints for matches, whether or not waxed, Asphaltic roofing sheets",6.0,6.0,12.0,
4905,II,125A,"Maps and hydrographic or similar charts of all kinds, including atlases, wall maps, topographical plans and globes, printed.",6.0,6.0,12.0,
5401,II,[132A,"Sewing thread of manmade filaments, whether or not put up for retail sale",6.0,6.0,12.0,
5402,II,132B,Synthetic or artificial filament yarns,6.0,6.0,12.0,
5403,II,132B,Synthetic or artificial filament yarns,6.0,6.0,12.0,
5404,II,132B,Synthetic or artificial filament yarns,6.0,6.0,12.0,
5405,II,132B,Synthetic or artificial filament yarns,6.0,6.0,12.0,
5406,II,132B,Synthetic or artificial filament yarns,6.0,6.0,12.0,
5508,II,132C,Sewing thread of manmade staple fibres,6.0,6.0,12.0,
5509,II,132D,Yarn of manmade staple fibres,6.0,6.0,12.0,
5510,II,132D,Yarn of manmade staple fibres,6.0,6.0,12.0,
5511,II,132D,Yarn of manmade staple fibres,6.0,6.0,12.0,
5601,II,133,Wadding of textile materials and articles thereof; such as Absorbent cotton wool except cigarette filter rods,6.0,6.0,12.0,
5602,II,134,"Felt, whether or not impregnated, coated, covered or laminated",6.0,6.0,12.0,
5603,II,135,"Nonwovens, whether or not impregnated, coated, covered or laminated",6.0,6.0,12.0,
5604,II,136,"Rubber thread and cord, textile covered; textile yarn, and strip and the like of heading 5404 or 5405, impregnated, coated, covered or sheathed with rubber or plastics",6.0,6.0,12.0,
5605,II,137,"Metallised yarn, whether or not gimped, being textile yarn, or strip or the like of heading 5404 or 5405, combined with metal in the form of thread, strip or powder or covered with metal;",6.0,6.0,12.0,
5606,II,138,"Gimped yarn, and strip and the like of heading 5404 or 5405, gimped (other than those of heading 5605 and gimped horsehair yarn); chenille yarn (including flock chenille yarn); loop wale-yarn",6.0,6.0,12.0,
5607,II,139,"Twine, cordage, ropes and cables, whether or not plaited or braided and whether or not impregnated, coated, covered or sheathed with rubber or plastics",6.0,6.0,12.0,
5609,II,141,"Articles of yarn, strip or the like of heading 5404 or 5405, twine, cordage, rope or cables, not elsewhere specified or included other than products of coir",6.0,6.0,12.0,
5701,II,142,"Carpets and other textile floor coverings, knotted, whether or not made up",6.0,6.0,12.0,
5702,II,143,"Carpets and other textile floor coverings, woven, not tufted or flocked, whether or not made up, including “Kelem”, “Schumacks”, “Karamanie” and similar hand-woven rugs",6.0,6.0,12.0,
5703,II,144,"Carpets and other textile floor coverings, tufted, whether or not made up",6.0,6.0,12.0,
5704,II,145,"Carpets and other textile floor coverings, of felt, not tufted or flocked, whether or not made up",6.0,6.0,12.0,
5705,II,146,"Other carpets and other textile floor coverings, whether or not made up; such as Mats and mattings including Bath Mats, where cotton predominates by weight, of Handloom, Cotton Rugs of handloom except the items covered in 219 in Schedule I",6.0,6.0,12.0,
5802,II,148,"Terry towelling and similar woven terry fabrics, other than narrow fabrics of heading 5806; tufted textile fabrics, other than products of heading 5703",6.0,6.0,12.0,
5803,II,149,"Gauze, other than narrow fabrics of heading 5806",6.0,6.0,12.0,
5804,II,150,"Tulles and other net fabrics, not including woven, knitted or crocheted fabrics; lace in the piece, in strips or in motifs, other than fabrics of headings 6002 to 6006",6.0,6.0,12.0,
5805,II,151,"Hand-woven tapestries of the type Gobelins, Flanders, Aubusson, Beauvais and the like, and needle-worked tapestries (for example, petit point, cross stitch), whether or not made up",6.0,6.0,12.0,
5807,II,153,"Labels, badges and similar articles of textile materials, in the piece, in strips or cut to shape or size, not embroidered",6.0,6.0,12.0,
5808,II,154,"Braids in the piece; ornamental trimmings in the piece, without embroidery, other than knitted or crocheted; tassels, pompons and similar articles[other than saree fall",6.0,6.0,12.0,
5809,II,155,"Woven fabrics of metal thread and woven fabrics of metallised yarn of heading 5605, of a kind used in apparel, as furnishing fabrics or for similar purposes, not elsewhere specified or included; such as Zari borders [other than Embroidery or zari articles, that is to say,- imi, zari, kasab, saima, dabka, chumki, gota sitara, naqsi, kora, glass beads, badla, glzal",6.0,6.0,12.0,
5810,II,156,"Embroidery in the piece, in strips or in motifs, Embroidered badges, motifs and the like [other than Embroidery or zari articles, that is to say,- imi, zari, kasab, saima, dabka, chumki, gota sitara, naqsi, kora, glass beads, badla, glzal",6.0,6.0,12.0,
5811,II,157,"Quilted textile products in the piece, composed of one or more layers of textile materials assembled with padding by stitching or otherwise, other than embroidery of heading 5810",6.0,6.0,12.0,
5901,II,158,"Textile fabrics coated with gum or amylaceous substances, of a kind used for the outer covers of books or the like; tracing cloth; prepared painting canvas; buckram and similar stiffened textile fabrics of a kind used for hat foundations",6.0,6.0,12.0,
5902,II,159,"Tyre cord fabric of high tenacity yarn of nylon or other polyamides, polyesters or viscose rayon",6.0,6.0,12.0,
5903,II,160,"Textile fabrics impregnated, coated, covered or laminated with plastics, other than those of heading 5902",6.0,6.0,12.0,
5904,II,161,"Linoleum, whether or not cut to shape; floor coverings consisting of a coating or covering applied on a textile backing, whether or not cut to shape",6.0,6.0,12.0,
5905,II,162,Textile wall coverings,6.0,6.0,12.0,
5906,II,163,"Rubberised textile fabrics, other than those of heading 5902",6.0,6.0,12.0,
5907,II,164,"Textile fabrics otherwise impregnated, coated or covered; painted canvas being theatrical scenery, studio back-cloths or the like",6.0,6.0,12.0,
5908,II,165,"Textile wicks, woven, plaited or knitted , for lamps, stoves, lighters, candles or the like; incandescent gas mantles and tubular knitted gas mantle fabric therefor, whether or not impregnated",6.0,6.0,12.0,
5909,II,166,"Textile hose piping and similar textile tubing, with or without lining, armour or accessories of other materials",6.0,6.0,12.0,
5910,II,167,"Transmission or conveyor belts or belting, of textile material, whether or not impregnated, coated, covered or laminated with plastics, or reinforced with metal or other material",6.0,6.0,12.0,
5911,II,168,"Textile products and articles, for technical uses, specified in Note 7 to this Chapter such as Textile fabrics, felt and felt-lined woven fabrics, coated, covered or laminated with rubber, leather or other material, of a kind used for card clothing, and similar fabrics of a kind used for other technical purposes, including narrow fabrics made of velvet impregnated with rubber, for covering weaving spindles (weaving beams); Bolting cloth, whether or Not made up; Felt for cotton textile industries, woven;Woven textiles felt, whether or not impregnated or coated, of a kind commonly used in other machines, Cotton fabrics and articles used in machinery and plant, Jute fabrics and articles used in machinery or plant, Textile fabrics of metalised yarn of a kind commonly used in paper making or other machinery, Straining cloth of a kind used in oil presses or the like, including that of human hair, Paper maker's felt, woven, Gaskets, washers, polishing discs and other machinery parts of textile articles",6.0,6.0,12.0,
61,II,169,"Articles of apparel and clothing accessories, knitted or crocheted, of sale value exceeding Rs. 1000 per piece",6.0,6.0,12.0,
62,II,170,"Articles of apparel and clothing accessories, not knitted or crocheted, of sale value exceeding Rs. 1000 per piece",6.0,6.0,12.0,
63,II,171,"Other made up textile articles, sets of sale value exceeding Rs. 1000 per piece [other than Worn clothing and other worn articles; rags",6.0,6.0,12.0,
64,II,171A1,Footwear of sale value not exceeding Rs.1000 per pair,6.0,6.0,12.0,
6501,II,171AA,Textile caps,6.0,6.0,12.0,
6505,II,171B,Hats (knitted/crocheted) or made up from lace or other textile fabrics],6.0,6.0,12.0,
6601,II,172,"Umbrellas and sun umbrellas (including walking-stick umbrellas, garden umbrellas and similar umbrellas)",6.0,6.0,12.0,
6602,II,173,"whips, riding-crops and the like",6.0,6.0,12.0,
6603,II,174,"Parts, trimmings and accessories of articles of heading 6601 or 6602",6.0,6.0,12.0,
6701,II,175,"Skins and other parts of birds with their feathers or down, feathers, parts of feathers, down and articles thereof (other than goods of heading 0505 and worked quills and scapes)",6.0,6.0,12.0,
68,II,176,Sand lime bricks [or Stone inlay work,6.0,6.0,12.0,
6802,II,176A,"Statues, statuettes, pedestals; high or low reliefs, crosses, figures of animals, bowls, vases, cups, cachou boxes, writing sets, ashtrays, paper weights, artificial fruit and foliage, etc.; other ornamental goods essentially of stone”;]",6.0,6.0,12.0,
6815,II,176B,Fly ash bricks; Fly ash aggregates; Fly ash blocks,6.0,6.0,12.0,
69010010,II,176C,Bricks of fossil meals or similar siliceous earths,6.0,6.0,12.0,
69041000,II,176D,Building bricks,6.0,6.0,12.0,
69051000,II,176E,Earthen or roofing tiles,6.0,6.0,12.0,
6909,II,177A,"Pots, jars and similar articles of a kind used for the conveyance and packing of goods of ceramic",6.0,6.0,12.0,
6911,II,177B,"Tableware, kitchenware, other household articles and toilet articles, of porcelain or china",6.0,6.0,12.0,
6912,II,177C,"Tableware, kitchenware, other household articles and toilet articles, other than of porcelain or china",6.0,6.0,12.0,
6913,II,177D,Statues and other ornamental articles,6.0,6.0,12.0,
701510,II,178,Glasses for corrective spectacles and flint buttons,6.0,6.0,12.0,
7020,II,179,"Globes for lamps and lanterns, Founts for kerosene wick lamps, Glass chimneys for lamps and lanterns",6.0,6.0,12.0,
7310,II,180,"Mathematical boxes, geometry boxes and colour boxes",6.0,6.0,12.0,
7326,II,180,"Mathematical boxes, geometry boxes and colour boxes",6.0,6.0,12.0,
7317,II,181,Animal shoe nails,6.0,6.0,12.0,
7319,II,182,Sewing needles,6.0,6.0,12.0,
7321,II,183,"Kerosene burners, kerosene stoves and wood burning stoves of iron or steel",6.0,6.0,12.0,
7323,II,184,"Table, kitchen or other household articles of iron & steel; Utensils",6.0,6.0,12.0,
7418,II,185,"Table, kitchen or other household articles of copper; Utensils",6.0,6.0,12.0,
74198030,II,185A,Brass Kerosene Pressure Stove,6.0,6.0,12.0,
7615,II,186,"Table, kitchen or other household articles of aluminium; Utensils",6.0,6.0,12.0,
8214,II,186A,Pencil sharpeners,6.0,6.0,12.0,
8306,II,189A,"Bells, gongs and the like, non-electric, of base metal; statuettes and other ornaments, of base metal; photograph, picture or similar frames, of base metal;mirrors of base metal; metal bidriware”;",6.0,6.0,12.0,
8401,II,190,"Fuel elements (cartridges), non-irradiated, for nuclear reactors",6.0,6.0,12.0,
8408,II,191,Fixed Speed Diesel Engines of power not exceeding 15HP,6.0,6.0,12.0,
84142020,II,194,Other hand pumps,6.0,6.0,12.0,
841912,II,194A,Solar water heater and system,6.0,6.0,12.0,
8420,II,195A,Hand operated rubber roller,6.0,6.0,12.0,
8424,II,195AA,Nozzles for drip irrigation equipment or nozzles for sprinklers,6.0,6.0,12.0,
8424,II,195B,Sprinklers; drip irrigation system including laterals; mechanical sprayers,6.0,6.0,12.0,
8432,II,196,"Agricultural, horticultural or forestry machinery for soil preparation or cultivation; lawn or sports-ground rollers Parts [8432 90]",6.0,6.0,12.0,
8433,II,197,"Harvesting or threshing machinery, including straw or fodder balers; grass or hay mowers; parts thereof",6.0,6.0,12.0,
8436,II,199,"Other agricultural, horticultural, forestry, poultry-keeping or bee-keeping machinery, including germination plant fitted with mechanical or thermal equipment; poultry incubators and brooders",6.0,6.0,12.0,
8452,II,200,"Sewing machines, other than book-sewing machine of heading 8440; furniture, bases and covers specially designed for sewing machines; sewing machines needles and parts of sewing machines",6.0,6.0,12.0,
8479,II,201,Composting Machines,6.0,6.0,12.0,
84,II,201A,"Following renewable energy devices and parts for their manufacture:- (a) Bio-gas plant; (b) Solar power based devices; (c) Solar power generator; (d) Wind mills, Wind Operated Electricity Generator (WOEG); (e) Waste to energy plants / devices; (f) Solar lantern / solar lamp; (g) Ocean waves/tidal waves energy devices/plants; (h) Photo voltaic cells, whether or not assembled in modules or made up into panels. Explanation:- If the goods specified in this entry are supplied, by a supplier, along with supplies of other goods and services, one of which being a taxable service specified in the entry at S. No. 38 of the Table mentioned in the notification No. 11/2017-Central Tax (Rate), dated 28th June, 2017 [G.S.R. 690(E)], the value of supply of goods for the purposes of this entry shall be deemed as seventy per cent. of the gross consideration charged for all such supplies, and the remaining thirty per cent. of the gross consideration charged shall be deemed as value of the said taxable service.",6.0,6.0,12.0,
85,II,201A,"Following renewable energy devices and parts for their manufacture:- (a) Bio-gas plant; (b) Solar power based devices; (c) Solar power generator; (d) Wind mills, Wind Operated Electricity Generator (WOEG); (e) Waste to energy plants / devices; (f) Solar lantern / solar lamp; (g) Ocean waves/tidal waves energy devices/plants; (h) Photo voltaic cells, whether or not assembled in modules or made up into panels. Explanation:- If the goods specified in this entry are supplied, by a supplier, along with supplies of other goods and services, one of which being a taxable service specified in the entry at S. No. 38 of the Table mentioned in the notification No. 11/2017-Central Tax (Rate), dated 28th June, 2017 [G.S.R. 690(E)], the value of supply of goods for the purposes of this entry shall be deemed as seventy per cent. of the gross consideration charged for all such supplies, and the remaining thirty per cent. of the gross consideration charged shall be deemed as value of the said taxable service.",6.0,6.0,12.0,
94,II,201A,"Following renewable energy devices and parts for their manufacture:- (a) Bio-gas plant; (b) Solar power based devices; (c) Solar power generator; (d) Wind mills, Wind Operated Electricity Generator (WOEG); (e) Waste to energy plants / devices; (f) Solar lantern / solar lamp; (g) Ocean waves/tidal waves energy devices/plants; (h) Photo voltaic cells, whether or not assembled in modules or made up into panels. Explanation:- If the goods specified in this entry are supplied, by a supplier, along with supplies of other goods and services, one of which being a taxable service specified in the entry at S. No. 38 of the Table mentioned in the notification No. 11/2017-Central Tax (Rate), dated 28th June, 2017 [G.S.R. 690(E)], the value of supply of goods for the purposes of this entry shall be deemed as seventy per cent. of the gross consideration charged for all such supplies, and the remaining thirty per cent. of the gross consideration charged shall be deemed as value of the said taxable service.",6.0,6.0,12.0,
852560,II,204,"Two-way radio (Walkie talkie) used by defence, police and paramilitary forces etc.",6.0,6.0,12.0,
87,II,206A,Fuel Cell Motor Vehicles,6.0,6.0,12.0,
8701,II,207,Tractors (except road tractors for semi- trailers of engine capacity more than 1800 cc),6.0,6.0,12.0,
8710,II,207A,"Tanks and other armoured fighting vehicles, motorised, whether or not fitted with weapons, and parts of such vehicles",6.0,6.0,12.0,
8712,II,208,"Bicycles and other cycles (including delivery tricycles), not motorised",6.0,6.0,12.0,
8714,II,209,"Parts and accessories of bicycles and other cycles (including delivery tricycles), not motorised, of 8712",6.0,6.0,12.0,
87162000,II,210,Self-loading or self-unloading trailers for agricultural purposes,6.0,6.0,12.0,
871680,II,211,"Hand propelled vehicles (e.g. hand carts, rickshaws and the like); animal drawn vehicles",6.0,6.0,12.0,
90,II,212,Blood glucose monitoring system (Glucometer) and test strips,6.0,6.0,12.0,
90,II,213,Patent Ductus Arteriousus / Atrial Septal Defect occlusion device,6.0,6.0,12.0,
9001,II,214,Contact lenses; Spectacle lenses,6.0,6.0,12.0,
9003,II,215,"Frames and mountings for spectacles, goggles or the like, and parts thereof",6.0,6.0,12.0,
9004,II,216,"Spectacles, corrective [other than goggles for correcting vision]",6.0,6.0,12.0,
9018,II,218,"Instruments and appliances used in medical, surgical, dental or veterinary sciences, including scintigraphic apparatus, other electro-medical apparatus and sight-testing instruments",6.0,6.0,12.0,
9019,II,219,"Mechano-therapy appliances; massage apparatus; psychological aptitude-testing apparatus; ozone therapy, oxygen therapy, aerosol therapy, artificial respiration or other therapeutic respiration apparatus",6.0,6.0,12.0,
9020,II,220,"Other breathing appliances and gas masks, excluding protective masks having neither mechanical parts nor replaceable filters",6.0,6.0,12.0,
9022,II,222,"Apparatus based on the use of X-rays or of alpha, beta or gamma radiations, for medical, surgical, dental or veterinary uses, including radiography or radiotherapy apparatus, X-ray tubes and other X-ray generators, high tension generators, control panels and desks, screens, examinations or treatment tables, chairs and the light",6.0,6.0,12.0,
9403,II,222A,"Furniture wholly made of bamboo, cane or rattan",6.0,6.0,12.0,
9404,II,223,Coir products [except coir mattresses],6.0,6.0,12.0,
9404,II,224,Products wholly made of quilted textile materials,6.0,6.0,12.0,
9404,II,224A,Cotton quilts of sale value exceeding Rs. 1000 per piece],6.0,6.0,12.0,
9405,II,225,"Hurricane lanterns, Kerosene lamp / pressure lantern, petromax, glass chimney, and parts thereof",6.0,6.0,12.0,
9503,II,228,"Toys like tricycles, scooters, pedal cars etc. (including parts and accessories thereof) [other than electronic toys]",6.0,6.0,12.0,
9504,II,229,"Playing cards, chess board, carom board and other board games, like ludo, etc. [other than Video game consoles and Machines]",6.0,6.0,12.0,
9506,II,230,Sports goods other than articles and equipments for general physical exercise,6.0,6.0,12.0,
9507,II,231,"Fishing rods, and other line fishing tackle; fish landing nets, butterfly nets and smilar nets; decoy “birds” (other than those of heading 9208 or 9705) and similar hunting or shooting requisites",6.0,6.0,12.0,
9601,II,231A,"Worked ivory, bone, tortoise shell, horn, antlers, mother of pearl, and other animal carving material and articles of these materials, articles of coral (including articles obtained by moulding)”;]",6.0,6.0,12.0,
9607,II,231B,Slide fasteners and parts thereof,6.0,6.0,12.0,
9608,II,233,"Pencils (including propelling or sliding pencils), crayons, pastels, drawing charcoals and tailor’s chalk",6.0,6.0,12.0,
9609,II,233,"Pencils (including propelling or sliding pencils), crayons, pastels, drawing charcoals and tailor’s chalk",6.0,6.0,12.0,
9615,II,234,"Combs, hair-slides and the like; hairpins, curling pins, curling grips, hair-curlers and the like, other than those of heading 8516, and parts thereof",6.0,6.0,12.0,
96190030,II,235,All goods,6.0,6.0,12.0,
96190040,II,235,All goods,6.0,6.0,12.0,
96190090,II,235,All goods,6.0,6.0,12.0,
9701,II,236,"Paintings, drawings and pastels, executed entirely by hand, other than drawings of heading 4906 and other than hand-painted or hand-decorated manufactured articles; collages, mosaics and similar decorative plaques",6.0,6.0,12.0,
9702,II,237,"Original engravings, prints and lithographs",6.0,6.0,12.0,
9703,II,238,"Original sculptures and statuary, in any material",6.0,6.0,12.0,
9705,II,239,"Collections and collectors' pieces of zoological, botanical, mineralogical, anatomical, historical, archaeological, paleontological, ethnographic or numismatic interest [other than numismatic coins]",6.0,6.0,12.0,
9706,II,240,Antiques of an age exceeding one hundred years,6.0,6.0,12.0,
9804,II,241,Other Drugs and medicines intended for personal use,6.0,6.0,12.0,
3406,II,1*,Handcrafted candles,6.0,6.0,12.0,
420222,II,2*,Handbags including pouches and purses; jewellery box,6.0,6.0,12.0,
420229,II,2*,Handbags including pouches and purses; jewellery box,6.0,6.0,12.0,
42023110,II,2*,Handbags including pouches and purses; jewellery box,6.0,6.0,12.0,
42023190,II,2*,Handbags including pouches and purses; jewellery box,6.0,6.0,12.0,
420232,II,2*,Handbags including pouches and purses; jewellery box,6.0,6.0,12.0,
420239,II,2*,Handbags including pouches and purses; jewellery box,6.0,6.0,12.0,
4416,II,3*,"Carved wood products, art ware/decorative articles of wood (including inlay work, casks, barrel, vats)",6.0,6.0,12.0,
44219990,II,3*,"Carved wood products, art ware/decorative articles of wood (including inlay work, casks, barrel, vats)",6.0,6.0,12.0,
4414,II,4*,"Wooden frames for painting, photographs, mirrors etc",6.0,6.0,12.0,
4420,II,5*,"Statuettes & other ornaments of wood, wood marquetry & inlaid, jewellery box, wood lathe and lacquer work [including lathe and lacquer work, ambadi sisal craft]",6.0,6.0,12.0,
6117,II,17*,Handmade/hand embroidered shawls of sale value exceeding Rs. 1000 per piece,6.0,6.0,12.0,
6214,II,17*,Handmade/hand embroidered shawls of sale value exceeding Rs. 1000 per piece,6.0,6.0,12.0,
6802,II,18*,"Carved stone products (e.g., statues, statuettes, figures of animals, writing sets, ashtray, candle stand)",6.0,6.0,12.0,
68159990,II,19*,"Stone art ware, stone inlay work",6.0,6.0,12.0,
69120010,II,20*,"Tableware and kitchenware of clay and terracotta, other clay articles",6.0,6.0,12.0,
69120020,II,20*,"Tableware and kitchenware of clay and terracotta, other clay articles",6.0,6.0,12.0,
69139000,II,21*,Statuettes & other ornamental ceramic articles (incl blue potteries),6.0,6.0,12.0,
70099200,II,22*,Ornamental framed mirrors,6.0,6.0,12.0,
70189010,II,24*,Glass statues [other than those of crystal],6.0,6.0,12.0,
70200090,II,25*,"Glass art ware [ incl. pots, jars, votive, cask, cake cover, tulip bottle, vase ]",6.0,6.0,12.0,
73269099,II,28*,Art ware of iron,6.0,6.0,12.0,
741980,II,29*,"Art ware of brass, copper/ copper alloys, electro plated with nickel/silver",6.0,6.0,12.0,
76169990,II,30*,Aluminium art ware,6.0,6.0,12.0,
8306,II,31*,"Bells, gongs and like, non-electric, of base metal; statuettes, and other ornaments, of base metal; photograph, picture or similar frames, of base metal; mirrors of base metal; (including Bidriware, Panchloga artware, idol, Swamimalai bronze icons, dhokra jaali)",6.0,6.0,12.0,
940510,II,32*,Handcrafted lamps (including panchloga lamp),6.0,6.0,12.0,
940150,II,33*,"Furniture of bamboo, rattan and cane",6.0,6.0,12.0,
940380,II,33*,"Furniture of bamboo, rattan and cane",6.0,6.0,12.0,
9503,II,34*,"Dolls or other toys made of wood or metal or textile material [incl wooden toys of sawantwadi, Channapatna toys, Thanjavur doll)",6.0,6.0,12.0,
9504,II,35*,Ganjifa card,6.0,6.0,12.0,
9601,II,36*,"Worked articles of ivory, bone, tortoise shell, horn, antlers, coral, mother of pearl, seashell other animal carving material",6.0,6.0,12.0,
9602,II,37*,"Worked vegetable or mineral carving, articles thereof, articles of wax, of stearin, of natural gums or natural resins or of modelling pastes etc, (including articles of lac, shellac)",6.0,6.0,12.0,
9701,II,38*,"Hand paintings drawings and pastels (incl Mysore painting, Rajasthan painting, Tanjore painting, Palm leaf painting, basoli etc)",6.0,6.0,12.0,
9703,II,39*,"Original sculptures and statuary, in metal, stone or any other material",6.0,6.0,12.0,
1107,III,2,"Malt, whether or not roasted",9.0,9.0,18.0,
1302,III,3,"Vegetable saps and extracts; pectic substances, pectinates and pectates; agar- agar and other mucilages and thickeners, whether or not modified, derived from vegetable products other than tamarind kernel powder",9.0,9.0,18.0,
14049010,III,4,Bidi wrapper leaves (tendu),9.0,9.0,18.0,
14049050,III,5,Indian katha,9.0,9.0,18.0,
151710,III,6,"All goods i.e. Margarine, Linoxyn",9.0,9.0,18.0,
15200000,III,7,"Glycerol, crude; glycerol waters and glycerol lyes",9.0,9.0,18.0,
1521,III,8,"Vegetable waxes (other than triglycerides), Beeswax, other insect waxes and spermaceti, whether or not refined or coloured",9.0,9.0,18.0,
1522,III,9,"Degras, residues resulting from the treatment of fatty substances or animal or vegetable waxes",9.0,9.0,18.0,
1702,III,11,"Other sugars, including chemically pure lactose, maltose, glucose and fructose, in solid form; sugar syrups not containing added flavouring or colouring matter; artificial honey, whether or not mixed with natural honey; caramel [other than palmyra sugar and Palmyra jaggery]",9.0,9.0,18.0,
1704,III,12,"Sugar confectionery [other than mishri, batasha, bura, sakar, khadi sakar, harda, sakariya, gatta, kuliya, elaichidana, lukumdana, chikkis like puffed rice chikki, peanut chikki, sesame chikki, til chikki, til patti, til revdi, sugar makhana, [groundnut sweets, gajak and sugar boiled confectionery",9.0,9.0,18.0,
1804,III,12A,"Cocoa butter, fat and oil",9.0,9.0,18.0,
1805,III,12B,"Cocoa powder, not containing added sugar or sweetening matter",9.0,9.0,18.0,
1806,III,12C,Chocolates and other food preparations containing cocoa,9.0,9.0,18.0,
1901,III,13,"Malt extract, food preparations of flour, groats, meal, starch or malt extract, not containing cocoa or containing less than 40% by weight of cocoa calculated on a totally defatted basis, not elsewhere specified or included; food preparations of goods of heading 0401 to 0404, not containing cocoa or containing less than 5% by weight of cocoa calculated on a totally defatted basis not elsewhere specified or included [other than mixes and doughs for the preparation of bakers’ wares of heading 1905]",9.0,9.0,18.0,
1904,III,15,"All goods i.e. Corn flakes, bulgar wheat, prepared foods obtained from cereal flakes [other than Puffed rice, commonly known as Muri, flattened or beaten rice, commonly known as Chira, parched rice, commonly known as khoi, parched paddy or rice coated with sugar or gur, commonly known as Murki",9.0,9.0,18.0,
1905,III,16,"Pastry, cakes, biscuits and other bakers’ wares, whether or not containing cocoa; communion wafers, empty cachets of a kind suitable for pharmaceutical use, sealing wafers, rice paper and similar products[other than pizza bread, khakhra, plain chapatti or roti, bread, rusks, toasted bread and similar toasted products",9.0,9.0,18.0,
210111,III,16A,"Extracts, essences and concentrates of coffee, and preparations with a basis of these extracts, essences or concentrates or with a basis of coffee",9.0,9.0,18.0,
21011200,III,16A,"Extracts, essences and concentrates of coffee, and preparations with a basis of these extracts, essences or concentrates or with a basis of coffee",9.0,9.0,18.0,
210120,III,17,"All goods i.e Extracts, essences and concentrates of tea or mate, and preparations with a basis of these extracts, essences or concentrates or with a basis of tea or mate",9.0,9.0,18.0,
2104,III,21,Soups and broths and preparations therefor; homogenised composite food preparations,9.0,9.0,18.0,
21050000,III,22,"Ice cream and other edible ice, whether or not containing cocoa",9.0,9.0,18.0,
2106,III,23,"Food preparations not elsewhere specified or included [other than roasted gram, sweetmeats, batters including idli/dosa batter, namkeens, bhujia, mixture, chabena and similar edible preparations in ready for consumption form, khakhra, chutney powder, diabetic foods",9.0,9.0,18.0,
2201,III,24,"Waters, including natural or artificial mineral waters and aerated waters, not containing added sugar or other sweetening matter nor flavoured other than Drinking water packed in 20 litre bottles",9.0,9.0,18.0,
22029100,III,24A,Other non-alcoholic beverages [other than tender coconut water and caffeinated beverages,9.0,9.0,18.0,
22029990,III,24A,Other non-alcoholic beverages [other than tender coconut water and caffeinated beverages,9.0,9.0,18.0,
2207,III,25,"Ethyl alcohol and other spirits, denatured, of any strength [other than ethyl alcohol supplied to Oil Marketing Companies or Petroleum refineries for blending with motor spirit (petrol)]",9.0,9.0,18.0,
2209,III,26,Vinegar and substitutes for vinegar obtained from acetic acid,9.0,9.0,18.0,
24041200,III,26A,Products containing nicotine and intended for inhalation without combustion,9.0,9.0,18.0,
24049100,III,26B,"Products for oral application or transdermal application or for application otherwise than orally or transdermally, containing nicotine and intended to assist tobacco use cessation",9.0,9.0,18.0,
24049200,III,26B,"Products for oral application or transdermal application or for application otherwise than orally or transdermally, containing nicotine and intended to assist tobacco use cessation",9.0,9.0,18.0,
24049900,III,26B,"Products for oral application or transdermal application or for application otherwise than orally or transdermally, containing nicotine and intended to assist tobacco use cessation",9.0,9.0,18.0,
25151220,III,26C,"Marble and travertine, other than blocks",9.0,9.0,18.0,
25151290,III,26C,"Marble and travertine, other than blocks",9.0,9.0,18.0,
25161200,III,26D,"Granite, other than blocks",9.0,9.0,18.0,
2601,III,26E,"Iron ores and concentrates, including roasted iron pyrites",9.0,9.0,18.0,
2602,III,26F,"Manganese ores and concentrates, including ferruginous manganese ores and concentrates with a manganese content of 20% or more, calculated on the dry weight",9.0,9.0,18.0,
2603,III,26G,Copper ores and concentrates,9.0,9.0,18.0,
2604,III,26H,Nickel ores and concentrates,9.0,9.0,18.0,
2605,III,26I,Cobalt ores and concentrates,9.0,9.0,18.0,
2606,III,26J,Aluminium ores and concentrates,9.0,9.0,18.0,
2607,III,26K,Lead ores and concentrates,9.0,9.0,18.0,
2608,III,26L,Zinc ores and concentrates,9.0,9.0,18.0,
2609,III,26M,Tin ores and concentrates,9.0,9.0,18.0,
2610,III,26N,Chromium ores and concentrates,9.0,9.0,18.0,
2619,III,28.,"Slag, dross (other than granulated slag), scalings and other waste from the manufacture of iron or steel",9.0,9.0,18.0,
2620,III,29.,"Slag, ash and residues (other than from the manufacture of iron or steel) containing metals, arsenic or their compounds",9.0,9.0,18.0,
2621,III,30.,"Other slag and ash, including seaweed ash (kelp); ash and residues from the incineration of municipal waste [other than fly ash]",9.0,9.0,18.0,
2706,III,30A,"Tar distilled from coal, from lignite or from peat and other mineral tars, whether or not dehydrated or partially distilled, including reconstituted tars",9.0,9.0,18.0,
2707,III,31.,"Oils and other products of the distillation of high temperature coal tar; similar products in which the weight of the aromatic constituents exceeds that of the non-aromatic constituents, such as Benzole (benzene), Toluole (toluene), Xylole (xylenes), Naphthelene",9.0,9.0,18.0,
2708,III,32.,"Pitch and pitch coke, obtained from coal tar or from other mineral tars",9.0,9.0,18.0,
2710,III,33.,"Petroleum oils and oils obtained from bituminous minerals, other than petroleum crude; preparations not elsewhere specified or included, containing by weight 70% or more of petroleum oils or of oils obtained from bituminous minerals, these oils being the basic constituents of the preparations; waste oils; Avgas [other than kerosene PDS, petrol, diesel and ATF, not in GST",9.0,9.0,18.0,
2711,III,34,"Petroleum gases and other gaseous hydrocarbons, such as Propane, Butanes, Ethylene, propylene, butylene and butadiene [Other than Liquefied Propane and Butane mixture, Liquefied Propane, Liquefied Butane and Liquefied Petroleum Gases (LPG) for supply to household domestic consumers or to non-domestic exempted category (NDEC) customers by the Indian Oil Corporation Limited, Hindustan petroleum Corporation Limited or Bharat Petroleum Corporation Limited]",9.0,9.0,18.0,
2712,III,35,"Petroleum jelly; paraffin wax, micro- crystalline petroleum wax, slack wax, ozokerite, lignite wax, peat wax, other mineral waxes, and similar products obtained by synthesis or by other processes, whether or not coloured",9.0,9.0,18.0,
2713,III,36,"Petroleum coke, petroleum bitumen and other residues of petroleum oils or of oils obtained from bituminous minerals",9.0,9.0,18.0,
2714,III,37,"Bitumen and asphalt, natural; bituminous or oil shale and tar sands; asphaltites and asphaltic rocks",9.0,9.0,18.0,
2715,III,38,"Bituminous mixtures based on natural asphalt, on natural bitumen, on petroleum bitumen, on mineral tar or on mineral tar pitch (for example, bituminous mastics, cut-backs)",9.0,9.0,18.0,
28,III,39,All inorganic chemicals [other than those specified in the Schedule for exempted goods or other Rate Schedules for goods including Fertilizer grade Phosphoric acid,9.0,9.0,18.0,
29,III,40,All organic chemicals other than giberellic acid,9.0,9.0,18.0,
3102,III,42,"Mineral or chemical fertilisers, nitrogenous, which are clearly not to be used as fertilizers",9.0,9.0,18.0,
3103,III,43,"Mineral or chemical fertilisers, phosphatic, which are clearly not to be used as fertilizers",9.0,9.0,18.0,
3104,III,44,"Mineral or chemical fertilisers, potassic, which are clearly not to be used as fertilizers",9.0,9.0,18.0,
3105,III,45,"Mineral or chemical fertilisers containing two or three of the fertilising elements nitrogen, phosphorus and potassium; other fertilisers; goods of this Chapter in tablets or similar forms or in packages of a gross weight not exceeding 10 kg, which are clearly not to be used as fertilizers",9.0,9.0,18.0,
3201,III,46,"Tanning extracts of vegetable origin; tannins and their salts, ethers, esters and other derivatives (other than Wattle extract, quebracho extract, chestnut extract)",9.0,9.0,18.0,
3202,III,47,"Synthetic organic tanning substances; inorganic tanning substances; tanning preparations, whether or not containing natural tanning substances (other than Enzymatic preparations for pre-tanning)",9.0,9.0,18.0,
3203,III,48,"Colouring matter of vegetable or animal origin (including dyeing extracts but excluding animal black), whether or not chemically defined; preparations as specified in Note 3 to this Chapter based on colouring matter of vegetable or animal origin",9.0,9.0,18.0,
3204,III,49,"Synthetic organic colouring matter, whether or not chemically defined; preparations as specified in Note 3 to this Chapter based on synthetic organic colouring matter; synthetic organic products of a kind used as fluorescent brightening agents or as luminophores, whether or not chemically defined",9.0,9.0,18.0,
3205,III,50,Colour lakes; preparations as specified in Note 3 to this Chapter based on colour lakes,9.0,9.0,18.0,
3206,III,51,"Other colouring matter; preparations as specified in Note 3 to this Chapter, other than those of heading 32.03, 32.04 or 32.05; inorganic products of a kind used as luminophores, whether or not chemically defined",9.0,9.0,18.0,
3207,III,52,"Prepared pigments, prepared opacifiers, prepared colours, vitrifiable enamels, glazes, engobes (slips), liquid lustres, and other similar preparations of a kind used in ceramic, enamelling or glass industry; glass frit or other glass, in the form of powder, granules or flakes",9.0,9.0,18.0,
3208,III,52A,"Paints and varnishes (including enamels and lacquers) based on synthetic polymers or chemically modified natural polymers, dispersed or dissolved in a non-aqueous medium; solutions as defined in Note 4 to this Chapter",9.0,9.0,18.0,
3209,III,52B,"Paints and varnishes (including enamels and lacquers) based on synthetic polymers or chemically modified natural polymers, dispersed or dissolved in an aqueous medium",9.0,9.0,18.0,
3210,III,52C,"Other paints and varnishes (including enamels, lacquers and distempers); prepared water pigments of a kind used for finishing leather",9.0,9.0,18.0,
32110000,III,53,Prepared driers,9.0,9.0,18.0,
3212,III,54,"Pigments (including metallic powders and flakes) dispersed in non-aqueous media, in liquid or paste form, of a kind used in the manufacture of paints (including enamels); stamping foils; dyes and other colouring matter put up in forms or packings for retail sale",9.0,9.0,18.0,
3213,III,54A,"Artists’, students’ or signboard painters’ colours, modifying tints, amusement colours and the like, in tablets, tubes, jars, bottles, pans or in similar forms or packings",9.0,9.0,18.0,
3214,III,54B,"Glaziers’ putty, grafting putty, resin cements, caulking compounds and other mastics; painters’ fillings; non- refractory surfacing preparations for facades, indoor walls, floors, ceilings or the like",9.0,9.0,18.0,
3215,III,54C,"All Goods, including printing ink, writing or drawing ink and other inks, whether or not concentrated or solid, fountain pen ink, ball pen ink",9.0,9.0,18.0,
3301,III,56,"Essential oils (terpeneless or not), including concretes and absolutes; resinoids; extracted oleoresins; concentrates of essential oils in fats, in fixed oils, in waxes or the like, obtained by enfleurage or maceration; terpenic by- products of the deterpenation of essential oils; aqueous distillates and aqueous solutions of essential oils; such as essential oils of citrus fruit, essential oils other than those of citrus fruit such as Eucalyptus oil, etc., Flavouring essences all types (including those for liquors), Attars of all kinds in fixed oil bases",9.0,9.0,18.0,
3302,III,57,"Mixtures of odoriferous substances and mixtures (including alcoholic solutions) with a basis of one or more of these substances, of a kind used as raw materials in industry; other preparations based on odoriferous substances, of a kind used for the manufacture of beverages; such as Synthetic perfumery compounds [other than Menthol and menthol crystals, Peppermint (Mentha Oil), Fractionated / de-terpenated mentha oil (DTMO), De- mentholised oil (DMO), Spearmint oil, Mentha piperita oil]",9.0,9.0,18.0,
3303,III,57A,Perfumes and toilet waters,9.0,9.0,18.0,
3304,III,58,"Beauty or make-up preparations and preparations for the care of the skin (other than medicaments), including sunscreen or sun tan preparations; manicure or pedicure 12 preparations other than kajal, Kumkum, Bindi, Sindur, Alta",9.0,9.0,18.0,
3305,III,59,Preparations for use on the hair [except Mehendi pate in Cones],9.0,9.0,18.0,
3306,III,60,"Preparations for oral or dental hygiene, including denture fixative pastes and powders; yarn used to clean between the teeth (dental floss), in individual retail packages [other than tooth powder]",9.0,9.0,18.0,
3307,III,60A,"Pre-shave, shaving or after-shave preparations, personal deodorants, bath preparations, depilatories and other perfumery, cosmetic or toilet preparations, not elsewhere specified or included; prepared room deodorisers, whether or not perfumed or having disinfectant properties [other than odoriferous preparations which operate by burning, agarbattis, lobhan, dhoop batti, dhoop, sambhrani]",9.0,9.0,18.0,
3401,III,61,"Soap; organic surface-active products and preparations for use as soap, in the form of bars, cakes, moulded pieces or shapes, whether or not containing soap; organic surface active products and preparations for washing the skin, in the form of liquid or cream and put up for retail sale, whether or not containing soap; paper, wadding, felt and nonwovens, impregnated, coated or covered with soap or detergent",9.0,9.0,18.0,
3402,III,61A,"Organic surface-active agents (other than soap); surface-active preparations, washing preparations (including auxiliary washing preparations) and cleaning preparations, whether or not containing soap, other than those of heading 3401 [other than Sulphonated castor oil, fish oil or sperm oil]",9.0,9.0,18.0,
3403,III,61B,"Lubricating preparations (including cutting-oil preparations, 13 bolt or nut release preparations, anti-rust or anti- corrosion preparations and mould release preparations, based on lubricants) and preparations of a kind used for the oil or grease treatment of textile materials, leather, furskins or other materials, but excluding preparations containing, as basic constituents, 70% or more by weight of petroleum oils or of oils obtained from bituminous minerals",9.0,9.0,18.0,
3404,III,62,Artificial waxes and prepared waxes,9.0,9.0,18.0,
3405,III,62A,"Polishes and creams, for footwear, furniture, floors, coachwork, glass or metal, scouring pastes and powders and similar preparations (whether or not in the form of paper, wadding, felt, nonwovens, cellular plastics or cellular rubber, impregnated, coated or covered with such preparations), excluding waxes of heading 3404",9.0,9.0,18.0,
3407,III,63,"Modelling pastes, including those put up for children's amusement; Preparations known as “dental wax” or as “dental impression compounds”, put up in sets, in packings for retail sale or in plates, horseshoe shapes, sticks or similar forms; other preparations for use in dentistry, with a basis of plaster (of calcined gypsum or calcium sulphate)",9.0,9.0,18.0,
3501,III,64,"Casein, caseinates and other casein derivatives; casein glues",9.0,9.0,18.0,
3502,III,65,"Albumins (including concentrates of two or more whey proteins, containing by weight more than 80% whey proteins, calculated on the dry matter), albuminates and other albumin derivatives",9.0,9.0,18.0,
3503,III,66,"Gelatin (including gelatin in rectangular (including square) sheets, whether or not surface-worked or coloured) and gelatin derivatives; isinglass; other glues of animal origin, excluding casein glues of heading 3501",9.0,9.0,18.0,
3504,III,67,"Peptones and their derivatives; other protein substances and their derivatives, not elsewhere specified or included; hide powder, whether or not chromed; including Isolated soya protein",9.0,9.0,18.0,
3505,III,68,"Dextrins and other modified starches (for example, pregelatinised or esterified starches); glues based on starches, or on dextrins or other modified starches",9.0,9.0,18.0,
3506,III,69,"Prepared glues and other prepared adhesives, not elsewhere specified or included; products suitable for use as glues or adhesives, put up for retail sale as glues or adhesives, not exceeding a net weight of 1 kg",9.0,9.0,18.0,
3507,III,70,"Enzymes, prepared enzymes",9.0,9.0,18.0,
3601,III,71,Propellant powders,9.0,9.0,18.0,
3602,III,71A,"Prepared explosives, other than propellant powders; such as Industrial explosives”;",9.0,9.0,18.0,
3603,III,72,Safety Fuses; Detonating Cords; Percussion or Detonating Caps; Igniters; Electric Detonators,9.0,9.0,18.0,
3604,III,72A,"Fireworks, signalling flares, rain rockets, fog signals and other pyrotechnic articles",9.0,9.0,18.0,
3606,III,73A,Ferro-cerium and other pyrophoric alloys in all forms; articles of combustible materials as specified in Note 2 to this Chapter; such as liquid or liquefied-gas fuels in containers of a kind used for filling or refilling cigarette or similar lighters,9.0,9.0,18.0,
3701,III,74,"Photographic plates and film in the flat, sensitised, unexposed, of any material other than paper, paperboard or textiles; instant print film in the flat, sensitised, unexposed, whether or not in packs; such as Instant print film, Cinematographic film (other than for x-ray for Medical use)",9.0,9.0,18.0,
3702,III,75,"Photographic film in rolls, sensitised, unexposed, of any material other than paper, paperboard or textiles; instant print film in rolls, sensitised, unexposed",9.0,9.0,18.0,
3703,III,76,"Photographic paper, paperboard and textiles, sensitised, unexposed",9.0,9.0,18.0,
3704,III,77,"Photographic plates, film, paper, paperboard and textiles, exposed but not developed",9.0,9.0,18.0,
3706,III,78,"Photographic plates and films, exposed and developed, whether or not incorporating sound track or consisting only of sound track, for feature films",9.0,9.0,18.0,
3707,III,79,"Chemical preparations for photographic uses (other than varnishes, glues, adhesives and similar preparations); unmixed products for photographic uses, put up in measured portions or put up for retail sale in a form ready for use",9.0,9.0,18.0,
3801,III,80,"Artificial graphite; colloidal or semi- colloidal graphite; preparations based on graphite or other carbon in the form of pastes, blocks, plates or other semi- manufactures",9.0,9.0,18.0,
3802,III,81,"Activated carbon; activated natural mineral products; animal black, including spent animal black",9.0,9.0,18.0,
38030000,III,82,"Tall oil, whether or not refined",9.0,9.0,18.0,
3804,III,83,"Residual lyes from the manufacture of wood pulp, whether or not concentrated, desugared or chemically treated, including lignin sulphonates",9.0,9.0,18.0,
3805,III,84,"Gum, wood or sulphate turpentine and other terpenic oils produced by the distillation or other treatment of coniferous woods; crude dipentene; sulphite turpentine and other crude para-cymene; pine oil containing alpha-terpineol as the main constituent",9.0,9.0,18.0,
3806,III,85,"Rosin and resin acids, and derivatives thereof; rosin spirit and rosin oils; run gums",9.0,9.0,18.0,
3807,III,86,"Wood tar; wood tar oils; wood creosote; wood naphtha; vegetable pitch; brewers' pitch and similar preparations based on rosin, resin acids or on vegetable pitch",9.0,9.0,18.0,
3808,III,87,"Insecticides, rodenticides, fungicides, herbicides, anti-sprouting products and plant-growth regulators, disinfectants and similar products [other than bio-pesticides mentioned against S. No. 78A of schedule -II",9.0,9.0,18.0,
3809,III,88,"Finishing agents, dye carriers to accelerate the dyeing or fixing of dyestuffs and other products and preparations (for example, dressings and mordants), of a kind used in the textile, paper, leather or like industries, not elsewhere specified or included",9.0,9.0,18.0,
3810,III,89,"Pickling preparations for metal surfaces; fluxes and other auxiliary preparations for soldering, brazing or welding; soldering, brazing or welding powders and pastes consisting of metal and other materials; preparations of a kind used as cores or coatings for welding electrodes or rods",9.0,9.0,18.0,
3811,III,89A,"Anti-knock preparations, oxidation inhibitors, gum inhibitors, viscosity improvers, anti-corrosive preparations and other prepared additives, for mineral oils (including gasoline) or for other liquids used for the same purposes as mineral oils”",9.0,9.0,18.0,
3812,III,90,"Prepared rubber accelerators; compound plasticisers for rubber or plastics, not elsewhere specified or included; anti- oxidising preparations and other compound stabilisers for rubber or plastics.; such as Vulcanizing agents for rubber",9.0,9.0,18.0,
3813,III,90A,Preparations and charges for fire- extinguishers; charged fire extinguishing grenades,9.0,9.0,18.0,
3814,III,90B,"Organic composite solvents and thinners, not elsewhere specified or included; prepared paint or varnish removers",9.0,9.0,18.0,
3815,III,91,"Reaction initiators, reaction accelerators and catalytic preparations, not elsewhere specified or included",9.0,9.0,18.0,
3816,III,92,"Refractory cements, mortars, concretes and similar compositions, other than products of heading 3801",9.0,9.0,18.0,
3817,III,93,"Mixed alkylbenzenes and mixed alkylnaphthalenes, other than those of heading 2707 or 2902",9.0,9.0,18.0,
3818,III,94,"Chemical elements doped for use in electronics, in the form of discs, wafers or similar forms; chemical compounds doped for use in electronics [other than silicon wafers]",9.0,9.0,18.0,
3819,III,94A,"Hydraulic brake fluids and other prepared liquids for hydraulic transmission, not containing or containing less than 70% by weight of petroleum oils or oils obtained from bituminous minerals",9.0,9.0,18.0,
3820,III,94B,Anti-freezing preparations and prepared de-icing fluids,9.0,9.0,18.0,
3821,III,95,"Prepared culture media for the development or maintenance of micro- organisms (including viruses and the like) or of plant, human or animal cells",9.0,9.0,18.0,
3823,III,96,"Industrial monocarboxylic fatty acids, acid oils from refining; industrial fatty alcohols",9.0,9.0,18.0,
3824,III,97,"Prepared binders for foundry moulds or cores; chemical products and preparations of the chemical or allied industries (including those consisting of mixtures of natural products), not elsewhere specified or included",9.0,9.0,18.0,
3825,III,98,Residual products of the chemical or allied industries not elsewhere specified or included; [except municipal waste; sewage sludge; other wastes specified in Note 6 to this Chapter.],9.0,9.0,18.0,
3827,III,98A,"Mixtures containing halogenated derivatives of Methane, Ethane or Propane, not elsewhere specified or included",9.0,9.0,18.0,
3901,III,100,"All goods i.e. polymers; Polyacetals, other polyethers, epoxide resins, polycarbonates, alkyd resins, polyallyl esters, other polyesters; polyamides; Amino-resins, phenolic resins and polyurethanes; silicones; Petroleum resins, coumarone- indene resins, polyterpenes, polysulphides, polysulphones and other products specified in Note 3 to this Chapter, not elsewhere specified or included; Cellulose and its chemical derivatives, not elsewhere specified or included; Natural polymers (for example, alginic acid) and modified natural polymers (for example, hardened proteins, chemical derivatives of natural rubber), not elsewhere specified or included; in primary forms",9.0,9.0,18.0,
3902,III,100,"All goods i.e. polymers; Polyacetals, other polyethers, epoxide resins, polycarbonates, alkyd resins, polyallyl esters, other polyesters; polyamides; Amino-resins, phenolic resins and polyurethanes; silicones; Petroleum resins, coumarone- indene resins, polyterpenes, polysulphides, polysulphones and other products specified in Note 3 to this Chapter, not elsewhere specified or included; Cellulose and its chemical derivatives, not elsewhere specified or included; Natural polymers (for example, alginic acid) and modified natural polymers (for example, hardened proteins, chemical derivatives of natural rubber), not elsewhere specified or included; in primary forms",9.0,9.0,18.0,
3903,III,100,"All goods i.e. polymers; Polyacetals, other polyethers, epoxide resins, polycarbonates, alkyd resins, polyallyl esters, other polyesters; polyamides; Amino-resins, phenolic resins and polyurethanes; silicones; Petroleum resins, coumarone- indene resins, polyterpenes, polysulphides, polysulphones and other products specified in Note 3 to this Chapter, not elsewhere specified or included; Cellulose and its chemical derivatives, not elsewhere specified or included; Natural polymers (for example, alginic acid) and modified natural polymers (for example, hardened proteins, chemical derivatives of natural rubber), not elsewhere specified or included; in primary forms",9.0,9.0,18.0,
3904,III,100,"All goods i.e. polymers; Polyacetals, other polyethers, epoxide resins, polycarbonates, alkyd resins, polyallyl esters, other polyesters; polyamides; Amino-resins, phenolic resins and polyurethanes; silicones; Petroleum resins, coumarone- indene resins, polyterpenes, polysulphides, polysulphones and other products specified in Note 3 to this Chapter, not elsewhere specified or included; Cellulose and its chemical derivatives, not elsewhere specified or included; Natural polymers (for example, alginic acid) and modified natural polymers (for example, hardened proteins, chemical derivatives of natural rubber), not elsewhere specified or included; in primary forms",9.0,9.0,18.0,
3905,III,100,"All goods i.e. polymers; Polyacetals, other polyethers, epoxide resins, polycarbonates, alkyd resins, polyallyl esters, other polyesters; polyamides; Amino-resins, phenolic resins and polyurethanes; silicones; Petroleum resins, coumarone- indene resins, polyterpenes, polysulphides, polysulphones and other products specified in Note 3 to this Chapter, not elsewhere specified or included; Cellulose and its chemical derivatives, not elsewhere specified or included; Natural polymers (for example, alginic acid) and modified natural polymers (for example, hardened proteins, chemical derivatives of natural rubber), not elsewhere specified or included; in primary forms",9.0,9.0,18.0,
3906,III,100,"All goods i.e. polymers; Polyacetals, other polyethers, epoxide resins, polycarbonates, alkyd resins, polyallyl esters, other polyesters; polyamides; Amino-resins, phenolic resins and polyurethanes; silicones; Petroleum resins, coumarone- indene resins, polyterpenes, polysulphides, polysulphones and other products specified in Note 3 to this Chapter, not elsewhere specified or included; Cellulose and its chemical derivatives, not elsewhere specified or included; Natural polymers (for example, alginic acid) and modified natural polymers (for example, hardened proteins, chemical derivatives of natural rubber), not elsewhere specified or included; in primary forms",9.0,9.0,18.0,
3907,III,100,"All goods i.e. polymers; Polyacetals, other polyethers, epoxide resins, polycarbonates, alkyd resins, polyallyl esters, other polyesters; polyamides; Amino-resins, phenolic resins and polyurethanes; silicones; Petroleum resins, coumarone- indene resins, polyterpenes, polysulphides, polysulphones and other products specified in Note 3 to this Chapter, not elsewhere specified or included; Cellulose and its chemical derivatives, not elsewhere specified or included; Natural polymers (for example, alginic acid) and modified natural polymers (for example, hardened proteins, chemical derivatives of natural rubber), not elsewhere specified or included; in primary forms",9.0,9.0,18.0,
3908,III,100,"All goods i.e. polymers; Polyacetals, other polyethers, epoxide resins, polycarbonates, alkyd resins, polyallyl esters, other polyesters; polyamides; Amino-resins, phenolic resins and polyurethanes; silicones; Petroleum resins, coumarone- indene resins, polyterpenes, polysulphides, polysulphones and other products specified in Note 3 to this Chapter, not elsewhere specified or included; Cellulose and its chemical derivatives, not elsewhere specified or included; Natural polymers (for example, alginic acid) and modified natural polymers (for example, hardened proteins, chemical derivatives of natural rubber), not elsewhere specified or included; in primary forms",9.0,9.0,18.0,
3909,III,100,"All goods i.e. polymers; Polyacetals, other polyethers, epoxide resins, polycarbonates, alkyd resins, polyallyl esters, other polyesters; polyamides; Amino-resins, phenolic resins and polyurethanes; silicones; Petroleum resins, coumarone- indene resins, polyterpenes, polysulphides, polysulphones and other products specified in Note 3 to this Chapter, not elsewhere specified or included; Cellulose and its chemical derivatives, not elsewhere specified or included; Natural polymers (for example, alginic acid) and modified natural polymers (for example, hardened proteins, chemical derivatives of natural rubber), not elsewhere specified or included; in primary forms",9.0,9.0,18.0,
3910,III,100,"All goods i.e. polymers; Polyacetals, other polyethers, epoxide resins, polycarbonates, alkyd resins, polyallyl esters, other polyesters; polyamides; Amino-resins, phenolic resins and polyurethanes; silicones; Petroleum resins, coumarone- indene resins, polyterpenes, polysulphides, polysulphones and other products specified in Note 3 to this Chapter, not elsewhere specified or included; Cellulose and its chemical derivatives, not elsewhere specified or included; Natural polymers (for example, alginic acid) and modified natural polymers (for example, hardened proteins, chemical derivatives of natural rubber), not elsewhere specified or included; in primary forms",9.0,9.0,18.0,
3911,III,100,"All goods i.e. polymers; Polyacetals, other polyethers, epoxide resins, polycarbonates, alkyd resins, polyallyl esters, other polyesters; polyamides; Amino-resins, phenolic resins and polyurethanes; silicones; Petroleum resins, coumarone- indene resins, polyterpenes, polysulphides, polysulphones and other products specified in Note 3 to this Chapter, not elsewhere specified or included; Cellulose and its chemical derivatives, not elsewhere specified or included; Natural polymers (for example, alginic acid) and modified natural polymers (for example, hardened proteins, chemical derivatives of natural rubber), not elsewhere specified or included; in primary forms",9.0,9.0,18.0,
3912,III,100,"All goods i.e. polymers; Polyacetals, other polyethers, epoxide resins, polycarbonates, alkyd resins, polyallyl esters, other polyesters; polyamides; Amino-resins, phenolic resins and polyurethanes; silicones; Petroleum resins, coumarone- indene resins, polyterpenes, polysulphides, polysulphones and other products specified in Note 3 to this Chapter, not elsewhere specified or included; Cellulose and its chemical derivatives, not elsewhere specified or included; Natural polymers (for example, alginic acid) and modified natural polymers (for example, hardened proteins, chemical derivatives of natural rubber), not elsewhere specified or included; in primary forms",9.0,9.0,18.0,
3913,III,100,"All goods i.e. polymers; Polyacetals, other polyethers, epoxide resins, polycarbonates, alkyd resins, polyallyl esters, other polyesters; polyamides; Amino-resins, phenolic resins and polyurethanes; silicones; Petroleum resins, coumarone- indene resins, polyterpenes, polysulphides, polysulphones and other products specified in Note 3 to this Chapter, not elsewhere specified or included; Cellulose and its chemical derivatives, not elsewhere specified or included; Natural polymers (for example, alginic acid) and modified natural polymers (for example, hardened proteins, chemical derivatives of natural rubber), not elsewhere specified or included; in primary forms",9.0,9.0,18.0,
3914,III,101,"Ion exchangers based on polymers of headings 3901 to 3913, in primary forms",9.0,9.0,18.0,
3915,III,101A,"Waste, Parings and Scrap, of Plastics",9.0,9.0,18.0,
3916,III,103,"Monofilament of which any cross- sectional dimension exceeds 1 mm, rods, sticks and profile shapes, whether or not surface-worked but not otherwise worked, of plastics",9.0,9.0,18.0,
3917,III,104,"Tubes, pipes and hoses, and fittings therefor, of plastics",9.0,9.0,18.0,
3918,III,104A,"Floor coverings of plastics, whether or not self-adhesive, in rolls or in form of tiles; wall or ceiling coverings of plastics",9.0,9.0,18.0,
3919,III,105,"Self-adhesive plates, sheets, film, foil, tape, strip and other flat shapes, of plastics, whether or not in rolls",9.0,9.0,18.0,
3920,III,106,"Other plates, sheets, film, foil and strip, of plastics, non-cellular and not reinforced, laminated, supported or similarly combined with other materials",9.0,9.0,18.0,
3921,III,107,"Other plates, sheets, film, foil and strip, of plastics",9.0,9.0,18.0,
3922,III,107A,"Baths, shower baths, sinks, wash basins, bidets, lavatory pans, seats and covers, flushing cisterns and similar sanitary ware of plastics",9.0,9.0,18.0,
3923,III,108,"Articles for the conveyance or packing of goods, of plastics; stoppers, lids, caps and other closures, of plastics (except the items covered in Sl. No. 80AA in Schedule II)",9.0,9.0,18.0,
3924,III,109,"Tableware, kitchenware, other household articles and hygienic or toilet articles, of plastics",9.0,9.0,18.0,
3925,III,110,"Builder's wares of plastics, not elsewhere specified",9.0,9.0,18.0,
3926,III,111,"Other articles of plastics and articles of other materials of headings 3901 to 3914 other than bangles of plastic, plastic beads and feeding bottles",9.0,9.0,18.0,
4002,III,112,"Synthetic rubber and factice derived from oils, in primary forms or in plates, sheets or strip; mixtures of any product of heading 4001 with any product of this heading, in primary forms or in plates, sheets or strip; such as Latex, styrene butadiene rubber, butadiene rubber (BR), Isobutene-isoprene (butyl) rubber (IIR), Ethylene-propylene-Non-conjugated diene rubber (EPDM)",9.0,9.0,18.0,
4003,III,113,"Reclaimed rubber in primary forms or in plates, sheets or strip",9.0,9.0,18.0,
4004,III,114,"powders and granules obtained from waste, parings and scrap of rubber (other than hard rubber)",9.0,9.0,18.0,
4005,III,115,"Compounded rubber, unvulcanised, in primary forms or in plates, sheets or strip",9.0,9.0,18.0,
4006,III,116,"Other forms (for example, rods, tubes and profile shapes) and articles (for example, discs and rings), of unvulcanised rubber",9.0,9.0,18.0,
4007,III,117,"Vulcanised rubber thread and cord, other than latex rubber thread",9.0,9.0,18.0,
4008,III,118,"Plates, sheets, strip, rods and profile shapes, of vulcanised rubber other than hard rubber",9.0,9.0,18.0,
4009,III,119,"Tubes, pipes and hoses, of vulcanised rubber other than hard rubber, with or without their fittings (for example, joints, elbows, flanges)",9.0,9.0,18.0,
4010,III,120,"Conveyor or transmission belts or belting, of vulcanised rubber",9.0,9.0,18.0,
4011,III,121,Rear Tractor tyres and rear tractor tyre tubes,9.0,9.0,18.0,
4012,III,121A,"Retreaded or used pneumatic tyres of rubber; solid or cushion tyres, tyre treads and tyre flaps, of rubber",9.0,9.0,18.0,
4013,III,121B,"Inner tubes of rubber [other than of a kind used on/in bicycles, cycle-rickshaws and three wheeled powered cycle rickshaws; and Rear Tractor tyre tubes]",9.0,9.0,18.0,
4014,III,122,"Hygienic or pharmaceutical articles (including teats), of vulcanised rubber other than hard rubber, with or without fittings of hard rubber; such as Hot water bottles, Ice bags [other than Sheath contraceptives, Rubber contraceptives, male (condoms), Rubber contraceptives, female (diaphragms), such as cervical caps]",9.0,9.0,18.0,
4015,III,123,"Articles of apparel and clothing accessories (including gloves, mittens and mitts), for all purposes, of vulcanised rubber other than hard rubber [other than Surgical gloves]",9.0,9.0,18.0,
4016,III,123A,"Other articles of vulcanised rubber other than hard rubber [other than erasers, rubber bands]",9.0,9.0,18.0,
4017,III,123B,"Hard rubber (for example ebonite) in all forms, other than waste and scrap; articles of hard rubber",9.0,9.0,18.0,
4201,III,123C,"Saddlery and harness for any animal (including traces, leads, knee pads, muzzles, saddle cloths, saddle bags, dog coats and the like), of any material",9.0,9.0,18.0,
4202,III,124,"Trunks, suit-cases, vanity-cases, executive-cases, brief-cases, school satchels, spectacle cases, binocular cases, camera cases, musical instrument cases, gun cases, holsters and similar containers; travelling bags, insulated food or beverages bags, toilet bags, rucksacks, handbags, shopping bags, wallets, purses, map-cases, cigarette-cases, tobacco- pouches, tool bags, sports bags, bottle- cases, jewellery boxes, powder-boxes, cutlery cases and similar containers, of leather, of sheeting of plastics, of textile materials, of vulcanised fibre or of paperboard, or wholly or mainly covered with such materials or with paper [other than handbags and shopping bags, of cotton or jute]",9.0,9.0,18.0,
4203,III,124A,"Articles of apparel and clothing accessories, of leather or of composition leather [other than gloves specially designed for use in sports]",9.0,9.0,18.0,
4205,III,124B,Other articles of leather or of composition leather,9.0,9.0,18.0,
4206,III,124C,"Articles of gut (other than silk-worm gut), of goldbeater's skin, of bladders or of tendons",9.0,9.0,18.0,
4301,III,131,"Raw furskins (including heads, tails, paws and other pieces or cuttings, suitable for furriers' use), other than raw hides and skins of heading 4101, 4102 or 4103.",9.0,9.0,18.0,
4302,III,132,"Tanned or dressed furskins (including heads, tails, paws and other pieces or cuttings), unassembled, or assembled (without the addition of other materials) other than those of heading 4303",9.0,9.0,18.0,
4303,III,132A,"Articles of apparel, clothing accessories and other articles of furskin",9.0,9.0,18.0,
4304,III,133,Artificial fur and articles thereof,9.0,9.0,18.0,
4403,III,134,Wood in the rough,9.0,9.0,18.0,
4407,III,135,Wood sawn or chipped,9.0,9.0,18.0,
4408,III,136,"Sheets for veneering (including those obtained by slicing laminated wood), for plywood or for similar laminated wood and other wood, sawn lengthwise, sliced or peeled, whether or not planed, sanded, spliced or end-jointed, of a thickness not exceeding 6 mm [other than for match splints]",9.0,9.0,18.0,
4409,III,137,"Wood (including strips and friezes for parquet flooring, not assembled) continuously shaped (tongued, grooved, rebated, chamfered, v-jointed, beaded, moulded, rounded or the like) along any of its edges or faces, whether or not planed, sanded or end-jointed [other than bamboo flooring]",9.0,9.0,18.0,
4410,III,137A,"Particle board, Oriented Strand Board and similar board (for example, wafer board) of wood or other ligneous materials, whether or not agglomerated with resins or other organic binding substances, other than specified boards",9.0,9.0,18.0,
4411,III,137B,"Fibre board of wood or other ligneous materials, whether or not bonded with resins or other organic substances, other than specified boards",9.0,9.0,18.0,
4412,III,137C,"Plywood, veneered panels and similar laminated wood",9.0,9.0,18.0,
4413,III,137D,"Densified wood, in blocks, plates, strips, or profile shapes",9.0,9.0,18.0,
4414,III,137E,"Wooden frames for paintings, photographs, mirrors or similar objects",9.0,9.0,18.0,
4418,III,137F,"Builders’ joinery and carpentry of wood, including cellular wood panels, assembled flooring panels, shingles and shakes other than bamboo wood building joinery",9.0,9.0,18.0,
4421,III,137G,"Wood paving blocks, articles of densified wood not elsewhere included or specified, Parts of domestic decorative articles used as tableware and kitchenware",9.0,9.0,18.0,
44,III,138,"Resin bonded bamboo mat board, with or without veneer in between",9.0,9.0,18.0,
44,III,139,Bamboo flooring tiles,9.0,9.0,18.0,
4501,III,141,"Waste cork; crushed, granulated or ground cork",9.0,9.0,18.0,
4803,III,145,"Toilet or facial tissue stock, towel or napkin stock and similar paper of a kind used for household or sanitary purposes, cellulose wadding and webs of cellulose fibres, whether or not creped, crinkled, embossed, perforated, surface-coloured, surface-decorated or printed, in rolls or sheets",9.0,9.0,18.0,
4806,III,146,"Vegetable parchment, tracing papers and other glazed transparent or translucent papers, in rolls or sheets (other than greaseproof paper, glassine paper)",9.0,9.0,18.0,
4809,III,147,"Carbon paper, self-copy paper and other copying or transfer papers (including coated or impregnated paper for duplicator stencils or offset plates), whether or not printed, in rolls or sheets",9.0,9.0,18.0,
4811,III,148,"Paper, paperboard, cellulose wadding and webs of cellulose fibres, coated, impregnated, covered, surface-coloured, surface-decorated or printed, in rolls or rectangular (including square) sheets, of any size, other than goods of the kind described in heading 4803, 4809 or 4810",9.0,9.0,18.0,
4812,III,149,"Filter blocks, slabs and plates, of paper pulp",9.0,9.0,18.0,
4813,III,150,"Cigarette paper, whether or not cut to size or in the form of booklets or tubes",9.0,9.0,18.0,
4814,III,150A,Wall paper and similar wall coverings; window transparencies of paper,9.0,9.0,18.0,
4816,III,151,"Carbon paper, self-copy paper and other copying or transfer papers (other than those of heading 4809), duplicator stencils and offset plates, of paper, whether or not put up in boxes",9.0,9.0,18.0,
4817,III,152,"Envelopes, letter cards, plain postcards and correspondence cards, of paper or paperboard; [other than boxes, pouches, wallets and writing compendiums, of paper or paperboard, containing an assortment of paper stationery including writing blocks]",9.0,9.0,18.0,
4818,III,153,"Toilet paper and similar paper, cellulose wadding or webs of cellulose fibres, of a kind used for household or sanitary purposes, in rolls of a width not exceeding 36 cm, or cut to size or shape; handkerchiefs, cleansing tissues, towels, table cloths, serviettes, napkins for babies, tampons, bed sheets and similar household, sanitary or hospital articles, articles of apparel and clothing accessories, or paper pulp, paper, cellulose wadding or webs of cellulose fibres",9.0,9.0,18.0,
4819,III,153A,"Cartons, boxes, cases, bags and other packing containers, of paper, paperboard, cellulose wadding or webs of cellulose fibres; box files, letter trays, and similar articles, of paper or paperboard of a kind used in offices, shops or the like",9.0,9.0,18.0,
4820,III,154,"Registers, account books, order books, receipt books, letter pads, memorandum pads, diaries and similar articles, blotting- pads, binders (loose-leaf or other), folders, file covers, manifold business forms, interleaved carbon sets and other articles of stationary, of paper or paperboard; and book covers, of paper or paperboard [other than note books and exercise books]",9.0,9.0,18.0,
4821,III,155.,"Paper or paperboard labels of all kinds, whether or not printed",9.0,9.0,18.0,
4822,III,156.,"Bobbins, spools, cops and similar supports of paper pulp, paper or paperboard (whether or not perforated or hardened)",9.0,9.0,18.0,
4823,III,157.,"Other paper, paperboard, cellulose wadding and webs of cellulose fibres, cut to size or shape; other articles of paper pulp, paper, paperboard, cellulose wadding or webs of cellulose fibres other than paper pulp moulded trays, “Braille paper, Kites, Paper mache articles”",9.0,9.0,18.0,
49060000,III,157A,"Plans and drawings for architectural, engineering, industrial, commercial, topographical or similar purposes, being originals drawn by hand; hand-written texts; photographic reproductions on sensitised paper and carbon copies of the foregoing.",9.0,9.0,18.0,
4907,III,157B,"Unused postage, revenue or similar stamps of current or new issue in the country in which they have, or will have, a recognised face value; stamp-impressed paper; banknotes; cheque forms; stock, share or bond certificates and similar documents of title (other than Duty Credit Scrips ) ; Cheques, loose or in book form",9.0,9.0,18.0,
4908,III,157C,Transfers (decalcomanias).,9.0,9.0,18.0,
4909,III,157D,"Printed or illustrated postcards; printed cards bearing personal greetings, messages or announcements, whether or not illustrated, with or without envelopes or trimmings.",9.0,9.0,18.0,
4910,III,157E,"Calendars of any kind, printed, including calendar blocks.",9.0,9.0,18.0,
4911,III,157F,"Other printed matter, including printed pictures and photographs; such as Trade advertising material, Commercial catalogues and the like, printed Posters, Commercial catalogues, Printed inlay cards, Pictures, designs and photographs, Plan and drawings for architectural engineering, industrial, commercial, topographical or similar purposes reproduced with the aid of computer or any other devices.",9.0,9.0,18.0,
5402,III,159,All goods other than synthetic filament yarns,9.0,9.0,18.0,
5404,III,159,All goods other than synthetic filament yarns,9.0,9.0,18.0,
5406,III,159,All goods other than synthetic filament yarns,9.0,9.0,18.0,
5403,III,160,All goods other than artificial filament yarns,9.0,9.0,18.0,
5405,III,160,All goods other than artificial filament yarns,9.0,9.0,18.0,
5406,III,160,All goods other than artificial filament yarns,9.0,9.0,18.0,
5501,III,161,Synthetic or artificial filament tow,9.0,9.0,18.0,
5502,III,161,Synthetic or artificial filament tow,9.0,9.0,18.0,
5503,III,162,Synthetic or artificial staple fibres,9.0,9.0,18.0,
5504,III,162,Synthetic or artificial staple fibres,9.0,9.0,18.0,
5506,III,162,Synthetic or artificial staple fibres,9.0,9.0,18.0,
5507,III,162,Synthetic or artificial staple fibres,9.0,9.0,18.0,
5505,III,163,Waste of manmade fibres,9.0,9.0,18.0,
56012200,III,163A,Cigarette Filter rods,9.0,9.0,18.0,
3923,III,163B,"Woven and non-woven bags and sacks of polyethylene or polypropylene strips or the like, whether or not laminated, of a kind used for packing of goods",9.0,9.0,18.0,
6305,III,163B,"Woven and non-woven bags and sacks of polyethylene or polypropylene strips or the like, whether or not laminated, of a kind used for packing of goods",9.0,9.0,18.0,
63053200,III,163C,Flexible intermediate bulk containers,9.0,9.0,18.0,
6401,III,166,"Waterproof footwear with outer soles and uppers of rubber or of plastics, the uppers of which are neither fixed to the sole nor assembled by stitching, riveting, nailing, screwing, plugging or similar processes",9.0,9.0,18.0,
6402,III,167,Other footwear with outer soles and uppers of rubber or plastics,9.0,9.0,18.0,
6403,III,168,"Footwear with outer soles of rubber, plastics, leather or composition leather and uppers of leather",9.0,9.0,18.0,
6404,III,169,"Footwear with outer soles of rubber, plastics, leather or composition leather and uppers of textile materials",9.0,9.0,18.0,
6405,III,170,Other footwear,9.0,9.0,18.0,
6406,III,171,"Parts of footwear (including uppers whether or not attached to soles other than outer soles); removable in-soles, heel cushions and similar articles; gaiters, leggings and similar articles, and parts thereof",9.0,9.0,18.0,
6501,III,172,"Hat-forms, hat bodies and hoods of felt, neither blocked to shape nor with made brims; plateaux and manchons (including slit manchons), of felt other than textile caps",9.0,9.0,18.0,
6502,III,173,"Hat-shapes, plaited or made by assembling strips of any material, neither blocked to shape, nor with made brims, nor lined, nor trimmed",9.0,9.0,18.0,
65040000,III,174,"Hats and other headgear, plaited or made by assembling strips of any material, whether or not lined or trimmed",9.0,9.0,18.0,
6505,III,175,"Other headgear, knitted or crocheted, or made up from lace, felt or other textile fabric, in the piece (but not in strips), whether or not lined or trimmed; hair-nets of any material, whether or not lined or trimmed",9.0,9.0,18.0,
6506,III,176,"Other headgear, whether or not lined or trimmed",9.0,9.0,18.0,
6507,III,177,"Head-bands, linings, covers, hat foundations, hat frames, peaks and chinstraps, for headgear",9.0,9.0,18.0,
6702,III,177A,"Artificial flowers, foliage and fruit and parts thereof; articles made of artificial flowers, foliage or fruit",9.0,9.0,18.0,
6703,III,177B,"Wool or other animal hair or other textile materials, prepared for use in making wigs or the like",9.0,9.0,18.0,
6704,III,177C,"Wigs, false beards, eyebrows and eyelashes, switches and the like, of human or animal hair or of textile materials; articles of human hair not elsewhere specified or included",9.0,9.0,18.0,
6801,III,177D,"Setts, curbstones and flagstones, of natural stone (except slate)",9.0,9.0,18.0,
6802,III,177E,"Worked monumental or building stone (except slate) and 17 articles thereof, other than goods of heading 6801; mosaic cubes and the like, of natural stone (including slate), whether or not on a backing; artificially coloured granules, chippings and power, of natural stone (including slate) [other than statues, statuettes, pedestals; high or low reliefs, crosses, figures of animals, bowls, vases, cups, cachou boxes, writing sets, ashtrays, paper weights, artificial fruit and foliage, etc.; other ornamental goods essentially of stone ][except the items covered in Sl. No. 123 in Schedule I]",9.0,9.0,18.0,
6803,III,177F,Worked slate and articles of slate or of agglomerated slate,9.0,9.0,18.0,
6804,III,178,"Millstones, grindstones, grinding wheels and the like, without frameworks, for grinding, sharpening, polishing, trueing or cutting, hand sharpening or polishing stones, and parts thereof, of natural stone, of agglomerated nllatural or artificial abrasives, or of ceramics, with or without parts of other materials",9.0,9.0,18.0,
6805,III,179,"Natural or artificial abrasive powder or grain, on a base of textile material, of paper, of paperboard or of other materials, whether or not cut to shape or sewn or otherwise made up",9.0,9.0,18.0,
6806,III,180,"Slag wool, rock wool and similar mineral wools; exfoliated vermiculite, expanded clays, foamed slag and similar expanded mineral materials; mixtures and articles of heat-insulating, sound-insulating or sound- absorbing mineral materials, other than those of heading 6811 or 6812 or chapter 69",9.0,9.0,18.0,
6807,III,[180A,"Articles of asphalt or of similar material (for example, petroleum bitumen or coal tar pitch)",9.0,9.0,18.0,
6808,III,180B,"Panels, boards, tiles, blocks and similar articles of vegetable fibre, of straw or of shavings, chips, particles, sawdust or other waste, of wood, agglomerated with cement, plaster or other mineral binders",9.0,9.0,18.0,
6809,III,180C,"Articles of plaster or of compositions based on plaster; such as Boards, sheets, panels, tiles and similar articles, not ornamented",9.0,9.0,18.0,
6810,III,181.,"Articles of cement, of concrete or of artificial stone, whether or not reinforced",9.0,9.0,18.0,
6811,III,182.,"Articles of asbestos-cement, of cellulose fibre-cement or the like",9.0,9.0,18.0,
6812,III,182A,"Fabricated asbestos fibres; mixtures with a basis of asbestos or with a basis of asbestos and magnesium carbonate; articles of such mixtures or of asbestos (for example, thread, woven fabric, clothing, headgear, footwear, gaskets), whether or not reinforced, other than goods of heading 6811 or 6813",9.0,9.0,18.0,
6813,III,182B,"Friction material and articles thereof (for example, sheets, rolls, strips, segments, discs, washers, pads), not mounted, for brakes, for clutches or the like, with a basis of asbestos, of other mineral substances or of cellulose, whether or not combined with textiles or other materials",9.0,9.0,18.0,
6814,III,182C,"Worked mica and articles of mica, including agglomerated or reconstituted mica, whether or not on a support of paper, paperboard or other materials",9.0,9.0,18.0,
6815,III,182D,"Articles of stone or of other mineral substances (including carbon fibres, articles of carbon fibres and articles of peat), not elsewhere specified or included [other than Fly ash bricks; Fly ash aggregates; Fly ash blocks]",9.0,9.0,18.0,
6901,III,182E,"Blocks, tiles and other ceramic goods of siliceous fossil meals (for example, kieselguhr, tripolite or diatomite) or of similar siliceous earths",9.0,9.0,18.0,
6902,III,183,"Refractory bricks, blocks, tiles and similar refractory ceramic constructional goods, other than those of siliceous fossil meals or similar siliceous earths",9.0,9.0,18.0,
6903,III,184,"Other refractory ceramic goods (for example, retorts, crucibles, muffles, nozzles, plugs, supports, cupels, tubes, pipes, sheaths and rods), other than those of siliceous fossil meals or of similar siliceous earths",9.0,9.0,18.0,
6904,III,184A,"Ceramic flooring blocks, support or filler tiles and the like",9.0,9.0,18.0,
6905,III,184B,"Chimney-pots, cowls, chimney liners, architectural ornaments and other ceramic constructional goods",9.0,9.0,18.0,
6906,III,185,"Ceramic pipes, conduits, guttering and pipe fittings",9.0,9.0,18.0,
6907,III,185A,"Ceramic flags and paving, hearth or wall tiles; ceramic mosaic cubes and the like, whether or not on a backing; finishing ceramics",9.0,9.0,18.0,
6909,III,185B,"Ceramic wares for laboratory, chemical or other technical uses; ceramic troughs, tubs and similar receptacles of a kind used in agriculture; ceramic pots, jars and similar articles of a kind used for the conveyance or packing of goods",9.0,9.0,18.0,
6910,III,185C,"Ceramic sinks, wash basins, wash basin pedestals, baths, bidets, water closet pans, flushing cisterns, urinals and similar sanitary fixtures",9.0,9.0,18.0,
6914,III,185D,Other ceramic articles,9.0,9.0,18.0,
7002,III,189,"Glass in balls (other than microspheres of heading 70.18), rods or tubes, unworked",9.0,9.0,18.0,
7003,III,189A,"Cast glass and rolled glass, in sheets or profiles, whether or not having an absorbent, reflecting or non-reflecting layer, but not otherwise worked",9.0,9.0,18.0,
7004,III,189B,"Drawn glass and blown glass, in sheets, whether or not having an absorbent, reflecting or non-reflecting layer, but not otherwise worked",9.0,9.0,18.0,
7005,III,189C,"Float glass and surface ground or polished glass, in sheets, whether or not having an absorbent, reflecting or non-reflecting layer, but not otherwise worked",9.0,9.0,18.0,
70060000,III,189D,"Glass of heading 7003, 7004 or 7005, bent, edge-worked, engraved, drilled, enamelled or otherwise worked, but not framed or fitted with other materials",9.0,9.0,18.0,
7007,III,189E,"Safety glass, consisting of toughened (tempered) or 19 laminated glass",9.0,9.0,18.0,
7008,III,189F,Multiple-walled insulating units of glass,9.0,9.0,18.0,
7009,III,189G,"Glass mirrors, whether or not framed, including rear-view mirrors",9.0,9.0,18.0,
7010,III,190,"Carboys, bottles, flasks, jars, pots, phials, ampoules and other containers, of glass, of a kind used for the conveyance or packing of goods; preserving jars of glass; stoppers, lids and other closures, of glass",9.0,9.0,18.0,
7011,III,190A,"Glass envelopes (including bulbs and tubes), open, and glass parts thereof, without fittings, for electric lamps and light sources, cathode ray tube or the like",9.0,9.0,18.0,
7013,III,191.,"Glassware of a kind used for table, kitchen, toilet, office, indoor decoration or similar purposes (other than that of heading 7010 or 7018)",9.0,9.0,18.0,
7014,III,191A,"Signalling glassware and optical elements of glass (other than those of heading 7015), not optically worked",9.0,9.0,18.0,
7015,III,192.,"Clock or watch glasses and similar glasses, glasses for non-corrective spectacles, curved, bent, hollowed or the like, not optically worked; hollow glass spheres and their segments, for the manufacture of such glasses",9.0,9.0,18.0,
7016,III,192A,"Paving blocks, slabs, bricks, squares, tiles and other articles of pressed or moulded glass, whether or not wired, of a kind used for building or construction purposes; glass cubes and other glass small wares, whether or not on a backing, for mosaics or similar decorative purposes; leaded lights and the like; multi-cellular or foam glass in blocks, panels, plates,shells or similar forms",9.0,9.0,18.0,
7017,III,193,"Laboratory, hygienic or pharmaceutical glassware, whether or not graduated or calibrated",9.0,9.0,18.0,
7018,III,194,"Imitation pearls, imitation precious or semi-precious stones and similar glass smallwares, and articles thereof other than imitation jewellery; glass eyes other than prosthetic articles; statuettes and other ornaments of lamp-worked glass, other than imitaion jewelery; glass microsphers not exceeding 1 mm in diameter",9.0,9.0,18.0,
7019,III,195,"Glass fibres (including glass wool) and articles thereof (for example, yarn, rovings, woven fabrics)",9.0,9.0,18.0,
7020,III,195A,"Other articles of glass [other than Globes for lamps and lanterns, Founts for kerosene wick lamps, Glass chimneys for lamps and lanterns",9.0,9.0,18.0,
7201,III,196,"Pig iron and spiegeleisen in pigs, blocks or other primary forms",9.0,9.0,18.0,
7202,III,197,Ferro-alloys,9.0,9.0,18.0,
7203,III,198,"Ferrous products obtained by direct reduction of iron ore and other spongy ferrous products, in lumps, pellets or similar forms; iron having a minimum purity by weight of 99.94%, in lumps, pellets or similar forms",9.0,9.0,18.0,
7204,III,199,Ferrous waste and scrap; remelting scrap ingots of iron or steel,9.0,9.0,18.0,
7205,III,200,"Granules and powders, of pig iron, spiegeleisen, iron or steel",9.0,9.0,18.0,
7206,III,201,Iron and non-alloy steel in ingots or other primary forms (excluding iron of heading 7203),9.0,9.0,18.0,
7207,III,202,Semi-finished products of iron or non- alloy steel,9.0,9.0,18.0,
7208,III,203,All flat-rolled products of iron or non- alloy steel,9.0,9.0,18.0,
7209,III,203,All flat-rolled products of iron or non- alloy steel,9.0,9.0,18.0,
7210,III,203,All flat-rolled products of iron or non- alloy steel,9.0,9.0,18.0,
7211,III,203,All flat-rolled products of iron or non- alloy steel,9.0,9.0,18.0,
7212,III,203,All flat-rolled products of iron or non- alloy steel,9.0,9.0,18.0,
7213,III,204,"All bars and rods, of iron or non-alloy steel",9.0,9.0,18.0,
7214,III,204,"All bars and rods, of iron or non-alloy steel",9.0,9.0,18.0,
7215,III,204,"All bars and rods, of iron or non-alloy steel",9.0,9.0,18.0,
7216,III,205,"Angles, shapes and sections of iron or non- alloy steel",9.0,9.0,18.0,
7217,III,206,Wire of iron or non-alloy steel,9.0,9.0,18.0,
7218,III,207,Stainless steel in ingots or other primary forms; semi-finished products of stainless steel,9.0,9.0,18.0,
7219,III,208,All flat-rolled products of stainless steel,9.0,9.0,18.0,
7220,III,208,All flat-rolled products of stainless steel,9.0,9.0,18.0,
7221,III,209,"All bars and rods, of stainless steel",9.0,9.0,18.0,
7222,III,209,"All bars and rods, of stainless steel",9.0,9.0,18.0,
7223,III,210,Wire of stainless steel,9.0,9.0,18.0,
7224,III,211,Other alloy steel in ingots or other primary forms; semi-finished products of other alloy steel,9.0,9.0,18.0,
7225,III,212,All flat-rolled products of other alloy steel,9.0,9.0,18.0,
7226,III,212,All flat-rolled products of other alloy steel,9.0,9.0,18.0,
7227,III,213,All bars and rods of other alloy steel.,9.0,9.0,18.0,
7228,III,213,All bars and rods of other alloy steel.,9.0,9.0,18.0,
7229,III,214,Wire of other alloy steel,9.0,9.0,18.0,
7301,III,215,"Sheet piling of iron or steel, whether or not drilled, punched or made from assembled elements; welded angles, shapes and sections, of iron or steel",9.0,9.0,18.0,
7302,III,216,"Railway or tramway track construction material of iron or steel, the following: rails, check-rails and rack rails, switch blades, crossing frogs, point rods and other crossing pieces, sleepers (cross-ties), fish- plates, chairs, chair wedges, sole plates (base plates), rail clips bedplates, ties and other material specialized for jointing or fixing rails",9.0,9.0,18.0,
7303,III,217,"Tubes, pipes and hollow profiles, of cast iron",9.0,9.0,18.0,
7304,III,218,"Tubes, pipes and hollow profiles, seamless, of iron (other than cast iron) or steel",9.0,9.0,18.0,
7305,III,219,"Other tubes and pipes (for example, welded, riveted or similarly closed),having circular cross‑sections, the external diameter of which exceeds 406.4 mm, of iron or steel",9.0,9.0,18.0,
7306,III,220,"Other tubes, pipes and hollow profiles (for example, open seam or welded, riveted or similarly closed), of iron or steel",9.0,9.0,18.0,
7307,III,221,"Tube or pipe fittings (for example, couplings, elbows, sleeves), of iron or steel",9.0,9.0,18.0,
7308,III,222,"Structures (excluding prefabricated buildings of heading 94.06) and parts of structures (for example, bridges and bridge ‑sections, lock‑gates, towers, lattice masts, roofs, roofing frame ‑ works, doors and windows and their frames and thresholds for doors, and shutters, balustrades, pillars, and columns), of iron or steel; plates, rods, angles, shapes, section, tubes and the like, prepared for using structures, of iron or steel [other than transmission towers]",9.0,9.0,18.0,
7309,III,223,"Reservoirs, tanks, vats and similar containers for any material (other than compressed or liquefied gas), of iron or steel, of a capacity exceeding 300 l, whether or not lined or heat-insulated, but not fitted with mechanical or thermal equipment",9.0,9.0,18.0,
7310,III,224,"Tanks, casks, drums, cans, boxes and similar containers, for any material (other than compressed or liquefied gas), of iron or steel, of a capacity not exceeding 300 l, whether or not lined or heat-insulated, but not fitted with mechanical or thermal equipment",9.0,9.0,18.0,
7311,III,225,"Containers for compressed or liquefied gas, of iron or steel",9.0,9.0,18.0,
7312,III,226,"Stranded wire, ropes, cables, plaited bands, slings and the like, of iron or steel, not electrically insulated",9.0,9.0,18.0,
7313,III,227,"Barbed wire of iron or steel; twisted hoop or single flat wire, barbed or not, and loosely twisted double wire, of a kind used for fencing, of iron or steel",9.0,9.0,18.0,
7314,III,228,"Cloth (including endless bands), grill, netting and fencing, of iron or steel wire;expanded metal of iron or steel",9.0,9.0,18.0,
7315,III,229,"Chain and parts thereof, of iron or steel falling under 7315 20, 7315 81, 7315, 82, 7315 89, 7315 90",9.0,9.0,18.0,
7316,III,230,"Anchors, grapnels and parts thereof, of iron or steel",9.0,9.0,18.0,
7317,III,231,"Nails, tacks, drawing pins, corrugated nails, staples (other than those of heading 8305) and similar articles, of iron or steel, whether or not with heads of other material, but excluding such articles with heads of copper",9.0,9.0,18.0,
7318,III,232,"Screws, bolts, nuts, coach screws, screw hooks, rivets, cotters, cotter-pins, washers (including spring washers) and similar articles, of iron or steel",9.0,9.0,18.0,
7319,III,233,"knitting needles, bodkins, crochet hooks, embroidery stilettos and similar articles, for use in the hand, of iron or steel; safety pins and other pins of iron or steel, not elsewhere specified or included",9.0,9.0,18.0,
7320,III,234,"Springs and leaves for springs, of iron and steel",9.0,9.0,18.0,
7321,III,235,"Stoves, ranges, grates, cookers (including those with subsidiary boilers for central heating), barbecues, braziers, gas-rings, plate warmers and similar non-electric domestic appliances, and parts thereof, of iron or steel [other than Kerosene burners, kerosene stoves and wood burning stoves of iron or steel",9.0,9.0,18.0,
7322,III,235A,"Radiators for central heating, not electrically heated, and parts thereof, of iron or steel; air heaters and hot air 20 distributors (including distributors which can also distribute fresh or conditioned air), not electrically heated, incorporating a motor-driven fan or blower, and parts thereof, of iron or steel",9.0,9.0,18.0,
7323,III,236,"Iron or steel wool; pot scourers and scouring or polishing pads, gloves and the like, of iron or steel",9.0,9.0,18.0,
73239410,III,236A,Ghamella,9.0,9.0,18.0,
7324,III,236B,"Sanitary ware and parts thereof, of iron and steel",9.0,9.0,18.0,
7325,III,237,Other cast articles of iron or steel,9.0,9.0,18.0,
7326,III,238,Other articles of iron or steel,9.0,9.0,18.0,
7401,III,239,Copper mattes; cement copper (precipitated copper),9.0,9.0,18.0,
7402,III,240,Unrefined copper; copper anodes for electrolytic refining,9.0,9.0,18.0,
7403,III,241,"Refined copper and copper alloys, unwrought",9.0,9.0,18.0,
7404,III,242,Copper waste and scrap,9.0,9.0,18.0,
7405,III,243,Master alloys of copper,9.0,9.0,18.0,
7406,III,244,Copper powders and flakes,9.0,9.0,18.0,
7407,III,245,"Copper bars, rods and profiles",9.0,9.0,18.0,
7408,III,246,Copper wire,9.0,9.0,18.0,
7409,III,247,"Copper plates, sheets and strip, of a thickness exceeding 0.15 mm",9.0,9.0,18.0,
7410,III,248,Copper foils,9.0,9.0,18.0,
7411,III,249,Copper tubes and pipes,9.0,9.0,18.0,
7412,III,250,"Copper tube or pipe fittings (for example, couplings, elbows, sleeves)",9.0,9.0,18.0,
7413,III,251,Stranded wires and cables,9.0,9.0,18.0,
7415,III,252,"Nails, tacks, drawing pins, staples (other than those of heading 83.05) and similar articles, of copper or of iron or steel with heads of copper; screws, bolts, nuts, screw hooks, rivets, cotters, cotter-pins, washers (including spring washers) and similar articles, of copper",9.0,9.0,18.0,
7418,III,252A,"All goods [other than table, kitchen or other household articles of copper; Utensils]",9.0,9.0,18.0,
7419,III,253,Other articles of copper other than Brass Kerosene Pressure Stove,9.0,9.0,18.0,
7501,III,254,"Nickel mattes, nickel oxide sinters and other intermediate products of nickel metallurgy",9.0,9.0,18.0,
7502,III,255,Unwrought nickel,9.0,9.0,18.0,
7503,III,256,Nickel waste and scrap,9.0,9.0,18.0,
7504,III,257,Nickel powders and flakes,9.0,9.0,18.0,
7505,III,258,"Nickel bars, rods, profiles and wire",9.0,9.0,18.0,
7506,III,259,"Nickel plates, sheets, strip and foil",9.0,9.0,18.0,
7507,III,260,"Nickel tubes, pipes and tube or pipe fittings (for example, couplings, elbows, sleeves)",9.0,9.0,18.0,
7508,III,261,Other articles of nickel,9.0,9.0,18.0,
7601,III,262,Unwrought Aluminium,9.0,9.0,18.0,
7602,III,263,Aluminium waste and scrap,9.0,9.0,18.0,
7603,III,264,Aluminium powders and flakes,9.0,9.0,18.0,
7604,III,265,"Aluminium bars, rods and profiles",9.0,9.0,18.0,
7605,III,266,Aluminium wire,9.0,9.0,18.0,
7606,III,267,"Aluminium plates, sheets and strip, of a thickness exceeding 0.2 mm",9.0,9.0,18.0,
7607,III,268,"Aluminium foil (whether or not printed or backed with paper, paperboard, plastics or similar backing materials) of a thickness (excluding any backing) not exceeding 0.2 mm",9.0,9.0,18.0,
7608,III,269,Aluminium tubes and pipes,9.0,9.0,18.0,
7609,III,270,"Aluminium tube or pipe fittings (for example, couplings, elbows, sleeves)",9.0,9.0,18.0,
7610,III,271,"Aluminium structures (excluding prefabricated buildings of heading 9406) and parts of structures (for example, bridges and bridge-sections, towers, lattice masts, roofs, roofing frameworks, balustrades, pillars and columns); aluminium plates, rods, profiles, tubes and the like, prepared for use in structures",9.0,9.0,18.0,
7611,III,272,"Aluminium reservoirs, tanks, vats and similar containers, for any material (other than compressed or liquefied gas), of a capacity exceeding 300 l, whether or not lined or heat-insulated, but not fitted with mechanical or thermal equipment",9.0,9.0,18.0,
7612,III,273,"Aluminium casks, drums, cans, boxes, etc.",9.0,9.0,18.0,
7613,III,274,Aluminium containers for compressed or liquefied gas,9.0,9.0,18.0,
7614,III,275,"Stranded wires, cables, plaited bands and the like, of aluminium, not electrically insulated",9.0,9.0,18.0,
7615,III,275A,"All goods [other than table, kitchen or other household articles, of aluminium; Utensils]",9.0,9.0,18.0,
7616,III,276,Other articles of aluminium,9.0,9.0,18.0,
7801,III,277,Unwrought lead,9.0,9.0,18.0,
7802,III,278,Lead waste and scrap,9.0,9.0,18.0,
7804,III,279,"Lead plates, sheets, strip and foil; lead powders and flakes",9.0,9.0,18.0,
7806,III,280,Other articles of lead (including sanitary fixtures and Indian lead seals),9.0,9.0,18.0,
7901,III,281,Unwrought zinc,9.0,9.0,18.0,
7902,III,282,Zinc waste and scrap,9.0,9.0,18.0,
7903,III,283,"Zinc dust, powders and flakes",9.0,9.0,18.0,
7904,III,284,"Zinc bars, rods, profiles and wire",9.0,9.0,18.0,
7905,III,285,"Zinc plates, sheets, strip and foil",9.0,9.0,18.0,
7907,III,286,Other articles of zinc including sanitary fixtures,9.0,9.0,18.0,
8001,III,287,Unwrought tin,9.0,9.0,18.0,
8002,III,288,Tin waste and scrap,9.0,9.0,18.0,
8003,III,289,"Tin bars, rods, profiles and wire",9.0,9.0,18.0,
8007,III,290,Other articles of tin,9.0,9.0,18.0,
8101,III,291,"Other base metals, namely, Tungsten, Molybdenum, Tantalum, Magnesium, Cobalt mattes, and other intermediate products of cobalt metallurgy, Bismuth, Cadmium, Titanium, Zirconium, Antimony, Manganese, Beryllium, chromium, germanium, vanadium, gallium, hafnium, indium, niobium (columbium), rhenium and thallium, and articles thereof, including waste and scrap",9.0,9.0,18.0,
8102,III,291,"Other base metals, namely, Tungsten, Molybdenum, Tantalum, Magnesium, Cobalt mattes, and other intermediate products of cobalt metallurgy, Bismuth, Cadmium, Titanium, Zirconium, Antimony, Manganese, Beryllium, chromium, germanium, vanadium, gallium, hafnium, indium, niobium (columbium), rhenium and thallium, and articles thereof, including waste and scrap",9.0,9.0,18.0,
8103,III,291,"Other base metals, namely, Tungsten, Molybdenum, Tantalum, Magnesium, Cobalt mattes, and other intermediate products of cobalt metallurgy, Bismuth, Cadmium, Titanium, Zirconium, Antimony, Manganese, Beryllium, chromium, germanium, vanadium, gallium, hafnium, indium, niobium (columbium), rhenium and thallium, and articles thereof, including waste and scrap",9.0,9.0,18.0,
8104,III,291,"Other base metals, namely, Tungsten, Molybdenum, Tantalum, Magnesium, Cobalt mattes, and other intermediate products of cobalt metallurgy, Bismuth, Cadmium, Titanium, Zirconium, Antimony, Manganese, Beryllium, chromium, germanium, vanadium, gallium, hafnium, indium, niobium (columbium), rhenium and thallium, and articles thereof, including waste and scrap",9.0,9.0,18.0,
8105,III,291,"Other base metals, namely, Tungsten, Molybdenum, Tantalum, Magnesium, Cobalt mattes, and other intermediate products of cobalt metallurgy, Bismuth, Cadmium, Titanium, Zirconium, Antimony, Manganese, Beryllium, chromium, germanium, vanadium, gallium, hafnium, indium, niobium (columbium), rhenium and thallium, and articles thereof, including waste and scrap",9.0,9.0,18.0,
8106,III,291,"Other base metals, namely, Tungsten, Molybdenum, Tantalum, Magnesium, Cobalt mattes, and other intermediate products of cobalt metallurgy, Bismuth, Cadmium, Titanium, Zirconium, Antimony, Manganese, Beryllium, chromium, germanium, vanadium, gallium, hafnium, indium, niobium (columbium), rhenium and thallium, and articles thereof, including waste and scrap",9.0,9.0,18.0,
8107,III,291,"Other base metals, namely, Tungsten, Molybdenum, Tantalum, Magnesium, Cobalt mattes, and other intermediate products of cobalt metallurgy, Bismuth, Cadmium, Titanium, Zirconium, Antimony, Manganese, Beryllium, chromium, germanium, vanadium, gallium, hafnium, indium, niobium (columbium), rhenium and thallium, and articles thereof, including waste and scrap",9.0,9.0,18.0,
8108,III,291,"Other base metals, namely, Tungsten, Molybdenum, Tantalum, Magnesium, Cobalt mattes, and other intermediate products of cobalt metallurgy, Bismuth, Cadmium, Titanium, Zirconium, Antimony, Manganese, Beryllium, chromium, germanium, vanadium, gallium, hafnium, indium, niobium (columbium), rhenium and thallium, and articles thereof, including waste and scrap",9.0,9.0,18.0,
8109,III,291,"Other base metals, namely, Tungsten, Molybdenum, Tantalum, Magnesium, Cobalt mattes, and other intermediate products of cobalt metallurgy, Bismuth, Cadmium, Titanium, Zirconium, Antimony, Manganese, Beryllium, chromium, germanium, vanadium, gallium, hafnium, indium, niobium (columbium), rhenium and thallium, and articles thereof, including waste and scrap",9.0,9.0,18.0,
8110,III,291,"Other base metals, namely, Tungsten, Molybdenum, Tantalum, Magnesium, Cobalt mattes, and other intermediate products of cobalt metallurgy, Bismuth, Cadmium, Titanium, Zirconium, Antimony, Manganese, Beryllium, chromium, germanium, vanadium, gallium, hafnium, indium, niobium (columbium), rhenium and thallium, and articles thereof, including waste and scrap",9.0,9.0,18.0,
8111,III,291,"Other base metals, namely, Tungsten, Molybdenum, Tantalum, Magnesium, Cobalt mattes, and other intermediate products of cobalt metallurgy, Bismuth, Cadmium, Titanium, Zirconium, Antimony, Manganese, Beryllium, chromium, germanium, vanadium, gallium, hafnium, indium, niobium (columbium), rhenium and thallium, and articles thereof, including waste and scrap",9.0,9.0,18.0,
8112,III,291,"Other base metals, namely, Tungsten, Molybdenum, Tantalum, Magnesium, Cobalt mattes, and other intermediate products of cobalt metallurgy, Bismuth, Cadmium, Titanium, Zirconium, Antimony, Manganese, Beryllium, chromium, germanium, vanadium, gallium, hafnium, indium, niobium (columbium), rhenium and thallium, and articles thereof, including waste and scrap",9.0,9.0,18.0,
8113,III,292,"Cermets and articles thereof, including waste and scrap",9.0,9.0,18.0,
8202,III,293,"Hand saws; blades for saws of all kinds (including slitting, slotting or toothless saw blades)",9.0,9.0,18.0,
8203,III,294,"Files, rasps, pliers (including cutting pliers), pincers, tweezers, metal cutting shears, pipe-cutters, bolt croppers, perforating punches and similar hand tools",9.0,9.0,18.0,
8204,III,295,"Hand-operated spanners and wrenches (including torque meter wrenches but not including tap wrenches); interchangeable spanner sockets, with or without handles",9.0,9.0,18.0,
8205,III,296,"Hand tools (including glaziers' diamonds), not elsewhere specified or included; blow lamps; vices, clamps and the like, other than accessories for and parts of, machine- tools or water-jet cutting machines; anvils; portable forges; hand or pedal-operated grinding wheels with frameworks",9.0,9.0,18.0,
8206,III,297,"Tools of two or more of the headings 8202 to 8205, put up in sets for retail sale",9.0,9.0,18.0,
8207,III,298,"Interchangeable tools for hand tools, whether or not power-operated, or for machine-tools (for example, for pressing, stamping, punching, tapping, threading, drilling, boring, broaching, milling, turning or screw driving), including dies for drawing or extruding metal, and rock drilling or earth boring tools",9.0,9.0,18.0,
8208,III,299,"Knives and cutting blades, for machines or for mechanical appliances",9.0,9.0,18.0,
8209,III,300,"Plates, sticks, tips and the like for tools, unmounted, of cermets",9.0,9.0,18.0,
82100000,III,301,"Hand-operated mechanical appliances, weighing 10 kg or less, used in the preparation, conditioning or serving of food or drink",9.0,9.0,18.0,
8211,III,301A,"Knives with cutting blades, serrated or not (including pruning knives), other than knives of heading 8208, and blades therefor",9.0,9.0,18.0,
8212,III,301AA,Razors and razor blades (including razor blade blanks in strips),9.0,9.0,18.0,
82130000,III,302,"Scissors, tailors' shears and similar shears, and blades therefor",9.0,9.0,18.0,
8214,III,302A,"Other articles of cutlery (for example, hair clippers, butchers' or kitchen cleavers, choppers and mincing knives,); manicure or pedicure sets and instruments (including nail files) [other than pencil sharpeners]",9.0,9.0,18.0,
8215,III,302B,"Spoons, forks, ladles, skimmers, cake-servers, fish-knives, butter-knives, sugar tongs and similar kitchen or tableware",9.0,9.0,18.0,
8301,III,303,"Padlocks and locks (key, combination or electrically operated), of base metal; clasps and frames with clasps, incorporating locks, of base metal; keys for any of the foregoing articles, of base metal",9.0,9.0,18.0,
8302,III,303A,"Base metal mountings, fittings and similar articles suitable for furniture, doors, staircases, windows, blinds, coachwork, saddlery, trunks, chests, caskets or the like; base metal hatracks, hat-pegs, brackets and similar fixtures; castors with mountings of base metal; automatic door closers of base metal",9.0,9.0,18.0,
8303,III,303B,"Armoured or reinforced safes, strong- boxes and doors and safe deposit lockers for strong-rooms, cash or deed boxes and the like, of base metal",9.0,9.0,18.0,
8304,III,303C,"Filing cabinets, card-index cabinets, paper trays, paper rests, pen trays, office-stamp stands and similar office or desk equipment, of base metal, other than office furniture of heading 9403",9.0,9.0,18.0,
8305,III,303D,"Fittings for loose-leaf binders or files, letter clips, letter corners, paper clips, indexing tags and similar office articles, of base metal; staples in strips (for example, for offices, upholstery, packaging), of base metal",9.0,9.0,18.0,
8307,III,305,"Flexible tubing of base metal, with or without fittings",9.0,9.0,18.0,
8308,III,306,"Clasps, frames with clasps, buckles, buckle-clasps, hooks, eyes, eyelets and the like, of base metal, of a kind used for clothing or clothing accessories, footwear, jewellery, wrist watches, books, awnings, leather goods, travel goods or saddlery or for other made up articles; tubular or bifurcated rivets, of base metal; beads and spangles, of base metal",9.0,9.0,18.0,
8309,III,307,"Stoppers, caps and lids (including crown corks, screw caps and pouring stoppers), capsules for bottles, threaded bungs, bung covers, seals and other packing accessories, of base metal",9.0,9.0,18.0,
8310,III,307A,"Sign-plates, name-plates, address-plates and similar plates, numbers, letters and other symbols, of base metal, excluding those of heading 9405",9.0,9.0,18.0,
8311,III,308,"Wire, rods, tubes, plates, electrodes and similar products, of base metal or of metal carbides, coated or cored with flux material, of a kind used for soldering, brazing, welding or deposition of metal or of metal carbides; wire and rods, of agglomerated base metal powder, used for metal spraying",9.0,9.0,18.0,
84,III,308A,Parts suitable for use solely or principally with fixed Speed Diesel Engines of power not exceeding 15HP,9.0,9.0,18.0,
84,III,308B,"Parts suitable for use solely or principally with power driven pumps primarily designed for handling water, namely, centrifugal pumps( horizontal and vertical), deep tube-well turbine pumps, submersible pumps, axial flow and mixed flow vertical pumps",9.0,9.0,18.0,
85,III,308B,"Parts suitable for use solely or principally with power driven pumps primarily designed for handling water, namely, centrifugal pumps( horizontal and vertical), deep tube-well turbine pumps, submersible pumps, axial flow and mixed flow vertical pumps",9.0,9.0,18.0,
8401,III,309,Nuclear reactors; machinery and apparatus for isotopes separation,9.0,9.0,18.0,
8402,III,310,Steam or other vapour generating boilers (other than central heating hot water boilers capable also of producing low pressure steam); super-heated water boilers,9.0,9.0,18.0,
8403,III,311,Central heating boilers other than those of heading 8402,9.0,9.0,18.0,
8404,III,312,"Auxiliary plant for use with boilers of heading 8402 or 8403 (for example, economisers, super-heaters, soot removers, gas recoverers); condensers for steam or other vapour power units",9.0,9.0,18.0,
8405,III,313,"Producer gas or water gas generators, with or without their purifiers; acetylene gas generators and similar water process gas generators, with or without their purifiers",9.0,9.0,18.0,
8406,III,314,Steam turbines and other vapour turbines,9.0,9.0,18.0,
8410,III,315,"Hydraulic turbines, water wheels, and regulators therefor",9.0,9.0,18.0,
8411,III,316,"Turbo-jets, turbo-propellers and other gas turbines [other than aircraft engines]",9.0,9.0,18.0,
8412,III,317,"Other engines and motors (Reaction engines other than turbo jets, Hydraulic power engines and motors, Pneumatic power engines and motors, other, parts) [other than wind turbine or engine]",9.0,9.0,18.0,
8413,III,317A,"“(a) Concrete pumps [8413 40 00]; (b) other rotary positive displacement pumps [8413 60]; (c) Power driven pumps primarily designed for handling water, namely, centrifugal pumps (horizontal and vertical), deep tube-well turbine pumps, submersible pumps, axial flow and mixed flow vertical pumps",9.0,9.0,18.0,
8414,III,317B,"Air or vacuum pumps, air or other gas compressors and fans; ventilating or recycling hoods incorporating a fan, whether or not fitted with filters; Gas-tight biological safety cabinets, whether or not fitted with filters [other than bicycle pumps, other hand pumps and parts of air or vacuum pumps and compressors of bicycle pumps",9.0,9.0,18.0,
84142010,III,317C,Bicycle pumps,9.0,9.0,18.0,
84149012,III,317D,Parts of air or vacuum pumps and compressors of bicycle pumps,9.0,9.0,18.0,
8416,III,318,"Furnace burners for liquid fuel, for pulverised solid fuel or for gas; mechanical stokers, including their mechanical grates, mechanical ash dischargers and similar appliances",9.0,9.0,18.0,
8417,III,319,"Industrial or laboratory furnaces and ovens, including incinerators, non-electric",9.0,9.0,18.0,
8418,III,319A,"Refrigerators, freezers and other refrigerating or freezing equipment, electric or other; heat pumps other than air conditioning machines of heading 8415",9.0,9.0,18.0,
8419,III,320,"Machinery, plant or laboratory equipment, whether or not electrically heated (excluding furnaces, ovens and other equipment of heading 8514), for the treatment of materials by a process involving a change of temperature such as heating, cooking, roasting, distilling, rectifying, sterilising, pasteurising, steaming, drying, evaporating, vaporising, condensing or cooling, other than machinery or plant of a kind used for domestic purposes; instantaneous or storage water heaters, non-electric [other than Solar water heater and system]",9.0,9.0,18.0,
8420,III,321,"Calendering or other rolling machines, other than for metals or glass, and cylinders therefor [other than Hand operated rubber roller]",9.0,9.0,18.0,
8421,III,322,"Centrifuges, including centrifugal dryers; filtering or purifying machinery and apparatus, for liquids or gases",9.0,9.0,18.0,
84222000,III,323,"Machinery for cleaning or drying bottles or other containers; machinery for filling, closing, sealing or labelling bottles, cans, boxes, bags or other containers; machinery for capsuling bottles, jars, tubes and similar containers; other packing or wrapping machinery (including heat- shrink wrapping machinery); machinery for aerating beverages [other than dish washing machines]",9.0,9.0,18.0,
84223000,III,323,"Machinery for cleaning or drying bottles or other containers; machinery for filling, closing, sealing or labelling bottles, cans, boxes, bags or other containers; machinery for capsuling bottles, jars, tubes and similar containers; other packing or wrapping machinery (including heat- shrink wrapping machinery); machinery for aerating beverages [other than dish washing machines]",9.0,9.0,18.0,
84224000,III,323,"Machinery for cleaning or drying bottles or other containers; machinery for filling, closing, sealing or labelling bottles, cans, boxes, bags or other containers; machinery for capsuling bottles, jars, tubes and similar containers; other packing or wrapping machinery (including heat- shrink wrapping machinery); machinery for aerating beverages [other than dish washing machines]",9.0,9.0,18.0,
842290,III,323,"Machinery for cleaning or drying bottles or other containers; machinery for filling, closing, sealing or labelling bottles, cans, boxes, bags or other containers; machinery for capsuling bottles, jars, tubes and similar containers; other packing or wrapping machinery (including heat- shrink wrapping machinery); machinery for aerating beverages [other than dish washing machines]",9.0,9.0,18.0,
8423,III,324,"Weighing machinery (excluding balances of a sensitivity of 5 centigrams or better), including weight operated counting or checking machines; weighing machine weights of all kinds",9.0,9.0,18.0,
8424,III,325,"Mechanical appliances (whether or not hand-operated) for projecting, dispersing or spraying liquids or powders; fire extinguishers, whether or not charged; spray guns and similar appliances; steam or sand blasting machines and similar jet projecting machines [other than sprinklers; drip irrigation systems including laterals; mechanical sprayer; nozzles for drip irrigation equipment or nozzles for sprinklers",9.0,9.0,18.0,
8425,III,326,Pulley tackle and hoists other than skip hoists; winches and capstans; jacks,9.0,9.0,18.0,
8426,III,327,"Ship’s derricks; cranes including cable cranes; mobile lifting frames, straddle carriers and works trucks fitted with a crane",9.0,9.0,18.0,
8427,III,327A,Fork-lift trucks; other works trucks fitted with lifting or handling equipment,9.0,9.0,18.0,
8428,III,327B,"Other lifting, handling, loading or unloading machinery (for example, lifts, escalators, conveyors, teleferics)",9.0,9.0,18.0,
8429,III,327C,"Self-propelled bulldozers, angledozers, graders, levellers, scrapers, mechanical shovels, excavators, shovel loaders, tamping machines and road rollers",9.0,9.0,18.0,
8430,III,327D,"Other moving, grading, levelling, scraping, excavating, tamping, compacting, extracting or boring machinery, for earth, minerals or ores; piledrivers and pile- extractors; snow-ploughs and snowblowers",9.0,9.0,18.0,
8431,III,328,Parts suitable for use solely or principally with the machinery of headings 8425 to 8430,9.0,9.0,18.0,
8433,III,328A,"Machines for cleaning, sorting or grading eggs, fruit or other agricultural produce, other than machinery of heading 8437; parts thereof [8433 90 00]",9.0,9.0,18.0,
8434,III,328B,Milking machines and dairy machinery”;,9.0,9.0,18.0,
8435,III,329,"Presses, crushers and similar machinery used in the manufacture of wine, cider, fruit juices or similar beverages",9.0,9.0,18.0,
8437,III,329A,"Machines for cleaning, sorting or grading, seed, grain or dried leguminous vegetables; machinery used in milling industry or for the working of cereals or dried leguminous vegetables other than farm type machinery and parts thereof",9.0,9.0,18.0,
8438,III,330,"Machinery, not specified or included elsewhere in this Chapter, for the industrial preparation or manufacture of food or drink, other than machinery for the extraction or preparation of animal or fixed vegetable or microbial fats or oils",9.0,9.0,18.0,
8439,III,331,Machinery for making pulp of fibrous cellulosic material or for making or finishing paper or paperboard,9.0,9.0,18.0,
8440,III,332,"Book-binding machinery, including book- sewing machines",9.0,9.0,18.0,
8441,III,333,"Other machinery for making up paper pulp, paper or paperboard, including cutting machines of all kinds",9.0,9.0,18.0,
8442,III,334,"Machinery, apparatus and equipment (other than the machines of headings 8456 to 8465) for preparing or making plates, printing components; plates, cylinders and lithographic stones, prepared for printing purposes (for example, planed, grained or polished)",9.0,9.0,18.0,
8443,III,335,"Printing machinery used for printing by means of plates, cylinders and other printing components of heading 8442; other printers, copying machines and facsimile machines, whether or not combined; parts and accessories thereof",9.0,9.0,18.0,
8444,III,336,"Machines for extruding, drawing, texturing or cutting man-made textile materials",9.0,9.0,18.0,
8445,III,337,"Machines for preparing textile fibres; spinning, doubling or twisting machines and other machinery for producing textile yarns; textile reeling or winding (including weft-winding) machines and machines for preparing textile yarns for use on the machines of heading 8446 or 8447",9.0,9.0,18.0,
8446,III,338,Weaving machines (looms),9.0,9.0,18.0,
8447,III,339,"Knitting machines, stitch-bonding machines and machines for making gimped yarn, tulle, lace, embroidery, trimmings, braid or net and machines for tufting",9.0,9.0,18.0,
8448,III,340,"Auxiliary machinery for use with machines of heading 84.44, 84.45, 84.46 or 84.47 (for example, dobbies, Jacquards, automatic stop motions, shuttle changing mechanisms); parts and accessories suitable for use solely or principally with the machines of this heading or of heading 8444, 8445,8446 or 8447 (for example, spindles and spindles flyers, card clothing, combs, extruding nipples, shuttles, healds and heald frames, hosiery needles)",9.0,9.0,18.0,
8449,III,341,"Machinery for the manufacture or finishing of felt or nonwovens in the piece or in shapes, including machinery for making felt hats; blocks for making hats",9.0,9.0,18.0,
8450,III,341A,"Household or laundry-type washing machines, including machines which both wash and dry",9.0,9.0,18.0,
8451,III,342,"Machinery (other than machines of heading 8450) for washing, cleaning, wringing, drying, ironing, pressing (including fusing presses), bleaching, dyeing, dressing, finishing, coating or impregnating textile yarns, fabrics or made up textile articles and machines for applying the paste to the base fabric or other support used in the manufacture of floor covering such as linoleum; machines for reeling, unreeling, folding, cutting or pinking textile fabrics",9.0,9.0,18.0,
8453,III,343,"Machinery for preparing, tanning or working hides, skins or leather or for making or repairing footwear or other articles of hides, skins or leather, other than sewing machines",9.0,9.0,18.0,
8454,III,344,"Converters, ladles, ingot moulds and casting machines, of a kind used in metallurgy or in metal foundries",9.0,9.0,18.0,
8455,III,345,Metal-rolling mills and rolls therefor,9.0,9.0,18.0,
8456,III,346,"Machine-tools for working any material by removal of material, by laser or other light or photon beam, ultrasonic, electro- discharge, electro-chemical, electron beam, ionic-beam or plasma arc processes",9.0,9.0,18.0,
8457,III,347,"Machining centres, unit construction machines (single station) and multi-station transfer machines, for working metal",9.0,9.0,18.0,
8458,III,348,Lathes (including turning centres) for removing metal,9.0,9.0,18.0,
8459,III,349,"Machine-tools (including way-type unit head machines) for drilling, boring, milling, threading or tapping by removing metal, other than lathes (including turning centres) of heading 8458",9.0,9.0,18.0,
8460,III,350,"Machine-tools for deburring, sharpening, grinding, honing, lapping, polishing or otherwise finishing metal, or cermets by means of grinding stones, abrasives or polishing products, other than gear cutting, gear grinding or gear finishing machines of heading 8461",9.0,9.0,18.0,
8461,III,351,"Machine-tools for planing, shaping, slotting, broaching, gear cutting, gear grinding or gear finishing, sawing, cutting-off and other machine-tools working by removing metal or cermets, not elsewhere specified or included",9.0,9.0,18.0,
8462,III,352,"Machine-Tools (Including Presses) For Working Metal by Forging, Hammering or Die Forging (Excluding Rolling Mills); Machine-Tools (Including Presses, Slitting Lines and Cut-To-Length Lines) For Working Metal by Bending, Folding, Straightening, Flattening, Shearing, Punching, Notching or Nibbling (Excluding Draw-Benches); Presses for Working Metal or Metal Carbides, Not Specified Above",9.0,9.0,18.0,
8463,III,353,"Other machine-tools for working metal, or cermets, without removing material",9.0,9.0,18.0,
8464,III,354,"Machine-tools for working stone, ceramics, concrete, asbestos-cement or like mineral materials or for cold working glass",9.0,9.0,18.0,
8465,III,355,"Machine-tools (including machines for nailing, stapling, glueing or otherwise assembling) for working wood, cork, bone, hard rubber, hard plastics or similar hard materials",9.0,9.0,18.0,
8466,III,356,"Parts and accessories suitable for use solely or principally with the machines of headings 8456 to 8465 including work or tool holders, self-opening dieheads, dividing heads and other special attachments for the machines; tool holders for any type of tool, for working in the hand",9.0,9.0,18.0,
8467,III,357,"Tools for working in the hand, pneumatic, hydraulic or with self-contained electric or non-electric motor",9.0,9.0,18.0,
8468,III,358,"Machinery and apparatus for soldering, brazing or welding, whether or not capable of cutting, other than those of heading 8512.5; gas-operated surface tempering machines and appliances",9.0,9.0,18.0,
8470,III,359,"Calculating machines and pocket-size data recording, reproducing and displaying machines with calculating functions; accounting machines, postage-franking machines, ticket-issuing machines and similar machines, incorporating a calculating device; cash registers",9.0,9.0,18.0,
8471,III,360,"Automatic data processing machines and units thereof; magnetic or optical readers, machines for transcribing data onto data media in coded form and machines for processing such data, not elsewhere specified or included",9.0,9.0,18.0,
8472,III,361,"Other office machines (for example, hectograph or stencil duplicating machines, addressing machines, automatic banknote dispensers, coin sorting machines, coin counting or wrapping machines, pencil sharpening machines, perforating or stapling machines) [other than Braille typewriters, electric or non- electric]",9.0,9.0,18.0,
8473,III,362,"Parts and accessories (other than covers, carrying cases and the like) suitable for use solely or principally with machines of headings 8470 to 8472",9.0,9.0,18.0,
8474,III,363,"Machinery for sorting, screening, separating, washing, crushing, grinding, mixing or kneading earth, stone, ores or other mineral substances, in solid (including powder or paste) form; machinery for agglomerating, shaping or moulding solid mineral fuels, ceramic paste, unhardened cements, plastering materials or other mineral products in powder or paste form; machines for forming foundry moulds of sand",9.0,9.0,18.0,
8475,III,364,"Machines for assembling electric or electronic lamps, tubes or valves or flashbulbs, in glass envelopes; machines for manufacturing or hot working glass or glassware",9.0,9.0,18.0,
8476,III,364A,"Automatic goods-vending machines (for example, postage stamps, cigarette, food or beverage machines), including money changing machines",9.0,9.0,18.0,
8477,III,365,"Machinery for working rubber or plastics or for the manufacture of products from these materials, not specified or included elsewhere in this Chapter",9.0,9.0,18.0,
8478,III,365A,"Machinery for preparing or making up tobacco, not specified or included elsewhere in this chapter",9.0,9.0,18.0,
8479,III,366,"Machines and mechanical appliances having individual functions, not specified or included elsewhere in this Chapter [other than Composting Machines]",9.0,9.0,18.0,
8480,III,367,"Moulding boxes for metal foundry; mould bases; moulding patterns; moulds for metal (other than ingot moulds), metal carbides, glass, mineral materials, rubber or plastics",9.0,9.0,18.0,
8481,III,368,"Taps, cocks, valves and similar appliances for pipes, boiler shells, tanks, vats or the like, including pressure-reducing valves and thermostatically controlled valves",9.0,9.0,18.0,
8482,III,369,"Ball bearing, Roller Bearings",9.0,9.0,18.0,
8483,III,369A,"Transmission shafts (including cam shafts and crank shafts) and cranks; bearing housings and plain shaft bearings; gears and gearing; ball or roller screws; gear boxes and other speed changers, including torque converters; flywheels and pulleys, including pulley blocks; clutches and shaft couplings (including universal joints)",9.0,9.0,18.0,
8484,III,369B,"Gaskets and similar joints of metal sheeting combined with other material or of two or more layers of metal; sets or assortments of gaskets and similar joints, dissimilar in composition, put up in pouches, envelopes or similar packings; mechanical seals",9.0,9.0,18.0,
8485,III,369C,Machines for Additive Manufacturing,9.0,9.0,18.0,
8486,III,370,"Machines and apparatus of a kind used solely or principally for the manufacture of semiconductor boules or wafers, semiconductor devices, electronic integrated circuits or flat panel displays; machines and apparatus specified in Note 9 (C) to this Chapter; parts and accessories",9.0,9.0,18.0,
8487,III,371,"Machinery parts, not containing electrical connectors, insulators, coils, contacts or other electrical features not specified or included elsewhere in this chapter",9.0,9.0,18.0,
84,III,371A,"E-waste Explanation.- For the purpose of this entry, E-waste means electrical and electronic equipment listed in Schedule I of the E-Waste (Management) Rules, 2016 (published in the Gazette of India vide G.S.R. 338 (E) dated the 23rd March, 2016), whole or in part if discarded as waste by the consumer or bulk consumer”;",9.0,9.0,18.0,
85,III,371A,"E-waste Explanation.- For the purpose of this entry, E-waste means electrical and electronic equipment listed in Schedule I of the E-Waste (Management) Rules, 2016 (published in the Gazette of India vide G.S.R. 338 (E) dated the 23rd March, 2016), whole or in part if discarded as waste by the consumer or bulk consumer”;",9.0,9.0,18.0,
8501,III,372,Electric motors and generators (excluding generating sets),9.0,9.0,18.0,
8502,III,373,Electric generating sets and rotary converters,9.0,9.0,18.0,
8503,III,374,Parts suitable for use solely or principally with the machines of heading 8501 or 8502,9.0,9.0,18.0,
8504,III,375,"Electrical transformers, static converters (for example, rectifiers) and inductors]426 [other than charger or charging station for Electrically operated vehicles",9.0,9.0,18.0,
8505,III,376,"Electro-magnets; permanent magnets and articles intended to become permanent magnets after magnetisation; electro- magnetic or permanent magnet chucks, clamps and similar holding devices; electro-magnetic couplings, clutches and brakes; electro-magnetic lifting heads",9.0,9.0,18.0,
8506,III,376A,Primary cells and primary batteries,9.0,9.0,18.0,
85076000,III,376AA,Lithium-ion Batteries,9.0,9.0,18.0,
8507,III,376AAA,Lithium-ion accumulators (other than battery) including lithium-ion power bank,9.0,9.0,18.0,
8508,III,376AB,Vacuum cleaners,9.0,9.0,18.0,
8509,III,376AC,"Electro-mechanical domestic appliances, with self-contained electric motor, other than vacuum cleaners of heading 8508",9.0,9.0,18.0,
8510,III,376AD,"Shavers, hair clippers and hair-removing appliances, with self-contained electric motor",9.0,9.0,18.0,
8512,III,376B,"Electrical lighting or signalling equipment (excluding articles of heading 8539), windscreen wipers, defrosters and demisters, of a kind used for cycles or motor vehicles",9.0,9.0,18.0,
8513,III,376C,"Portable electric lamps designed to function by their own source of energy (for example, dry batteries, accumulators, magnetos), other than lighting equipment of heading 8512",9.0,9.0,18.0,
8514,III,377,Industrial or laboratory electric furnaces and ovens (including those functioning by induction or dielectric loss); other industrial or laboratory equipment for the heat treatment of materials by induction or dielectric loss,9.0,9.0,18.0,
8515,III,378,"Electric (including electrically heated gas), laser or other light or photo beam, ultrasonic, electron beam, magnetic pulse or plasma arc soldering, brazing or welding machines and apparatus, whether or not capable of cutting; electric machines and apparatus for hot spraying of metals or cermets",9.0,9.0,18.0,
8516,III,378A,"Electric instantaneous or storage water heaters and immersion heaters; electric space heating apparatus and soil heating apparatus; electro thermic hairdressing apparatus (for example, hair dryers, hair curlers, curling tong heaters) and hand dryers; electric smoothing irons; other electro-thermic appliances of a kind used for domestic purposes; electric heating resistors, other than those of heading 8545",9.0,9.0,18.0,
8517,III,379,All goods,9.0,9.0,18.0,
8518,III,380,"Microphones and stands therefor; loudspeakers, whether or not mounted in their enclosures; headphones and earphones, whether or not combined with a microphone, and sets consisting of a microphone and one or more loudspeakers; audio-frequency electric amplifiers; electric sound amplifier set",9.0,9.0,18.0,
8519,III,380A,Sound recording or reproducing apparatus,9.0,9.0,18.0,
8521,III,381,"Video recording or reproducing apparatus, whether or not incorporating a video tuner",9.0,9.0,18.0,
8522,III,381A,Parts and accessories suitable for use solely or principally with the apparatus of headings 8519 or 8521,9.0,9.0,18.0,
8523,III,382,"Discs, tapes, solid-state non-volatile storage devices, ""smart cards"" and other media for the recording of sound or of other phenomena, whether or not recorded, including matrices and masters for the production of discs, but excluding products of Chapter 37",9.0,9.0,18.0,
8524,III,382A,"Flat Panel Display Modules, Whether or Not Incorporating Touch-Sensitive Screens",9.0,9.0,18.0,
8525,III,383,"Closed-circuit television (CCTV), transmission apparatus for radio- broadcasting or television, whether or not incorporating reception apparatus or sound recording or reproducing apparatus; television cameras, digital cameras and video camera recorders including goods in the form of unmanned aircraft falling under 8806 [other than two-way radio (Walkie talkie) used by defence, police and paramilitary forces, etc.",9.0,9.0,18.0,
8806,III,383,"Closed-circuit television (CCTV), transmission apparatus for radio- broadcasting or television, whether or not incorporating reception apparatus or sound recording or reproducing apparatus; television cameras, digital cameras and video camera recorders including goods in the form of unmanned aircraft falling under 8806 [other than two-way radio (Walkie talkie) used by defence, police and paramilitary forces, etc.",9.0,9.0,18.0,
8526,III,383A,"Radar apparatus, radio navigational aid apparatus and radio remote control apparatus",9.0,9.0,18.0,
8527,III,383B,"Reception apparatus for radio- broadcasting, whether or not combined, in the same housing, with sound recording or reproducing apparatus or a clock",9.0,9.0,18.0,
8528,III,383C,Television set (including LCD or LED television of screen size not exceeding [32 inches,9.0,9.0,18.0,
8528,III,384,"Computer monitors not exceeding 32 inches, Set top Box for Television (TV)",9.0,9.0,18.0,
8529,III,384A,Parts suitable for use solely or principally with the apparatus of headings 8525 to 8528,9.0,9.0,18.0,
8530,III,384B,"Electrical signalling, safety or traffic control equipment for railways, tramways, roads, inland waterways, parking facilities, port installations or airfields (other than those of heading 8608)",9.0,9.0,18.0,
8531,III,384C,"Electric sound or visual signalling apparatus (for example, bells, sirens, indicator panels, burglar or fire alarms), other than those of heading 8512 or 8530",9.0,9.0,18.0,
8532,III,385,"Electrical capacitors, fixed, variable or adjustable (pre-set)",9.0,9.0,18.0,
8533,III,386,"Electrical resistors (including rheostats and potentiometers), other than heating resistors",9.0,9.0,18.0,
85340000,III,387,Printed Circuits,9.0,9.0,18.0,
8535,III,388,"Electrical apparatus for switching or protecting electrical circuits, or for making connections to or in electrical circuits (for example, switches, fuses, lightning arresters, voltage limiters, surge suppressors, plugs and other connectors, junction boxes), for a voltage exceeding 1,000 volts",9.0,9.0,18.0,
8536,III,388A,"Electrical apparatus for switching or protecting electrical circuits, or for making connections to or in electrical circuits (for example, switches, relays, fuses, surge suppressors, plugs, sockets, lamp holders, and other connectors, junction boxes), for a voltage not exceeding 1,000 volts : connectors for 26 optical fibres, optical fibre bundles or cables",9.0,9.0,18.0,
8537,III,388B,"Boards, panels, consoles, desks, cabinets and other bases, equipped with two or more apparatus of heading 8535 or 8536, for electric control or the distribution of electricity, including those incorporating instruments or apparatus of chapter 90, and numerical control apparatus, other than switching apparatus of heading 8517",9.0,9.0,18.0,
8538,III,389,"Parts suitable for use solely or principally with the apparatus of heading 8535, 8536 or 8537",9.0,9.0,18.0,
8539,III,390,Electrical Filament or discharge lamps including sealed beam lamp units and ultra-violet or infrared lamps; arc lamps,9.0,9.0,18.0,
8540,III,391,"Thermionic, cold cathode or photo-cathode valves and tubes (for example, vacuum or vapour or gas filled valves and tubes, mercury arc rectifying valves and tubes, cathode-ray tubes, television camera tubes)",9.0,9.0,18.0,
8541,III,392,"Semiconductor Devices (for example, Diodes, Transistors, Semiconductor Based Transducers); Photosensitive Semiconductor devices; Light-Emitting Diodes (LED), whether or not assembled with other Light-Emitting Diodes (LED); Mounted Piezo-Electric crystals",9.0,9.0,18.0,
8542,III,393,Electronic integrated circuits,9.0,9.0,18.0,
8543,III,394,"Electrical machines and apparatus, having individual functions, not specified or included elsewhere in this Chapter",9.0,9.0,18.0,
8544,III,395,"Insulated (including enamelled or anodised) wire, cable (including co-axial cable) and other insulated electric conductors, whether or not fitted with connectors; optical fibre cables, made up of individually sheathed fibres, whether or not assembled with electric conductors or fitted with connectors",9.0,9.0,18.0,
8545,III,396,"Carbon electrodes, carbon brushes, Lamp carbons, battery carbons and other articles of graphite or other carbon, with or without metal, of a kind used for electrical purposes",9.0,9.0,18.0,
8546,III,397.,Electrical insulators of any material,9.0,9.0,18.0,
8547,III,397A,"Insulating fittings for electrical machines, appliances or equipment, being fittings wholly of insulating material apart from any minor components of metal (for example, threaded sockets) incorporated during moulding solely for the purposes of assembly, other than insulators of heading 8546; electrical conduit tubing and joints therefor, of base metal lined with insulating material",9.0,9.0,18.0,
8548,III,398.,"Waste and scrap of primary cells, primary batteries and electric accumulators; spent primary cells, spent primary batteries and spent electric accumulators; electrical parts of machinery or apparatus, not specified or included elsewhere in this Chapter",9.0,9.0,18.0,
8549,III,398.,"Waste and scrap of primary cells, primary batteries and electric accumulators; spent primary cells, spent primary batteries and spent electric accumulators; electrical parts of machinery or apparatus, not specified or included elsewhere in this Chapter",9.0,9.0,18.0,
8601,III,398A,Rail locomotives powered from an external source of electricity or by electric accumulators.,9.0,9.0,18.0,
8602,III,398B,"Other rail locomotives; locomotive tenders; such as Diesel electric locomotives, Steam locomotives and tenders thereof",9.0,9.0,18.0,
8603,III,398C,"Self-propelled railway or tramway coaches, vans and trucks, other than those of heading8604.",9.0,9.0,18.0,
8604,III,398D,"Railway or tramway maintenance or service vehicles, whether or not self- propelled (for example, workshops, cranes, ballast tampers, track liners, testing coaches and track inspection vehicles)",9.0,9.0,18.0,
8605,III,398E,"Railway or tramway passenger coaches, not self-propelled; luggage vans, post office coaches and other special purpose railway or tramway coaches, not self- propelled (excluding those of heading 8604)",9.0,9.0,18.0,
8606,III,398F,"Railway or tramway goods vans and wagons, not self-propelled",9.0,9.0,18.0,
8607,III,398G,"Parts of railway or tramway locomotives or rolling-stock; such as Bogies, bissel- bogies, axles and wheels, and parts thereof.",9.0,9.0,18.0,
8608,III,398H,"Railway or tramway track fixtures and fittings; mechanical (including electro- mechanical) signalling, safety or traffic control equipment for railways, tramways, roads, inland waterways, parking facilities, port installations or airfields; parts of the foregoing.",9.0,9.0,18.0,
8609,III,399,Containers (including containers for the transport of fluids) specially designed and equipped for carriage by one or more modes of transport [including refrigerated containers],9.0,9.0,18.0,
8702,III,399A,Buses for use in public transport which exclusively run on Bio-fuels,9.0,9.0,18.0,
8703,III,400,"Following motor vehicles of length not exceeding 4000 mm, namely: - (a) Petrol, Liquefied petroleum gases (LPG) or compressed natural gas (CNG) driven vehicles of engine capacity not exceeding 1200cc; and (b) Diesel driven vehicles of engine capacity not exceeding 1500 cc for persons with orthopedic physical disability, subject to the condition that an officer not below the rank of Deputy Secretary to the Government of India in the Department of Heavy Industries certifies that the said goods shall be used by the persons with orthopedic physical disability in accordance with the guidelines issued by the said Department",9.0,9.0,18.0,
8704,III,401,Refrigerated motor vehicles,9.0,9.0,18.0,
8705,III,401A,"Special purpose motor vehicles, other than those principally designed for the transport of persons or goods (for example, breakdown lorries, crane lorries, fire fighting vehicles, concrete-mixer lorries, road sweeper lorries, spraying lorries, mobile workshops, mobile radiological unit)",9.0,9.0,18.0,
8708,III,402,"Following parts of tractors namely: a. Rear Tractor wheel rim, b. tractor centre housing, c. tractor housing transmission, d. tractor support front axle",9.0,9.0,18.0,
8709,III,402A,"Works trucks, self-propelled, not fitted with lifting or handling equipment, of the type used in factories, warehouses, dock areas or airports for short distance transport of goods; tractors of the type used on railway station platforms; parts of the foregoing vehicles",9.0,9.0,18.0,
8715,III,403,Baby carriages and parts thereof,9.0,9.0,18.0,
8716,III,403A,"Trailers and semi-trailers; other vehicles, not mechanically propelled; parts thereof [other than Self-loading or self-unloading trailers for agricultural purposes, and Hand propelled vehicles (e.g. hand carts, rickshaws and the like); animal drawn vehicles]",9.0,9.0,18.0,
8801,III,404,"Balloons and dirigibles, gliders and other non-powered aircraft",9.0,9.0,18.0,
8804,III,405,Parachutes (including dirigible parachutes and paragliders) and rotochutes; parts thereof and accessories thereto and parts thereof,9.0,9.0,18.0,
8805,III,406,"Aircraft launching gear, deck arrestor or similar gear; ground flying trainers and parts thereof",9.0,9.0,18.0,
8807,III,406A,Parts of goods of heading 8801”;,9.0,9.0,18.0,
89080000,III,407,Vessels and other floating structures for breaking up,9.0,9.0,18.0,
9001,III,408,"Optical fibres and optical fibre bundles; optical fibre cables other than those of heading 8544; sheets and plates of polarising material; prisms, mirrors and other optical elements, of any material, unmounted, other than such elements of glass not optically worked",9.0,9.0,18.0,
9002,III,409.,"Lenses, prisms, mirrors and other optical elements, of any material, mounted, being parts of or fittings for instruments or apparatus, other than such elements of glass not optically worked [other than intraocular lens]",9.0,9.0,18.0,
9004,III,411.,Spectacles [other than corrective]; goggles including those for correcting vision,9.0,9.0,18.0,
9005,III,411A,"Binoculars, monoculars, other optical telescopes, and 27 mountings therefor; other astronomical instruments and mountings therefor, but not including instruments for radio-astronomy",9.0,9.0,18.0,
9006,III,411B,Photographic (other than cinematographic) cameras; photographic flashlight apparatus and flashbulbs other than discharge lamps of heading 8539,9.0,9.0,18.0,
9007,III,411C,"Cinematographic cameras and projectors, whether or not incorporating sound recording or reproducing apparatus",9.0,9.0,18.0,
9008,III,411D,"Image projectors, other than cinematographic; photographic (other than cinematographic) enlargers and reducers",9.0,9.0,18.0,
9010,III,411E,"Apparatus and equipment for photographic (including cinematographic) laboratories, not specified or included elsewhere in this Chapter; negatoscopes; projection screens",9.0,9.0,18.0,
9011,III,411F,"Compound optical microscopes, including those for photomicrography cinephotomicrography or microprojection",9.0,9.0,18.0,
9012,III,411G,Microscopes other than optical microscopes; diffraction apparatus,9.0,9.0,18.0,
9013,III,411H,"Lasers, other than Laser Diodes; other Optical Appliances and Instruments, not specified or included elsewhere in this Chapter",9.0,9.0,18.0,
9014,III,411I,Direction finding compasses; other navigational instruments and appliances,9.0,9.0,18.0,
9015,III,411J,"Surveying (including photogrammetrical surveying), hydrographic, oceanographic, hydrological, meteorological or geophysical instruments and appliances, excluding compasses; rangefinders",9.0,9.0,18.0,
9016,III,412,"Balances of a sensitivity of 5 cg or better, with or without weights",9.0,9.0,18.0,
9017,III,413,"Drawing, marking-out or mathematical calculating instruments (for example, drafting machines, pantographs, protractors, drawing sets, slide rules, disc calculators); instruments for measuring length, for use in the hand (for example, measuring rods and tapes, micrometers, callipers), not specified or included elsewhere in this chapter",9.0,9.0,18.0,
9022,III,413A,"Apparatus based on the use of X-rays or of alpha, beta, gamma or other ionizing radiations [other than those for medical, surgical, dental or veterinary uses], including radiography or radiotherapy apparatus, X-ray tubes and other X-ray generators, high tension generators, control panels and desks, screens, 28 examinations or treatment tables, chairs and the like",9.0,9.0,18.0,
9023,III,413B,"Instruments, apparatus and models, designed for demonstrational purposes (for example, in education or exhibitions), unsuitable for other uses",9.0,9.0,18.0,
9024,III,414,"Machines and appliances for testing the hardness, strength, compressibility, elasticity or other mechanical properties of materials (for example, metals, wood, textiles, paper, plastics)",9.0,9.0,18.0,
9025,III,415,"Hydrometers and similar floating instruments, thermometers, pyrometers, barometers, hygrometers and psychrometers, recording or not, and any combination of these instruments",9.0,9.0,18.0,
9026,III,416,"Instruments and apparatus for measuring or checking the flow, level, pressure or other variables of liquids or gases (for example, flow meters, level gauges,manometers, heat meters), excluding instruments and apparatus of heading 9014, 9015, 9028 or 9032",9.0,9.0,18.0,
9027,III,417,"Instruments and apparatus for physical or chemical analysis (for example, polarimeters, refractometers, spectrometers, gas or smoke analysis apparatus); instruments and apparatus for measuring or checking viscosity, porosity, expansion, surface tension or the like; instruments and appratus for measuring or checking quantities of heat, sound or light (including exposure meters); microtomes",9.0,9.0,18.0,
9028,III,418,"Gas, liquid or electricity supply or production meters, including calibrating meters therefor",9.0,9.0,18.0,
9029,III,419,"Revolution counters, production counters, taximeters, mileometers, pedometers and the like; speed indicators and tachometers, other than those of heading 9014 or 9015; stroboscopes",9.0,9.0,18.0,
9030,III,420,"Oscilloscopes, spectrum analysers and other instruments and apparatus for measuring or checking electrical quantities, excluding meters of heading 90.28; instruments and apparatus for measuring or detecting alpha, beta, gamma, X‑ray, cosmic or other ionising radiations",9.0,9.0,18.0,
9031,III,421,"Measuring or checking instruments, appliances and machines, not specified or included elsewhere in this Chapter; profile projectors",9.0,9.0,18.0,
9032,III,422,Automatic regulating or controlling instruments and apparatus,9.0,9.0,18.0,
9033,III,423,"Parts and accessories (not specified or included elsewhere in this Chapter) for machines, appliances, instruments or apparatus of Chapter 90",9.0,9.0,18.0,
9101,III,423A,"Wrist-watches, pocket-watches and other watches, including stop-watches, with case of precious metal or of metal clad with precious metal",9.0,9.0,18.0,
9102,III,423B,"Wrist-watches, pocket-watches and other watches, including stop watches, other than those of heading 9101",9.0,9.0,18.0,
9103,III,424,"Clocks with watch movements, excluding clocks of heading 9104",9.0,9.0,18.0,
9104,III,424A,"Instrument panel clocks and clocks of a similar type for vehicles, aircraft, spacecraft or vessels",9.0,9.0,18.0,
9105,III,425,Other clocks,9.0,9.0,18.0,
9106,III,425A,"Time of day recording apparatus and apparatus for measuring, recording or otherwise indicating intervals of time, with clock or watch movement or with synchronous motor (for example, time- registers, time-recorders)",9.0,9.0,18.0,
9107,III,425B,Time switches with clock or watch movement or with synchronous motor,9.0,9.0,18.0,
9108,III,425C,"Watch movements, complete and assembled",9.0,9.0,18.0,
9109,III,426,"Clock movements, complete and assembled",9.0,9.0,18.0,
9114,III,427,Other clock or watch parts,9.0,9.0,18.0,
9110,III,428,"Complete watch or clock movements, unassembled or partly assembled (movement sets); incomplete watch or clock movements, assembled; rough watch or clock movements",9.0,9.0,18.0,
9111,III,428A,Watch cases and parts thereof,9.0,9.0,18.0,
9112,III,429,"Clock cases and cases of a similar type for other goods of this chapter, and parts thereof",9.0,9.0,18.0,
9113,III,429A,"Watch straps, watch bands and watch bracelets, and parts thereof",9.0,9.0,18.0,
9201,III,429B,"Pianos, including automatic pianos; harpsi- chords and other keyboard stringed instruments",9.0,9.0,18.0,
9202,III,429C,"Other string musical instruments (for example, guitars, violins, harps)",9.0,9.0,18.0,
9205,III,429D,"Wind musical instruments (for example, keyboard pipe organs, accordions, clarinets, trumpets, bagpipes), other than fairground organs and mechanical street organs",9.0,9.0,18.0,
92060000,III,429E,"Percussion musical instruments (for example, drums, xylophones, cymbols, castanets, maracas)",9.0,9.0,18.0,
9207,III,429F,"Musical instruments, the sound of which is produced, or must be amplified, electrically (for example, organs, guitars, accordions)",9.0,9.0,18.0,
9208,III,429G,"Musical boxes, fairground organs, mechanical street organs, mechanical singing birds, musical saws and other musical instruments not falling within any other heading of this chapter; decoy calls of all kinds; whistles, call horns and other mouth-blown sound signalling instruments",9.0,9.0,18.0,
9209,III,429H,"Parts (for example, mechanisms for musical boxes) and accessories (for example, cards, discs and rolls for mechanical instruments) of musical instruments; metronomes, tuning forks and pitch pipes of all kinds",9.0,9.0,18.0,
9301,III,430,"Military weapons other than revolvers, pistols",9.0,9.0,18.0,
9303,III,431,"Other firearms and similar devices which operate by the firing of an explosive charge (for example, sporting shotguns and rifles, muzzle-loading firearms, very pistols and other devices designed to project only signal flares, pistols and revolvers for firing blank ammunition, captive-bolt humane killers, line-throwing guns)",9.0,9.0,18.0,
9304,III,432,"Other arms (for example, spring, air or gas guns and pistols, truncheons), excluding those of heading 9307",9.0,9.0,18.0,
9305,III,433,Parts and accessories of articles of headings 9301 to 9304,9.0,9.0,18.0,
9306,III,434,"Bombs, grenades, torpedoes, mines, missiles, and similar munitions of war and parts thereof; cartridges and other ammunition and projectiles and parts thereof, including shot and cartridge wads",9.0,9.0,18.0,
9307,III,435,"Swords, cut lasses, bayonets, lances and similar arms and parts thereof and scabbards and sheaths therefor",9.0,9.0,18.0,
9401,III,435A,"Seats (other than those of heading 9402), whether or not convertible into beds, and parts thereof [other than seats of a kind used for aircraft]",9.0,9.0,18.0,
9402,III,436,"Medical, surgical, dental or veterinary furniture (for example, operating tables, examination tables, hospital beds with mechanical fittings, dentists' chairs); barbers' chairs and similar chairs, having rotating as well as both reclining and elevating movements; parts of the foregoing articles",9.0,9.0,18.0,
9403,III,437,"Other furniture [other than furniture wholly made of bamboo, cane or rattan] and parts thereof",9.0,9.0,18.0,
9404,III,438,"Mattress supports; articles of bedding and similar furnishing (for example, mattresses, quilts, eiderdowns, cushions, pouffes and pillows) fitted with springs or stuffed or internally fitted with any material or of cellular rubber or plastics, whether or not covered [other than coir products (except coir mattresses), products wholly made of quilted textile materials and cotton quilts",9.0,9.0,18.0,
9405,III,438A,"Luminaires and lighting fittings including searchlights and spotlights and parts thereof, not elsewhere specified or included; illuminated signs, illuminated nameplates and the like, having a permanently fixed light source, and parts thereof not elsewhere specified or included [other than kerosene pressure lantern and parts thereof including gas mantles; hurricane lanterns, kerosene lamp, petromax, glass chimney, and parts thereof.",9.0,9.0,18.0,
9406,III,439,Prefabricated buildings,9.0,9.0,18.0,
9503,III,440,"Electronic Toys like tricycles, scooters, pedal cars etc. (including parts and accessories thereof)",9.0,9.0,18.0,
9504,III,440A,"Video game consoles and machines, articles of funfair, table or parlour games, including pintables, billiards, special tables for casino games and automatic bowling alley equipment [other than playing cards, ganjifa card, chess board, carom board and other board games of 9504 90 90 like ludo, etc.]",9.0,9.0,18.0,
9505,III,440B,"Festive, carnival or other entertainment articles, including conjuring tricks and novelty jokes",9.0,9.0,18.0,
9506,III,441,"Articles and equipment for general physical exercise, gymnastics, athletics, swimming pools and padding pools other than sports goods",9.0,9.0,18.0,
9508,III,441A,"Travelling Circuses and Travelling Menageries; Amusement Park Rides and Water Part Amusements; Fairground Amusements, including Shooting Galleries; Travelling Theatres",9.0,9.0,18.0,
9602,III,441B,"Worked vegetable or mineral carving material and articles of these materials moulded or carved articles of wax, of stearin, of natural gums or natural resins or of modelling pastes, and other moulded or carved articles, not elsewhere specified or included; worked, unhardened gelatin (except gelatin of heading 3503) and articles of unhardened gelatin",9.0,9.0,18.0,
96062100,III,442,"Buttons, of plastics not covered with the textile material, of base metals, buttons of coconut shell, button blanks",9.0,9.0,18.0,
96062200,III,442,"Buttons, of plastics not covered with the textile material, of base metals, buttons of coconut shell, button blanks",9.0,9.0,18.0,
960629,III,442,"Buttons, of plastics not covered with the textile material, of base metals, buttons of coconut shell, button blanks",9.0,9.0,18.0,
960630,III,442,"Buttons, of plastics not covered with the textile material, of base metals, buttons of coconut shell, button blanks",9.0,9.0,18.0,
9603,III,443,"Brushes (including brushes constituting parts of machines, appliances or vehicles), hand operated mechanical floor sweepers, not motorised, mops and feather dusters; prepared knots and tufts for broom or brush making; paint pads and rollers; squeegees (other than roller squeegees) [other than brooms and brushes, consisting of twigs or other vegetable materials bound together, with or without handles]",9.0,9.0,18.0,
96040000,III,444,Hand sieves and hand riddles,9.0,9.0,18.0,
9605,III,445,"Travel sets for personal toilet, sewing or shoe or clothes cleaning",9.0,9.0,18.0,
9608,III,447,"Ball point pens; felt tipped and other porous-tipped pens and markers; fountain pens; stylograph pens and other pens; duplicating stylos; pen holders, pencil holders and similar holders; parts (including caps and clips) of the foregoing articles, other than those of heading 9609",9.0,9.0,18.0,
96100000,III,448,"Boards, with writing or drawing surface, whether or not framed",9.0,9.0,18.0,
9611,III,448A,"Date, sealing or numbering stamps, and the like (including devices for printing or embossing labels), designed for operating in the hand; hand-operated composing sticks and hand printing sets incorporating such composing sticks",9.0,9.0,18.0,
9612,III,449,"Typewriter or similar ribbons, inked or otherwise prepared for giving impressions, whether or not on spools or in cartridges; ink-pads, whether or not inked, with or without boxes",9.0,9.0,18.0,
9613,III,449A,"Cigarette lighters and other lighters, whether or not mechanical or electrical, and parts thereof other than flints or wicks",9.0,9.0,18.0,
9616,III,449AA,"Scent sprays and similar toilet sprays, and mounts and heads therefor; powder-puffs and pads for the application of cosmetics or toilet preparations",9.0,9.0,18.0,
9617,III,449B,"Vacuum flasks and other vacuum vessels, Complete; parts thereof other than glass inners",9.0,9.0,18.0,
9618,III,449C,"Tailors' dummies and other lay figures; automata and other animated displays, used for shop window dressing",9.0,9.0,18.0,
96200000,III,450,"Monopods, bipods, tripods and similar articles",9.0,9.0,18.0,
9801,III,451,"All items of machinery including prime movers, instruments, apparatus and appliances, control gear and transmission equipment, auxiliary equipment (including those required for research and development purposes, testing and quality control), as well as all components (whether finished or not) or raw materials for the manufacture of the aforesaid items and their components, required for the initial setting up of a unit, or the substantial expansion of an existing unit, of a specified: (1) industrial plant, (2) irrigation project, (3) power project, (4) mining project, (5) project for the exploration for oil or other minerals, and (6) such other projects as the Central Government may, having regard to the economic development of the country notify in the Official Gazette in this behalf; and spare parts, other raw materials (including semi-finished materials of consumable stores) not exceeding 10% of the value of the goods specified above, provided that such spare parts, raw materials or consumable stores are essential for the maintenance of the plant or project mentioned in (1) to (6) above.",9.0,9.0,18.0,
9802,III,452.,Laboratory chemicals,9.0,9.0,18.0,
40117000,III,452A,Tyre for tractors,9.0,9.0,18.0,
40139049,III,452B,Tube for tractor tyres,9.0,9.0,18.0,
84082020,III,452C,Agricultural Diesel Engine of cylinder capacity exceeding 250 cc for Tractor,9.0,9.0,18.0,
84138190,III,452D,Hydraulic Pumps for Tractors,9.0,9.0,18.0,
87081010,III,452E,Bumpers and parts thereof for tractors,9.0,9.0,18.0,
87083000,III,452F,Brakes assembly and its parts thereof for tractors,9.0,9.0,18.0,
87084000,III,452G,Gear boxes and parts thereof for tractors,9.0,9.0,18.0,
87085000,III,452H,Transaxles and its parts thereof for tractors,9.0,9.0,18.0,
87087000,III,452I,Road wheels and parts and accessories thereof for tractors,9.0,9.0,18.0,
87089100,III,452J,(i) Radiator assembly for tractors and parts thereof (ii) Cooling system for tractor engine and parts thereof,9.0,9.0,18.0,
87089200,III,452K,Silencer assembly for tractors and parts thereof,9.0,9.0,18.0,
87089300,III,452L,Clutch assembly and its parts thereof for tractors,9.0,9.0,18.0,
87089400,III,452M,Steering wheels and its parts thereof for tractor,9.0,9.0,18.0,
87089900,III,452N,Hydraulic and its parts thereof for tractors,9.0,9.0,18.0,
87089900,III,452O,"Fender, Hood, wrapper, Grill, Side Panel, Extension Plates, Fuel Tank and parts thereof for tractors”",9.0,9.0,18.0,
1703,IV,1,Molasses,14.0,14.0,28.0,
21069020,IV,10,Pan masala,14.0,14.0,28.0,
220210,IV,12,"All goods [including aerated waters], containing added sugar or other sweetening matter or flavoured",14.0,14.0,28.0,
22029990,IV,12A,Caffeinated Beverages,14.0,14.0,28.0,
2202,IV,12B,Carbonated Beverages of Fruit Drink or Carbonated Beverages with Fruit Juice,14.0,14.0,28.0,
2401,IV,13,Unmanufactured tobacco; tobacco refuse [other than tobacco leaves],14.0,14.0,28.0,
2402,IV,14,"Cigars, cheroots, cigarillos and cigarettes, of tobacco or of tobacco substitutes",14.0,14.0,28.0,
2403,IV,15,Other manufactured tobacco and manufactured tobacco substitutes; “homogenised” or “reconstituted” tobacco; tobacco extracts and essences [including biris],14.0,14.0,28.0,
24041100,IV,15A,Products containing tobacco or reconstituted tobacco and intended for inhalation without combustion,14.0,14.0,28.0,
24041900,IV,15B,Products containing tobacco or nicotine substitutes and intended for inhalation without combustion,14.0,14.0,28.0,
2523,IV,18,"Portland cement, aluminous cement, slag cement, super sulphate cement and similar hydraulic cements, whether or not coloured or in the form of clinkers",14.0,14.0,28.0,
4011,IV,46,"New pneumatic tyres, of rubber [other than of a kind used on/in bicycles, cycle-rickshaws and three wheeled powered cycle rickshaws; [rear tractor tyres; and of a kind used on aircraft]",14.0,14.0,28.0,
8407,IV,114,Spark-ignition reciprocating or rotary internal combustion piston engine [other than aircraft engines,14.0,14.0,28.0,
8408,IV,115,Compression-ignition internal combustion piston engines (diesel or semi-diesel engines),14.0,14.0,28.0,
8409,IV,116,Parts suitable for use solely or principally with the engines of heading 8407 or 8408,14.0,14.0,28.0,
8413,IV,117,"Pumps for dispensing fuel or lubricants of the type used in filling stations or garages [8413 11], Fuel, lubricating or cooling medium pumps for internal combustion piston engines [8413 30]",14.0,14.0,28.0,
8415,IV,119,"Air-conditioning machines, comprising a motor-driven fan and elements for changing the temperature and humidity, including those machines in which the humidity cannot be separately regulated",14.0,14.0,28.0,
8422,IV,122,"Dish washing machines, household [8422 11 00] and other [8422 19 00]",14.0,14.0,28.0,
8507,IV,139,"Electric accumulators, including separators therefor, whether or not rectangular (including square) other than Lithiumion battery and other Lithium-ion accumulators including Lithium-ion power banks",14.0,14.0,28.0,
8511,IV,143,"Electrical ignition or starting equipment of a kind used for spark-ignition or compression- ignition internal combustion engines (for example, ignition magnetos, magneto- dynamos, ignition coils, sparking plugs and glow plugs, starter motors); generators (for example, dynamos, alternators) and cut-outs of a kind used in conjunction with such engines",14.0,14.0,28.0,
8528,IV,154,"Monitors and projectors, not incorporating television reception apparatus; reception apparatus for television, whether or not incorporating radio-broadcast receiver or sound or video recording or reproducing apparatus [other than computer monitors not exceeding 32 inches , set top box for television and Television set (including LCD and LED television) of screen size not exceeding 32 inches",14.0,14.0,28.0,
8701,IV,163A,Road tractors for semi-trailers of engine capacity more than 1800 cc],14.0,14.0,28.0,
8702,IV,164,"Motor vehicles for the transport of ten or more persons, including the driver [other than buses for use in public transport, which exclusively run on Bio-fuels]",14.0,14.0,28.0,
8703,IV,165,"Motor cars and other motor vehicles principally designed for the transport of persons (other than those of heading 8702), including station wagons and racing cars [other than Cars for physically handicapped persons]",14.0,14.0,28.0,
8704,IV,166,Motor vehicles for the transport of goods [other than Refrigerated motor vehicles],14.0,14.0,28.0,
8706,IV,168,"Chassis fitted with engines, for the motor vehicles of headings 8701 to 8705",14.0,14.0,28.0,
8707,IV,169,"Bodies (including cabs), for the motor vehicles of headings 8701 to 8705",14.0,14.0,28.0,
8708,IV,170,Parts and accessories of the motor vehicles of headings 8701 to 8705 [other than specified parts of tractors],14.0,14.0,28.0,
8711,IV,173,"Motorcycles (including mopeds) and cycles fitted with an auxiliary motor, with or without side-cars; side-cars",14.0,14.0,28.0,
8714,IV,174,Parts and accessories of vehicles of heading 8711,14.0,14.0,28.0,
8802,IV,176,Aircrafts for personal use,14.0,14.0,28.0,
8806,IV,176,Aircrafts for personal use,14.0,14.0,28.0,
8903,IV,177,Yachts and other vessels for pleasure or sports; rowing boats and canoes,14.0,14.0,28.0,
9302,IV,210,"Revolvers and pistols, other than those of heading 9303 or 9304",14.0,14.0,28.0,
9614,IV,223,"Smoking pipes (including pipe bowls) and cigar or cigarette holders, and parts thereof",14.0,14.0,28.0,
9804,IV,227,All dutiable articles intended for personal use,14.0,14.0,28.0,
7101,V,1,"Pearls, natural or cultured, whether or not worked or graded but not strung, mounted or set; pearls, natural or cultured, temporarily strung for convenience of transport",1.5,1.5,3.0,
7105,V,5,Dust and powder of natural or synthetic precious or semi-precious stones,1.5,1.5,3.0,
7106,V,6,"Silver (including silver plated with gold or platinum), unwrought or in semi-manufactured forms, or in powder form",1.5,1.5,3.0,
7107,V,7,"Base metals clad with silver, not further worked than semi- manufactured",1.5,1.5,3.0,
7108,V,8,"Gold (including gold plated with platinum) unwrought or in semi- manufactured forms, or in powder form",1.5,1.5,3.0,
7109,V,9,"Base metals or silver, clad with gold, not further worked than semi- manufactured",1.5,1.5,3.0,
7110,V,10,"Platinum, unwrought or in semi-manufactured forms, or in powder form",1.5,1.5,3.0,
7111,V,11,"Base metals, silver or gold, clad with platinum, not further worked than semi-manufactured",1.5,1.5,3.0,
7112,V,12,"Waste and scrap of precious metal or of metal clad with precious metal; other waste and scrap containing precious metal or precious metal compounds, of a kind used principally for the recovery of precious metal.",1.5,1.5,3.0,
7113,V,13,"Articles of jewellery and parts thereof, of precious metal or [of metal clad with precious metal",1.5,1.5,3.0,
