code,schedule,serial,description,cgst,sgst,igst,cess
01012100,I,1,Live horses,2.5,2.5,5.0,
010129,I,1,Live horses,2.5,2.5,5.0,
0202,I,2,"All goods, other than fresh or chilled, pre-packaged and labelled",2.5,2.5,5.0,
0203,I,2,"All goods, other than fresh or chilled, pre-packaged and labelled",2.5,2.5,5.0,
0204,I,2,"All goods, other than fresh or chilled, pre-packaged and labelled",2.5,2.5,5.0,
0205,I,2,"All goods, other than fresh or chilled, pre-packaged and labelled",2.5,2.5,5.0,
0206,I,2,"All goods, other than fresh or chilled, pre-packaged and labelled",2.5,2.5,5.0,
0207,I,2,"All goods, other than fresh or chilled, pre-packaged and labelled",2.5,2.5,5.0,
0208,I,2,"All goods, other than fresh or chilled, pre-packaged and labelled",2.5,2.5,5.0,
0209,I,2,"All goods, other than fresh or chilled, pre-packaged and labelled",2.5,2.5,5.0,
0210,I,2,"All goods, other than fresh or chilled, pre-packaged and labelled",2.5,2.5,5.0,
0303,I,3,"All goods, other than fresh or chilled, pre-packaged and labelled",2.5,2.5,5.0,
0304,I,3,"All goods, other than fresh or chilled, pre-packaged and labelled",2.5,2.5,5.0,
0305,I,3,"All goods, other than fresh or chilled, pre-packaged and labelled",2.5,2.5,5.0,
0306,I,3,"All goods, other than fresh or chilled, pre-packaged and labelled",2.5,2.5,5.0,
0307,I,3,"All goods, other than fresh or chilled, pre-packaged and labelled",2.5,2.5,5.0,
0308,I,3,"All goods, other than fresh or chilled, pre-packaged and labelled",2.5,2.5,5.0,
0309,I,3,"All goods, other than fresh or chilled, pre-packaged and labelled",2.5,2.5,5.0,
0402,I,4,"Milk and cream, concentrated or containing added sugar or other sweetening matter, including condensed milk",2.5,2.5,5.0,
0403,I,5,"Yoghurt; Cream, kephir and other fermented or acidified milk and cream, whether or not concentrated or containing added sugar or other sweetening matter or flavored or containing added fruit, nuts or cocoa; Pre- packaged and labelled Curd, Lassi and Butter milk",2.5,2.5,5.0,
0404,I,6,"Whey, whether or not concentrated or containing added sugar or other sweetening matter; products consisting of natural milk constituents, whether or not containing added sugar or other sweetening matter, not elsewhere specified or included",2.5,2.5,5.0,
0405,I,7,"Butter and other fats and oils derived from milk, including ghee; dairy spreads",2.5,2.5,5.0,
0406,I,8,"Cheese, other than chena or paneer",2.5,2.5,5.0,
0408,I,9,"Birds' eggs, not in shell, and egg yolks, fresh, dried, cooked by steaming or by boiling in water, moulded, frozen or otherwise preserved, whether or not containing added sugar or other sweetening matter.",2.5,2.5,5.0,
0409,I,10,"Natural honey, pre-packaged and labelled",2.5,2.5,5.0,
0410,I,11,"Insects and other edible products of animal origin, not elsewhere specified or included",2.5,2.5,5.0,
0502,I,12,"Pigs', hogs' or boars' bristles and hair; badger hair and other brush making hair; waste of such bristles or hair.",2.5,2.5,5.0,
0504,I,13,"All goods, other than fresh or chilled, pre-packaged and labelled",2.5,2.5,5.0,
0505,I,14,"Skins and other parts of birds, with their feathers or down, feathers and parts of feathers (whether or not with trimmed edges) and down, not further worked than cleaned, disinfected or treated for preservation; powder and waste of feathers or parts of feathers",2.5,2.5,5.0,
0507,I,15,"Ivory, tortoise-shell, whalebone and whalebone hair, horns, unworked or simply prepared but not cut to shape; powder and waste of these products.",2.5,2.5,5.0,
0508,I,16,"Coral and similar materials, unworked or simply prepared but not otherwise worked; shells of molluscs, crustaceans or echinoderms and cuttle-bone, unworked or simply prepared but not cut to shape, powder and waste thereof.",2.5,2.5,5.0,
0510,I,17,"Ambergris, castoreum, civet and musk; cantharides; bile, whether or not dried; glands and other animal products used in the preparation of pharmaceutical products, fresh, chilled, frozen or otherwise provisionally preserved.",2.5,2.5,5.0,
0511,I,18,"Animal products not elsewhere specified or included; dead animals of Chapter 1 or 3, unfit for human consumption, other than semen including frozen semen.",2.5,2.5,5.0,
07,I,19,"Herb, bark, dry plant, dry root, commonly known as jaribooti and dry flower",2.5,2.5,5.0,
0713,I,20,"Dried leguminous vegetables, shelled, whether or not skinned or split pre-packaged and labelled; Guar gum refined split",2.5,2.5,5.0,
0714,I,21,"Manioc, arrowroot, salep, Jerusalem artichokes, sweet potatoes and similar roots and tubers with high starch or inulin content, frozen, whether or not sliced or in the form of pellets, pre-packaged and labelled",2.5,2.5,5.0,
0801,I,22,"Cashew nuts, whether or not shelled or peeled, desiccated coconuts; Brazil nuts, dried, whether or not Shelled or Peeled",2.5,2.5,5.0,
0802,I,23,"Dried areca nuts, whether or not shelled or peeled; Other nuts, dried, whether or not shelled or peeled, such as Almonds, Hazelnuts or filberts (Corylus spp.), Chestnuts (Castanea spp.), Pistachios, Macadamia nuts, Kola nuts (Cola spp.), Pine nuts, chestnuts (singhada), Walnuts, whether or not shelled",2.5,2.5,5.0,
0802,I,24,"Chestnuts (singhada), dried whether or not shelled or peeled",2.5,2.5,5.0,
0813,I,24,"Chestnuts (singhada), dried whether or not shelled or peeled",2.5,2.5,5.0,
08,I,25,"Dried makhana, whether or not shelled or peeled pre- packaged and labelled",2.5,2.5,5.0,
0804,I,26,"Dates (soft or hard), figs, pineapples, avocados, guavas, mangoes and mangosteens, dried",2.5,2.5,5.0,
0805,I,27,"Citrus fruit, such as Oranges, Mandarins (including tangerines and satsumas); clementines, wilkings and similar citrus hybrids, Grapefruit, including pomelos, Lemons (Citrus limon, Citrus limonum) and limes (Citrus aurantifolia, Citrus latifolia), dried",2.5,2.5,5.0,
0806,I,28,"Grapes, dried, and raisins",2.5,2.5,5.0,
0811,I,29,"Fruit and nuts, uncooked or cooked by steaming or boiling in water, frozen, whether or not containing added sugar or other sweetening matter",2.5,2.5,5.0,
0812,I,30,"Fruit and nuts, provisionally preserved (for example, by sulphur dioxide gas, in brine, in sulphur water or in other preservative solutions), but unsuitable in that state for immediate consumption",2.5,2.5,5.0,
0813,I,31,"Fruit, dried, other than that of headings 0801 to 0806; mixtures of nuts or dried fruits of Chapter 8 [other than dried tamarind]",2.5,2.5,5.0,
0814,I,32,"Peel of citrus fruit or melons (including watermelons), frozen, dried or provisionally preserved in brine, in sulphur water or in other preservative solutions",2.5,2.5,5.0,
0901,I,33,"Coffee roasted, whether or not decaffeinated; coffee husks and skins; coffee substitutes containing coffee in any proportion [other than coffee beans not roasted]",2.5,2.5,5.0,
0902,I,34,"Tea, whether or not flavoured [other than unprocessed green leaves of tea]",2.5,2.5,5.0,
0903,I,35,Maté,2.5,2.5,5.0,
0904,I,36,Pepper of the genus Piper; dried or crushed or ground fruits of the genus Capsicum or of the genus Pimenta,2.5,2.5,5.0,
0905,I,37,Vanilla,2.5,2.5,5.0,
0906,I,38,Cinnamon and cinnamon-tree flowers,2.5,2.5,5.0,
0907,I,39,"Cloves (whole fruit, cloves and stems)",2.5,2.5,5.0,
0908,I,40,"Nutmeg, mace and cardamoms",2.5,2.5,5.0,
0909,I,41,"Seeds of anise, badian, fennel, coriander, cumin or caraway; juniper berries [other than of seed quality]",2.5,2.5,5.0,
0910,I,42,"Ginger other than fresh ginger, saffron, turmeric (curcuma) other than fresh turmeric, thyme, bay leaves, curry and other spices",2.5,2.5,5.0,
1001,I,43,"Wheat and meslin, pre-packaged and labelled",2.5,2.5,5.0,
1002,I,44,"Rye, pre-packaged and labelled",2.5,2.5,5.0,
1003,I,45,"Barley, pre-packaged and labelled",2.5,2.5,5.0,
1004,I,46,"Oats, pre-packaged and labelled",2.5,2.5,5.0,
1005,I,47,"Maize (corn), pre-packaged and labelled",2.5,2.5,5.0,
1006,I,48,"Rice, pre-packaged and labelled",2.5,2.5,5.0,
1007,I,49,"Grain sorghum, pre-packaged and labelled",2.5,2.5,5.0,
1008,I,50,"Buckwheat, millet and canary seed; other cereals such as Jawar, Bajra, Ragi, pre-packaged and labelled",2.5,2.5,5.0,
1101,I,51,"Wheat or meslin flour, pre-packaged and labelled",2.5,2.5,5.0,
1102,I,52,"Cereal flours other than of wheat or meslin i.e. maize (corn) flour, Rye flour, etc., pre-packaged and labelled",2.5,2.5,5.0,
1103,I,53,"Cereal groats, meal and pellets, including suji and dalia, prepackaged and labelled",2.5,2.5,5.0,
1104,I,54,"Cereal grains otherwise worked (for example, rolled, flaked, pearled, sliced or kibbled), except rice of heading 1006; germ of cereals, whole, rolled, flaked or ground (other than hulled cereal grains)",2.5,2.5,5.0,
1105,I,55,"Flour, meal, powder, flakes, granules and pellets of potatoes, prepackaged and labelled",2.5,2.5,5.0,
1106,I,56,"Flour, meal and powder of the dried leguminous vegetables of heading 0713 (pulses) [other than guar meal (HS 1106 10 10) and guar gum refined split ( HS 0713)], of sago or of roots or tubers of heading 0714 or of the products of Chapter 8, pre-packaged and labelled",2.5,2.5,5.0,
1107,I,57,"Malt, whether or not roasted",2.5,2.5,5.0,
1108,I,58,Starches; inulin,2.5,2.5,5.0,
11090000,I,59,"Wheat gluten, whether or not dried",2.5,2.5,5.0,
12,I,60,All goods other than of seed quality,2.5,2.5,5.0,
1201,I,61,"Soya beans, whether or not broken other than of seed quality.",2.5,2.5,5.0,
1202,I,62,"Ground-nuts, not roasted or otherwise cooked, whether or not shelled or broken other than of seed quality.",2.5,2.5,5.0,
1203,I,63,Copra,2.5,2.5,5.0,
1204,I,64,"Linseed, whether or not broken other than of seed quality.",2.5,2.5,5.0,
1205,I,65,"Rape or colza seeds, whether or not broken other than of seed quality.",2.5,2.5,5.0,
1206,I,66,"Sunflower seeds, whether or not broken other than of seed quality",2.5,2.5,5.0,
1207,I,67,"Other oil seeds and oleaginous fruits (i.e. Palm nuts and kernels, cotton seeds, Castor oil seeds, Sesamum seeds, Mustard seeds, Safflower (Carthamus tinctorius) seeds, Melon seeds, Poppy seeds, Ajams, Mango kernel, Niger seed, Kokam) whether or not broken, other than of seed quality",2.5,2.5,5.0,
1208,I,68,"Flour and meals of oil seeds or oleaginous fruits, other than those of mustard",2.5,2.5,5.0,
1209,I,69,Tamarind seeds meant for any use other than sowing,2.5,2.5,5.0,
12102000,I,70,"Hop cones, ground, powdered or in the form of pellets; lupulin",2.5,2.5,5.0,
1211,I,71,"Plants and parts of plants (including seeds and fruits), of a kind used primarily in perfumery, in pharmacy or for insecticidal, fungicidal or similar purpose, frozen or dried, whether or not cut, crushed or powdered",2.5,2.5,5.0,
1212,I,72,"Locust beans, seaweeds and other algae, sugar beet and sugar cane, frozen or dried, whether or not ground; fruit stones and kernels and other vegetable products (including unroasted chicory roots of the variety Cichorium intybus sativum) of a kind used primarily for human consumption, not elsewhere specified or included",2.5,2.5,5.0,
1301,I,73,"Natural gums, resins, gum-resins and oleoresins (for example, balsams) [other than lac and shellac]; Compounded asafoetida commonly known as heeng",2.5,2.5,5.0,
1302,I,74,"Vegetable saps and extracts; pectic substances, pectinates and pectates; agar-agar and other mucilages and thickeners, whether or not modified, derived from vegetable products including tamarind kernel powder",2.5,2.5,5.0,
1401,I,75,"Vegetable materials of a kind used primarily for plaiting (for example, bamboos, rattans, reeds, rushes, osier, raffia, cleaned, bleached or dyed cereal straw, and lime bark)",2.5,2.5,5.0,
1404,I,76,"Vegetable products not elsewhere specified or included such as, Cotton linters, Soap nuts, Hard seeds, pips, hulls and nuts, of a kind used primarily for carving, Rudraksha seeds, bidi wrapper leaves(tendu), Indian katha [other than betel leaves, coconut shell unworked]",2.5,2.5,5.0,
1404,I,77,Mehendi paste in cones,2.5,2.5,5.0,
3305,I,77,Mehendi paste in cones,2.5,2.5,5.0,
1501,I,78,"Pig fats (including lard) and poultry fat, other than that of heading 0209 or 1503",2.5,2.5,5.0,
1502,I,79,"Fats of bovine animals, sheep or goats, other than those of heading 1503",2.5,2.5,5.0,
1503,I,80,"Lard stearin, lard oil, oleo stearin, oleo-oil and tallow oil, not emulsified or mixed or otherwise prepared",2.5,2.5,5.0,
1504,I,81,"Fats and oils and their fractions, of fish or marine mammals, whether or not refined, but not chemically modified",2.5,2.5,5.0,
1505,I,82,Wool grease and fatty substances derived therefrom (including lanolin),2.5,2.5,5.0,
1506,I,83,"Other animal fats and oils and their fractions, whether or not refined, but not chemically modified",2.5,2.5,5.0,
1507,I,84,"Soya-bean oil and its fractions, whether or not refined, but not chemically modified",2.5,2.5,5.0,
1508,I,85,"Ground-nut oil and its fractions, whether or not refined, but not chemically modified",2.5,2.5,5.0,
1509,I,86,"Olive oil and its fractions, whether or not refined, but not chemically modified",2.5,2.5,5.0,
1510,I,87,"Other oils and their fractions, obtained solely from olives, whether or not refined, but not chemically modified, including blends of these oils or fractions with oils or fractions of heading 1509",2.5,2.5,5.0,
1511,I,88,"Palm oil and its fractions, whether or not refined, but not chemically modified.",2.5,2.5,5.0,
1512,I,89,"Sunflower-seed, safflower or cotton-seed oil and fractions thereof, whether or not refined, but not chemically modified",2.5,2.5,5.0,
1513,I,90,"Coconut (copra), palm kernel or babassu oil and fractions thereof, whether or not refined, but not chemically modified",2.5,2.5,5.0,
1514,I,91,"Rape, colza or mustard oil and fractions thereof, whether or not refined, but not chemically modified",2.5,2.5,5.0,
1515,I,92,"Other fixed vegetable or microbial fats and oils (including jojoba oil) and their fractions, whether or not refined, but not chemically modified",2.5,2.5,5.0,
1516,I,93,"Vegetable fats and oils and their fractions, partly or wholly hydrogenated, inter-esterified, re-esterified or elaidinised, whether or not refined, but not further prepared",2.5,2.5,5.0,
1516,I,94,"Animal or microbial fats and animal or microbial oils and their fractions, partly or wholly hydrogenated, inter- esterified, re-esterified or elaidinised, whether or not refined, but not further prepared",2.5,2.5,5.0,
1517,I,95,"Margarine, linoxyn; Edible mixtures or preparations of animal, vegetable or microbial fats or oils or of fractions of different fats or oils of this Chapter, other than edible fats or oils or their fractions of heading 1516",2.5,2.5,5.0,
1518,I,96,"Animal, vegetable or microbial fats and oils their fractions, boiled, oxidised, dehydrated, sulphurised, blown, polymerised by heat in vacuum or in inert gas or otherwise chemically modified, excluding those of heading 1516; inedible mixtures or preparations of animal, vegetable or microbial fats or oils or of fractions of different fats or oils of this Chapter, not elsewhere specified or included",2.5,2.5,5.0,
15200000,I,97,"Glycerol, crude; glycerol waters and glycerol lyes",2.5,2.5,5.0,
1521,I,98,"Vegetable waxes (other than triglycerides), Beeswax, other insect waxes and spermaceti, whether or not refined or coloured",2.5,2.5,5.0,
1522,I,99,"Degras, residues resulting from the treatment of fatty substances or animal or vegetable waxes",2.5,2.5,5.0,
1601,I,100,"Sausages and similar products, of meat, meat offal, blood or insects; food preparations based on these products",2.5,2.5,5.0,
1602,I,101,"Other prepared or preserved meat, meat offal, blood or insects",2.5,2.5,5.0,
1603,I,102,"Extracts and juices of meat, fish or crustaceans, molluscs or other aquatic invertebrates",2.5,2.5,5.0,
1604,I,103,Prepared or preserved fish; caviar and caviar substitutes prepared from fish eggs,2.5,2.5,5.0,
1605,I,104,"Crustaceans, molluscs and other aquatic invertebrates prepared or preserved",2.5,2.5,5.0,
1701,I,105,"Cane or beet sugar and chemically pure sucrose, in solid form including refined sugar containing added flavouring or colouring matter, sugar cubes [other than jaggery of all types, khandsari sugar, rab]",2.5,2.5,5.0,
17011702,I,106,"Jaggery of all types including Cane Jaggery (gur), Palmyra Jaggery, Khandsari Sugar, Rab, pre-packaged and labelled",2.5,2.5,5.0,
1702,I,107,"Palmyra sugar, mishri, batasha, bura, sakar, khadi sakar, harda, sakariya, gatta, kuliya, elaichidana, lukumdana, chikkis like puffed rice chikki, peanut chikki, sesame chikki, til chikki, til patti, til revdi, sugar makhana, groundnut sweets, gajak, khaja, khajuli, anarsa",2.5,2.5,5.0,
1704,I,107,"Palmyra sugar, mishri, batasha, bura, sakar, khadi sakar, harda, sakariya, gatta, kuliya, elaichidana, lukumdana, chikkis like puffed rice chikki, peanut chikki, sesame chikki, til chikki, til patti, til revdi, sugar makhana, groundnut sweets, gajak, khaja, khajuli, anarsa",2.5,2.5,5.0,
1702,I,108,"Other sugars, including chemically pure lactose, maltose, glucose and fructose, in solid form; sugar syrups not containing added flavouring or colouring matter; caramel",2.5,2.5,5.0,
1703,I,109,Molasses,2.5,2.5,5.0,
1704,I,110,"Sugar confectionary (including white chocolate), not containing cocoa, sugar boiled confectionary",2.5,2.5,5.0,
1801,I,111,"Cocoa beans whole or broken, raw or roasted",2.5,2.5,5.0,
1802,I,112,"Cocoa shells, husks, skins and other cocoa waste",2.5,2.5,5.0,
1803,I,113,Cocoa paste whether or not de-fatted,2.5,2.5,5.0,
1804,I,114,"Cocoa butter, fat and oil",2.5,2.5,5.0,
1805,I,115,"Cocoa powder, not containing added sugar or sweetening matter",2.5,2.5,5.0,
1806,I,116,Chocolates and other food preparations containing cocoa,2.5,2.5,5.0,
19012000,I,117,"Mixes and doughs for the preparation of bread, pastry and other baker's wares",2.5,2.5,5.0,
1901,I,118,"Food preparation of millet flour, in powder form, containing at least 70% millets by weight, pre-packaged and labelled; Malt extract, food preparations of flour, groats, meal, starch or malt extract, not containing cocoa or containing less than 40% by weight of cocoa calculated on a totally defatted basis, not elsewhere specified or included; food preparations of goods of heading 0401 to 0404, not containing cocoa or containing less than 5% by weight of cocoa calculated on a totally defatted basis not elsewhere specified or included",2.5,2.5,5.0,
1902,I,119,"Seviyan (vermicelli); Pasta, whether or not cooked or stuffed (with meat or other substances) or otherwise prepared, such as spaghetti, macaroni, noodles, lasagne, gnocchi, ravioli, cannelloni; couscous, whether or not prepared",2.5,2.5,5.0,
1903,I,120,"Tapioca and substitutes therefor prepared from starch, in the form of flakes, grains, pearls, siftings or in similar forms (sabudana)",2.5,2.5,5.0,
1904,I,121,"Puffed rice, commonly known as Muri, flattened or beaten rice, commonly known as chira, parched rice, commonly known as khoi, parched paddy or rice coated with sugar or gur, commonly known as murki, pre- packaged and labelled",2.5,2.5,5.0,
1904,I,122,"All goods i.e. Corn flakes, bulgar wheat, prepared foods obtained from cereal flakes (other than puffed rice, commonly known as muri, flattened or beaten rice, commonly known as chira, parched rice, commonly known as khoi, parched paddy or rice coated with sugar or gur, commonly known as murki); Fortified Rice Kernel (FRK)",2.5,2.5,5.0,
1905,I,123,"Pastry, cakes, biscuits and other bakers' wares, whether or not containing cocoa; communion wafers, empty cachets of a kind suitable for pharmaceutical use, sealing wafers, rice paper and similar products; Un-fried or un-cooked snack pellets, by whatever name called, manufactured through process of extrusion; Extruded or expanded products, savoury or salted",2.5,2.5,5.0,
19054000,I,124,"Rusks, toasted bread and similar toasted products",2.5,2.5,5.0,
2001,I,125,"Vegetables, fruit, nuts and other edible parts of plants, prepared or preserved by vinegar or acetic acid",2.5,2.5,5.0,
2002,I,126,Tomatoes prepared or preserved otherwise than by vinegar or acetic acid,2.5,2.5,5.0,
2003,I,127,"Mushrooms and truffles, prepared or preserved otherwise than by vinegar or acetic acid",2.5,2.5,5.0,
2004,I,128,"Other vegetables prepared or preserved otherwise than by vinegar or acetic acid, frozen, other than products of heading 2006",2.5,2.5,5.0,
2005,I,129,"Other vegetables prepared or preserved otherwise than by vinegar or acetic acid, not frozen, other than products of heading 2006",2.5,2.5,5.0,
2006,I,130,"Vegetables, fruit, nuts, fruit-peel and other parts of plants, preserved by sugar (drained, glacé or crystallised)",2.5,2.5,5.0,
2007,I,131,"Jams, fruit jellies, marmalades, fruit or nut purée and fruit or nut pastes, obtained by cooking, whether or not containing added sugar or other sweetening matter",2.5,2.5,5.0,
2008,I,132,"Fruit, nuts and other edible parts of plants, otherwise prepared or preserved, whether or not containing added sugar or other sweetening matter or spirit, not elsewhere specified or included; such as Ground-nuts, Cashew nut, roasted, salted or roasted and salted, Other roasted nuts and seeds, squash of Mango, Lemon, Orange, Pineapple or other fruits",2.5,2.5,5.0,
2009,I,133,"Fruit or nut juices (including grape must) and vegetable juices, unfermented and not containing added spirit, whether or not containing added sugar or other sweetening matter",2.5,2.5,5.0,
20098990,I,134,"Tender coconut water, pre-packaged and labelled",2.5,2.5,5.0,
210111,I,135,"Extracts, essences and concentrates of coffee, and preparations with a basis of these extracts, essences or concentrates or with a basis of coffee",2.5,2.5,5.0,
21011200,I,135,"Extracts, essences and concentrates of coffee, and preparations with a basis of these extracts, essences or concentrates or with a basis of coffee",2.5,2.5,5.0,
210120,I,136,"All goods i.e Extracts, essences and concentrates of tea or mate, and preparations with a basis of these extracts, essences or concentrates or with a basis of tea or mate",2.5,2.5,5.0,
210130,I,137,"Roasted chicory and other roasted coffee substitutes, and extracts, essences and concentrates thereof",2.5,2.5,5.0,
2102,I,138,"Yeasts (active and inactive); other single cell micro- organisms, dead (but not including vaccines of heading 3002); prepared baking powders",2.5,2.5,5.0,
2103,I,139,"All goods, including sauces and preparations therefor, mixed condiments and mixed seasonings; mustard flour and meal and prepared mustard including Curry paste, mayonnaise and salad dressings",2.5,2.5,5.0,
2104,I,140,Soups and broths and preparations therefor; homogenised composite food preparations,2.5,2.5,5.0,
21050000,I,141,"Ice cream and other edible ice, whether or not containing cocoa",2.5,2.5,5.0,
2106,I,142,"Texturised vegetable proteins (soya bari), Bari made of pulses including mungodi and batters; Roasted Gram idli/dosa batter, chutney powder; Sweetmeats",2.5,2.5,5.0,
210690,I,143,"Namkeens, bhujia, mixture, chabena and similar edible preparations in ready for consumption form, whether or not pre-packaged and labelled",2.5,2.5,5.0,
21069091,I,144,Diabetic foods,2.5,2.5,5.0,
2106,I,145,Food preparations not elsewhere specified or included [other than pan masala],2.5,2.5,5.0,
2201,I,146,"Waters, including natural or artificial mineral waters and aerated waters, not containing added sugar or other sweetening matter nor flavoured",2.5,2.5,5.0,
22019010,I,147,Ice and snow,2.5,2.5,5.0,
220299,I,148,"Plant-based milk drinks, ready for direct consumption as beverages",2.5,2.5,5.0,
22029910,I,149,"Soya milk drinks, whether or not sweetened or flavoured",2.5,2.5,5.0,
22029920,I,150,Fruit pulp or fruit juice based drinks [other than Carbonated Beverages of Fruit Drink or Carbonated Beverages with Fruit Juice],2.5,2.5,5.0,
22029930,I,151,Beverages containing milk,2.5,2.5,5.0,
2207,I,152,Ethyl alcohol supplied to Oil Marketing Companies or Petroleum refineries for blending with motor spirit (petrol),2.5,2.5,5.0,
2301,I,153,"Flours, meals and pellets, of meat or meat offal, of fish or of crustaceans, molluscs or other aquatic invertebrates, unfit for human consumption; greaves",2.5,2.5,5.0,
2302,I,154,"Bran, sharps and other residues, whether or not in the form of pellets, derived from the sifting, milling or other working of cereals or of leguminous plants [other than aquatic feed including shrimp feed and prawn feed, poultry feed and cattle feed, including grass, hay and straw, supplement and additives, husk of pulses including chilka, concentrates including chuni or churi, khanda, wheat bran, de-oiled cake]",2.5,2.5,5.0,
2302,I,155,Rice bran (other than de-oiled rice bran),2.5,2.5,5.0,
2303,I,156,"Residues of starch manufacture and similar residues, beet-pulp, bagasse and other waste of sugar manufacture, brewing or distilling dregs and waste, whether or not in the form of pellets",2.5,2.5,5.0,
2304,I,157,"Oil-cake and other solid residues, whether or not ground or in the form of pellets, resulting from the extraction of soyabean oil",2.5,2.5,5.0,
2305,I,158,"Oil-cake and other solid residues, whether or not ground or in the form of pellets, resulting from the extraction of ground-nut oil",2.5,2.5,5.0,
2306,I,159,"Oil-cake and other solid residues, whether or not ground or in the form of pellets, resulting from the extraction of vegetable or microbial fats or oils, other than those of heading 2304 or 2305 other than cottonseed oil cake and de-oiled rice bran",2.5,2.5,5.0,
2307,I,160,Wine lees; argol,2.5,2.5,5.0,
2309,I,161,Fish soluble paste,2.5,2.5,5.0,
2401,I,162,Tobacco leave,2.5,2.5,5.0,
2502,I,163,Unroasted iron pyrites,2.5,2.5,5.0,
2503,I,164,"Sulphur of all kinds, other than sublimed sulphur, precipitated sulphur and colloidal sulphur",2.5,2.5,5.0,
2504,I,165,Natural graphite,2.5,2.5,5.0,
2505,I,166,"Natural sands of all kinds, whether or not coloured, other than metal bearing sands of Chapter 26",2.5,2.5,5.0,
2506,I,167,"Quartz (other than natural sands); quartzite, whether or not roughly trimmed or merely cut, by sawing or otherwise, into blocks or slabs of a rectangular (including square) shape",2.5,2.5,5.0,
2507,I,168,"Kaolin and other kaolinic clays, whether or not calcined",2.5,2.5,5.0,
2508,I,169,"Other clays (not including expanded clays of heading 6806), andalusite, kyanite and sillimanite, whether or not calcined; mullite; chamotte or dinas earths",2.5,2.5,5.0,
2509,I,170,Chalk,2.5,2.5,5.0,
2510,I,171,"Natural calcium phosphates, natural aluminium calcium phosphates and phosphatic chalk",2.5,2.5,5.0,
2511,I,172,"Natural barium sulphate (barytes); natural barium carbonate (witherite), whether or not calcined, other than barium oxide of heading 2816",2.5,2.5,5.0,
2512,I,173,"Siliceous fossil meals (for example, kieselguhr, tripolite and diatomite) and similar siliceous earths, whether or not calcined, of an apparent specific gravity of 1 or less",2.5,2.5,5.0,
2513,I,174,"Pumice stone; emery; natural corundum, natural garnet and other natural abrasives, whether or not heat-treated",2.5,2.5,5.0,
2514,I,175,"Slate, whether or not roughly trimmed or merely cut, by sawing or otherwise, into blocks or slabs of a rectangular (including square) shape",2.5,2.5,5.0,
2515,I,176,"Ecaussine and other calcareous monumental or building stone (other than marble and travertine), alabaster, other than mirror polished stone which is ready to use",2.5,2.5,5.0,
6802,I,176,"Ecaussine and other calcareous monumental or building stone (other than marble and travertine), alabaster, other than mirror polished stone which is ready to use",2.5,2.5,5.0,
25151100,I,177,"Marble and travertine, crude or roughly trimmed",2.5,2.5,5.0,
25151210,I,178,Marble and travertine blocks,2.5,2.5,5.0,
2516,I,179,"Porphyry, basalt, sandstone and other monumental or building stone, whether or not roughly trimmed or merely cut, by sawing or otherwise, into blocks or slabs of a rectangular (including square) shape",2.5,2.5,5.0,
25161100,I,180,Granite crude or roughly trimmed,2.5,2.5,5.0,
2516,I,181,Granite blocks,2.5,2.5,5.0,
2517,I,182,"Pebbles, gravel, broken or crushed stone, of a kind commonly used for concrete aggregates, for road metalling or for railway or other ballast, shingle and flint, whether or not heat-treated; macadam of slag, dross or similar industrial waste, whether or not incorporating the materials cited in the first part of the heading; tarred macadam; granules, chippings and powder, of stones heading 2515 or 2516 whether or not heat-treated",2.5,2.5,5.0,
2518,I,183,"Dolomite, whether or not calcined or sintered, including dolomite roughly trimmed or merely cut, by sawing or otherwise, into blocks or slabs of a rectangular (including square) shape",2.5,2.5,5.0,
2519,I,184,"Natural magnesium carbonate (magnesite); fused magnesia; dead-burned (sintered) magnesia, whether or not containing small quantities of other oxides added before sintering; other magnesium oxide, whether or not pure",2.5,2.5,5.0,
2520,I,185,"Gypsum; anhydrite; plasters (consisting of calcined gypsum or calcium sulphate) whether or not coloured, with or without small quantities of accelerators or retarders",2.5,2.5,5.0,
2521,I,186,"Limestone flux; limestone and other calcareous stone, of a kind used for the manufacture of lime or cement.",2.5,2.5,5.0,
2522,I,187,"Quicklime, slaked lime and hydraulic lime, other than calcium oxide and hydroxide of heading 2825",2.5,2.5,5.0,
2524,I,188,Asbestos,2.5,2.5,5.0,
2525,I,189,"Mica, including splitting; mica waste.",2.5,2.5,5.0,
2526,I,190,"Natural steatite, whether or not roughly trimmed or merely cut, by sawing or otherwise, into blocks or slabs of a rectangular (including square) shape; talc.",2.5,2.5,5.0,
2528,I,191,"Natural borates and concentrates thereof (whether or not calcined), but not including borates separated from natural brine; natural boric acid containing not more than 85% of H3BO3 (calculated on dry weight)",2.5,2.5,5.0,
2529,I,192,"Feldspar; leucite, nepheline and nepheline syenite; fluorspar",2.5,2.5,5.0,
2530,I,193,Mineral substances not elsewhere specified or included,2.5,2.5,5.0,
2611,I,194,Tungsten ores and concentrates,2.5,2.5,5.0,
2612,I,195,Uranium or thorium ores and concentrates,2.5,2.5,5.0,
2613,I,196,Molybdenum ores and concentrates,2.5,2.5,5.0,
2614,I,197,Titanium ores and concentrates,2.5,2.5,5.0,
2615,I,198,"Niobium, tantalum, vanadium or zirconium ores and concentrates",2.5,2.5,5.0,
2616,I,199,Precious metal ores and concentrates,2.5,2.5,5.0,
2617,I,200,Other ores and concentrates,2.5,2.5,5.0,
2618,I,201,Granulated slag (slag sand) from the manufacture of iron or steel,2.5,2.5,5.0,
2619,I,202,Linz-Donawitz (LD) Slag,2.5,2.5,5.0,
2621,I,203,Fly Ash,2.5,2.5,5.0,
27,I,204,Bio-gas,2.5,2.5,5.0,
2704,I,205,"Coke and semi coke of coal, of lignite or of peat, whether or not agglomerated; retort carbon",2.5,2.5,5.0,
2705,I,206,"Coal gas, water gas, producer gas and similar gases, other than petroleum gases and other gaseous hydrocarbons",2.5,2.5,5.0,
2710,I,207,"(a) Kerosene oil PDS, (b) The following bunker fuels for use in ships or vessels, namely, i. IFO 180 CST ii. IFO 380 CST iii. Marine Fuel 0.5% (FO)",2.5,2.5,5.0,
27111200,I,208,"Liquefied Propane and Butane mixture, Liquefied Propane, Liquefied Butane and Liquefied Petroleum Gases (LPG) for supply to non-domestic exempted category (NDEC) customers by the Indian Oil Corporation Limited, Hindustan Petroleum Corporation Limited or Bharat Petroleum Corporation Limited",2.5,2.5,5.0,
27111300,I,208,"Liquefied Propane and Butane mixture, Liquefied Propane, Liquefied Butane and Liquefied Petroleum Gases (LPG) for supply to non-domestic exempted category (NDEC) customers by the Indian Oil Corporation Limited, Hindustan Petroleum Corporation Limited or Bharat Petroleum Corporation Limited",2.5,2.5,5.0,
27111910,I,208,"Liquefied Propane and Butane mixture, Liquefied Propane, Liquefied Butane and Liquefied Petroleum Gases (LPG) for supply to non-domestic exempted category (NDEC) customers by the Indian Oil Corporation Limited, Hindustan Petroleum Corporation Limited or Bharat Petroleum Corporation Limited",2.5,2.5,5.0,
27111200,I,209,"Liquefied Propane and Butane mixture, Liquefied Propane, Liquefied Butane and Liquefied Petroleum Gases (LPG) for supply to household domestic consumers",2.5,2.5,5.0,
27111300,I,209,"Liquefied Propane and Butane mixture, Liquefied Propane, Liquefied Butane and Liquefied Petroleum Gases (LPG) for supply to household domestic consumers",2.5,2.5,5.0,
27111910,I,209,"Liquefied Propane and Butane mixture, Liquefied Propane, Liquefied Butane and Liquefied Petroleum Gases (LPG) for supply to household domestic consumers",2.5,2.5,5.0,
28,I,210,"Thorium oxalate, Enriched KBF4 (enriched potassium fluroborate), Enriched elemental boron, Nuclear fuel",2.5,2.5,5.0,
28,I,211,"Anaesthetics, Potassium Iodate, Iodine, Steam",2.5,2.5,5.0,
28044010,I,212,Medical grade oxygen,2.5,2.5,5.0,
280511,I,213,Nuclear grade sodium,2.5,2.5,5.0,
2807,I,214,Sulphuric Acid,2.5,2.5,5.0,
2808,I,215,Nitric acid,2.5,2.5,5.0,
2809,I,216,Fertilizer grade phosphoric acid,2.5,2.5,5.0,
2814,I,217,Ammonia,2.5,2.5,5.0,
2845,I,218,Heavy water and other nuclear fuels,2.5,2.5,5.0,
2847,I,219,Medicinal grade hydrogen peroxide,2.5,2.5,5.0,
2853,I,220,Compressed air,2.5,2.5,5.0,
28,I,221,"Micronutrients, which are covered under serial number 1(g) of Schedule 1, Part (A) of the Fertilizer Control Order, 1985 and are manufactured by the manufacturers which are registered under the Fertilizer Control Order, 1985",2.5,2.5,5.0,
38,I,221,"Micronutrients, which are covered under serial number 1(g) of Schedule 1, Part (A) of the Fertilizer Control Order, 1985 and are manufactured by the manufacturers which are registered under the Fertilizer Control Order, 1985",2.5,2.5,5.0,
29,I,222,Gibberellic acid,2.5,2.5,5.0,
380893,I,222,Gibberellic acid,2.5,2.5,5.0,
29061110,I,223,Natural Menthol,2.5,2.5,5.0,
29061110,I,224,"Following goods from Natural Menthol namely:- a. Menthol and menthol crystals, b. Peppermint (Mentha Oil), c. Fractionated / de-terpenated mentha oil (DTMO) d. De-mentholised oil (DMO), e. Spearmint oil f. Mentha piperita oil",2.5,2.5,5.0,
30,I,224,"Following goods from Natural Menthol namely:- a. Menthol and menthol crystals, b. Peppermint (Mentha Oil), c. Fractionated / de-terpenated mentha oil (DTMO) d. De-mentholised oil (DMO), e. Spearmint oil f. Mentha piperita oil",2.5,2.5,5.0,
3301,I,224,"Following goods from Natural Menthol namely:- a. Menthol and menthol crystals, b. Peppermint (Mentha Oil), c. Fractionated / de-terpenated mentha oil (DTMO) d. De-mentholised oil (DMO), e. Spearmint oil f. Mentha piperita oil",2.5,2.5,5.0,
30,I,225,"Insulin, Cyclosporin, Desferrioxamine injection or deferiprone, Oral re-hydration salts",2.5,2.5,5.0,
30,I,226,"All Drugs and medicines including their salts and esters and diagnostic test kits; formulations manufactured from bulk drugs [other than those specified at nil at S. No. 113 of notification No. 10/2025-Integrated Tax (Rate) dated 17th September, 2025]",2.5,2.5,5.0,
30,I,227,Diagnostic kits for detection of all types of hepatitis,2.5,2.5,5.0,
30,I,228,Medicaments (including veterinary medicaments) used in bio-chemic systems,2.5,2.5,5.0,
30,I,229,"Medicaments (including those used in Ayurvedic, Unani, Siddha, Homeopathic or Bio-chemic systems), manufactured exclusively in accordance with the formulae described in the authoritative books specified in the First Schedule to the Drugs and Cosmetics Act, 1940 (23 of 1940) or Homeopathic Pharmacopoeia of India or the United States of America or the United Kingdom or the German Homeopathic Pharmacopoeia, as the case may be, and sold under the name as specified in such books or pharmacopoeia",2.5,2.5,5.0,
3001,I,230,"Glands and other organs for organo-therapeutic uses, dried, whether or not powdered; extracts of glands or other organs or of their secretions for organo-therapeutic uses; heparin and its salts; other human or animal substances prepared for therapeutic or prophylactic uses, not elsewhere specified or included",2.5,2.5,5.0,
3002,I,231,"Animal blood prepared for therapeutic, prophylactic or diagnostic uses; antisera and other blood fractions and modified immunological products, whether or not obtained by means of biotechnological processes; toxins, cultures of micro-organisms (excluding yeasts) and similar products; cell cultures whether or not modified",2.5,2.5,5.0,
3002,I,232,Animal or Human Blood Vaccines,2.5,2.5,5.0,
3006,I,232,Animal or Human Blood Vaccines,2.5,2.5,5.0,
3003,I,233,"Medicaments (excluding goods of heading 3002, 3005 or 3006) consisting of two or more constituents which have been mixed together for therapeutic or prophylactic uses, not put up in measured doses or in forms or packings for retail sale, including Ayurvedic, Unani, Siddha, homoeopathic or Bio-chemic systems medicaments",2.5,2.5,5.0,
3004,I,234,"Medicaments (excluding goods of heading 3002, 3005 or 3006) consisting of mixed or unmixed products for therapeutic or prophylactic uses, put up in measured doses (including those in the form of transdermal administration systems) or in forms or packings for retail sale, including Ayurvedic, Unani, homoeopathic siddha or Bio-chemic systems medicaments, put up for retail sale",2.5,2.5,5.0,
3005,I,235,"Wadding, gauze, bandages and similar articles (for example, dressings, adhesive plasters, poultices), impregnated or coated with pharmaceutical substances or put up in forms or packings for retail sale for medical, surgical, dental or veterinary purposes",2.5,2.5,5.0,
3006,I,236,"Pharmaceutical goods specified in Note 4 to this Chapter i.e. Sterile surgical catgut, similar sterile suture materials (including sterile absorbable surgical or dental yarns) and sterile tissue adhesives for surgical wound closure; sterile laminaria and sterile laminaria tents; sterile absorbable surgical or dental haemostatics; sterile surgical or dental adhesion barriers, whether or not absorbable; Waste pharmaceuticals (other than contraceptives); Ostomy appliances including pouch or flange, stoma adhesive paste, barrier cream, irrigator kit, sleeves, belt, micro-pore tapes",2.5,2.5,5.0,
3101,I,237,All goods i.e. animal or vegetable fertilisers or organic fertilisers prepackaged and labelled,2.5,2.5,5.0,
3102,I,238,"Mineral or chemical fertilisers, nitrogenous, other than those which are clearly not to be used as fertilizers",2.5,2.5,5.0,
3103,I,239,"Mineral or chemical fertilisers, phosphatic, other than those which are clearly not to be used as fertilizers",2.5,2.5,5.0,
3104,I,240,"Mineral or chemical fertilisers, potassic, other than those which are clearly not to be used as fertilizers",2.5,2.5,5.0,
3105,I,241,"Mineral or chemical fertilisers containing two or three of the fertilising elements nitrogen, phosphorus and potassium; other fertilisers; goods of this Chapter in tablets or similar forms or in packages of a gross weight not exceeding 10 kg; other than those which are clearly not to be used as fertilizers",2.5,2.5,5.0,
32,I,242,"Wattle extract, quebracho extract, chestnut extract",2.5,2.5,5.0,
3202,I,243,Enzymatic preparations for pre-tanning,2.5,2.5,5.0,
3304,I,244,"Talcum powder, Face powder",2.5,2.5,5.0,
3305,I,245,"Hair oil, shampoo",2.5,2.5,5.0,
3306,I,246,Toothpaste,2.5,2.5,5.0,
33061010,I,247,Tooth powder,2.5,2.5,5.0,
33062000,I,248,Yarn used to clean between the teeth (Dental floss),2.5,2.5,5.0,
3307,I,249,"Shaving cream, shaving lotion, aftershave lotion",2.5,2.5,5.0,
33074100,I,250,"Agarbatti, lobhan, dhoop batti, dhoop, sambraani",2.5,2.5,5.0,
3401,I,251,"Toilet Soap (other than industrial soap) in the form of bars, cakes, moulded pieces or shapes",2.5,2.5,5.0,
3402,I,252,"Sulphonated castor oil, fish oil or sperm oil",2.5,2.5,5.0,
3406,I,253,"Candles, tapers and the like",2.5,2.5,5.0,
3503,I,254,"Gelatin (including gelatin in rectangular (including square) sheets, whether or not surface-worked or coloured) and gelatin derivatives; isinglass; other glues of animal origin, excluding casein glues of heading 3501",2.5,2.5,5.0,
3505,I,255,"Dextrins and other modified starches (for example, pregelatinised or esterified starches); glues based on starches, or on dextrins or other modified starches",2.5,2.5,5.0,
36050010,I,256,All goods,2.5,2.5,5.0,
3701,I,257,Photographic plates and film for x-ray for medical use,2.5,2.5,5.0,
3705,I,258,"Photographic plates and films, exposed and developed, other than cinematographic film",2.5,2.5,5.0,
3706,I,259,"Photographic plates and films, exposed and developed, whether or not incorporating sound track or consisting only of sound track, other than feature films",2.5,2.5,5.0,
3808,I,260,"The following Bio-pesticides, namely - 1. Bacillus thuringiensis var. israelensis 2. Bacillus thuringiensis var. kurstaki 3. Bacillus thuringiensis var. galleriae 4. Bacillus sphaericus 5. Trichoderma viride 6. Trichoderma harzianum 7. Pseudomonas fluoresens 8. Beauveriabassiana 9. NPV of Helicoverpaarmigera 10. NPV of Spodopteralitura 11. Neem based pesticides 12. Cymbopogan",2.5,2.5,5.0,
3816,I,261,Dolomite ramming mix,2.5,2.5,5.0,
3818,I,262,Silicon wafers,2.5,2.5,5.0,
3822,I,263,All diagnostic kits or reagents including certified reference materials,2.5,2.5,5.0,
3826,I,264,Bio-diesel supplied to Oil Marketing Companies for blending with High Speed Diesel,2.5,2.5,5.0,
3926,I,265,"Feeding bottles, Plastic beads",2.5,2.5,5.0,
4001,I,266,"Natural rubber, balata, gutta-percha, guayule, chicle and similar natural gums, in primary forms or in plates, sheets or strip",2.5,2.5,5.0,
40040000,I,267,"Waste, parings or scrap of rubber (other than hard rubber)",2.5,2.5,5.0,
4007,I,268,Latex Rubber Thread,2.5,2.5,5.0,
4011,I,269,Rear Tractor tyres and rear tractor tyre tubes,2.5,2.5,5.0,
40113000,I,270,"New pneumatic tyres, of rubber of a kind used on aircraft",2.5,2.5,5.0,
40117000,I,271,Tyre for tractors,2.5,2.5,5.0,
4011,I,272,"Pneumatic tyres or inner tubes, of rubber, of a kind used on/in bicycles, cycle-rickshaws and three wheeled powered cycle rickshaws",2.5,2.5,5.0,
4013,I,272,"Pneumatic tyres or inner tubes, of rubber, of a kind used on/in bicycles, cycle-rickshaws and three wheeled powered cycle rickshaws",2.5,2.5,5.0,
40139049,I,273,Tube for tractor tyres,2.5,2.5,5.0,
4014,I,274,Nipples of feeding bottles,2.5,2.5,5.0,
4015,I,275,Surgical rubber gloves or medical examination rubber gloves,2.5,2.5,5.0,
4016,I,276,Rubber bands,2.5,2.5,5.0,
4017,I,277,Waste or scrap of hard rubber,2.5,2.5,5.0,
4101,I,278,"Raw hides and skins of bovine (including buffalo) or equine animals (fresh, or salted, dried, limed, pickled or otherwise preserved, but not tanned, parchment-dressed or further prepared), whether or not dehaired or split",2.5,2.5,5.0,
4102,I,279,"Raw skins of sheep or lambs (fresh, or salted, dried, limed, pickled or otherwise preserved, but not tanned, parchment-dressed or further prepared), whether or not with wool on or split",2.5,2.5,5.0,
4103,I,280,"Other raw hides and skins (fresh, or salted, dried, limed, pickled or otherwise preserved, but not tanned, parchment-dressed or further prepared), whether or not dehaired or split",2.5,2.5,5.0,
4104,I,281,"Tanned or crust hides and skins of bovine (including buffalo) or equine animals, without hair on, whether or not split, but not further prepared",2.5,2.5,5.0,
4105,I,282,"Tanned or crust skins of sheep or lambs, without wool on, whether or not split, but not further prepared",2.5,2.5,5.0,
4106,I,283,"Tanned or crust hides and skins of other animals, without wool or hair on, whether or not split, but not further prepared",2.5,2.5,5.0,
4107,I,284,"Leather further prepared after tanning or crusting, including parchment-dressed leather, of bovine (including buffalo) or equine animals, without hair on, whether or not split, other than leather of heading 4114",2.5,2.5,5.0,
4112,I,285,"Leather further prepared after tanning or crusting, including parchment-dressed leather, of sheep or lamb, without wool on, whether or not split, other than leather of heading 4114",2.5,2.5,5.0,
4113,I,286,"Leather further prepared after tanning or crusting, including parchment-dressed leather, of other animals, without wool or hair on, whether or not split, other than leather of heading 4114",2.5,2.5,5.0,
4114,I,287,Chamois (including combination chamois) leather; patent leather and patent laminated leather; metallised leather,2.5,2.5,5.0,
4115,I,288,"Composition leather with a basis of leather or leather fibre, in slabs, sheets or strip, whether or not in rolls; parings and other waste of leather or of composition leather, not suitable for the manufacture of leather articles; leather dust, powder and flour",2.5,2.5,5.0,
42022220,I,289,"Hand bags and shopping bags, of cotton",2.5,2.5,5.0,
42022230,I,290,"Hand bags and shopping bags, of jute",2.5,2.5,5.0,
4203,I,291,Gloves specially designed for use in sports,2.5,2.5,5.0,
44,I,292,"The following goods, namely: — 1[a.] Cement Bonded Particle Board; 2[b.] Jute Particle Board; 3[c.] Rice Husk Board; 4[d.] Glass-fibre Reinforced Gypsum Board (GRG) 5[e.] Sisal-fibre Boards; 6[f.] Bagasse Board; and 7[g.] Cotton Stalk Particle Board 8[h.] Particle/fibre board manufactured from agricultural crop residues",2.5,2.5,5.0,
44,I,293,"Idols of wood, stone [including marble] and metals [other than those made of precious metals]",2.5,2.5,5.0,
68,I,293,"Idols of wood, stone [including marble] and metals [other than those made of precious metals]",2.5,2.5,5.0,
83,I,293,"Idols of wood, stone [including marble] and metals [other than those made of precious metals]",2.5,2.5,5.0,
4401,I,294,"Wood in chips or particles; sawdust and wood waste and scrap, whether or not agglomerated in logs, briquettes, pellets or similar forms",2.5,2.5,5.0,
4404,I,295,"Hoopwood; split poles; piles, pickets and stakes of wood, pointed but not sawn lengthwise; wooden sticks, roughly trimmed but not turned, bent or otherwise worked, suitable for the manufacture of walking-sticks, umbrellas, tool handles or the like",2.5,2.5,5.0,
4405,I,296,Wood wool; wood flour,2.5,2.5,5.0,
4406,I,297,Railway or tramway sleepers (cross-ties) of wood,2.5,2.5,5.0,
4408,I,298,"Sheets for veneering (including those obtained by slicing laminated wood), for plywood or for similar laminated wood and other wood, sawn lengthwise, sliced or peeled, whether or not planed, sanded, spliced or end-jointed, of a thickness not exceeding 6 mm [for match splints]",2.5,2.5,5.0,
4409,I,299,Bamboo flooring,2.5,2.5,5.0,
4415,I,300,"Packing cases, boxes, crates, drums and similar packings, of wood; cable-drums of wood; pallets, box pallets and other load boards, of wood; pallet collars of wood",2.5,2.5,5.0,
4416,I,301,"Casks, barrels, vats, tubs and other coopers' products and parts thereof, of wood, including staves",2.5,2.5,5.0,
4417,I,302,"Tools, tool bodies, tool handles, broom or brush bodies and handles, of wood; boot or shoe lasts and trees, of wood",2.5,2.5,5.0,
4418,I,303,Bamboo wood building joinery,2.5,2.5,5.0,
4419,I,304,Tableware and Kitchenware of wood,2.5,2.5,5.0,
4420,I,305,"Wood marquetry and inlaid wood; caskets and cases for jewellery or cutlery, and similar articles, of wood; statuettes and other ornaments, of wood; wooden articles of furniture not falling in Chapter 94",2.5,2.5,5.0,
4421,I,306,"Other articles of wood; such as clothes hangers, Spools, cops, bobbins, sewing thread reels and the like of turned wood for various textile machinery, Match splints, Pencil slats, Parts of wood, namely oars, paddles and rudders for ships, boats and other similar floating structures, Parts of domestic decorative articles used as tableware and kitchenware [other than Wood paving blocks, articles of densified wood not elsewhere included or specified, Parts of domestic decorative articles used as tableware and kitchenware]",2.5,2.5,5.0,
4501,I,307,"Natural cork, raw or simply prepared",2.5,2.5,5.0,
45020000,I,308,"Natural cork, debacked or roughly squared, or in rectangular (including square) blocks, plates, sheets or strip (including sharp-edged blanks for corks or stoppers)",2.5,2.5,5.0,
4503,I,309,"Articles of natural cork such as Corks and Stoppers, Shuttlecock cork bottom",2.5,2.5,5.0,
4504,I,310,Agglomerated cork (with or without a binding substance) and articles of agglomerated cork,2.5,2.5,5.0,
4601,I,311,"Manufactures of straw, of esparto or of other plaiting materials; basketware and wickerwork",2.5,2.5,5.0,
4602,I,311,"Manufactures of straw, of esparto or of other plaiting materials; basketware and wickerwork",2.5,2.5,5.0,
4701,I,312,Mechanical wood pulp,2.5,2.5,5.0,
4703,I,313,"Chemical wood pulp, soda or sulphate, other than dissolving grades",2.5,2.5,5.0,
4704,I,314,"Chemical wood pulp, sulphite, other than dissolving grades",2.5,2.5,5.0,
4705,I,315,Wood pulp obtained by a combination of mechanical and chemical pulping processes,2.5,2.5,5.0,
4706,I,316,Pulps of fibres derived from recovered (waste and scrap) paper or paperboard or of other fibrous cellulosic material,2.5,2.5,5.0,
4707,I,317,Recovered waste or scrap of paper or paperboard,2.5,2.5,5.0,
48,I,318,"Paper splints for matches, whether or not waxed, Asphaltic roofing sheets",2.5,2.5,5.0,
39,I,319,Paper Sacks/Bags and bio-degradable bags,2.5,2.5,5.0,
48,I,319,Paper Sacks/Bags and bio-degradable bags,2.5,2.5,5.0,
4801,I,320,"Newsprint, in rolls or sheets",2.5,2.5,5.0,
481730,I,321,"Boxes, pouches, wallets and writing compendiums, of paper or paperboard, containing an assortment of paper stationery",2.5,2.5,5.0,
481910,I,322,"Cartons, boxes and cases of, - (a) Corrugated paper or paper boards; or (b) Non-corrugated paper or paper board",2.5,2.5,5.0,
481920,I,322,"Cartons, boxes and cases of, - (a) Corrugated paper or paper boards; or (b) Non-corrugated paper or paper board",2.5,2.5,5.0,
4823,I,323,"Paper pulp moulded trays; Kites, Paper mache articles",2.5,2.5,5.0,
4901,I,324,"Brochures, leaflets and similar printed matter, whether or not in single sheets",2.5,2.5,5.0,
5004,I,325,Silk yarn,2.5,2.5,5.0,
5005,I,325,Silk yarn,2.5,2.5,5.0,
5006,I,325,Silk yarn,2.5,2.5,5.0,
5007,I,326,Woven fabrics of silk or of silk waste,2.5,2.5,5.0,
5104,I,327,"Garneted stock of wool or of fine or coarse animal hair, shoddy wool",2.5,2.5,5.0,
5105,I,328,"Wool and fine or coarse animal hair, carded or combed",2.5,2.5,5.0,
5106,I,329,Yarn of wool or of animal hair,2.5,2.5,5.0,
5107,I,329,Yarn of wool or of animal hair,2.5,2.5,5.0,
5108,I,329,Yarn of wool or of animal hair,2.5,2.5,5.0,
5109,I,329,Yarn of wool or of animal hair,2.5,2.5,5.0,
5110,I,329,Yarn of wool or of animal hair,2.5,2.5,5.0,
5111,I,330,Woven fabrics of wool or of animal hair,2.5,2.5,5.0,
5112,I,330,Woven fabrics of wool or of animal hair,2.5,2.5,5.0,
5113,I,330,Woven fabrics of wool or of animal hair,2.5,2.5,5.0,
5201,I,331,Cotton and Cotton waste,2.5,2.5,5.0,
5202,I,331,Cotton and Cotton waste,2.5,2.5,5.0,
5203,I,331,Cotton and Cotton waste,2.5,2.5,5.0,
5204,I,332,"Cotton sewing thread, whether or not put up for retail sale",2.5,2.5,5.0,
5205,I,333,Cotton yarn [other than khadi yarn],2.5,2.5,5.0,
5206,I,333,Cotton yarn [other than khadi yarn],2.5,2.5,5.0,
5207,I,333,Cotton yarn [other than khadi yarn],2.5,2.5,5.0,
5208,I,334,Woven fabrics of cotton,2.5,2.5,5.0,
5209,I,334,Woven fabrics of cotton,2.5,2.5,5.0,
5210,I,334,Woven fabrics of cotton,2.5,2.5,5.0,
5211,I,334,Woven fabrics of cotton,2.5,2.5,5.0,
5212,I,334,Woven fabrics of cotton,2.5,2.5,5.0,
5301,I,335,"All goods i.e. flax, raw or processed but not spun; flax tow and waste (including yarn waste and garneted stock)",2.5,2.5,5.0,
5302,I,336,"True hemp (Cannabis sativa L), raw or processed but not spun; tow and waste of true hemp (including yarn waste and garneted stock)",2.5,2.5,5.0,
5303,I,337,"All goods i.e. textile bast fibres [other than jute fibres, raw or processed but not spun]; tow and waste of these fibres (including yarn waste and garneted stock)",2.5,2.5,5.0,
5305,I,338,"All goods [other than coconut coir fibre] including yarn of flax, jute, other textile bast fibres, other vegetable textile fibres; paper yarn including coir pith compost pre-packaged and labelled",2.5,2.5,5.0,
5306,I,338,"All goods [other than coconut coir fibre] including yarn of flax, jute, other textile bast fibres, other vegetable textile fibres; paper yarn including coir pith compost pre-packaged and labelled",2.5,2.5,5.0,
5307,I,338,"All goods [other than coconut coir fibre] including yarn of flax, jute, other textile bast fibres, other vegetable textile fibres; paper yarn including coir pith compost pre-packaged and labelled",2.5,2.5,5.0,
5308,I,338,"All goods [other than coconut coir fibre] including yarn of flax, jute, other textile bast fibres, other vegetable textile fibres; paper yarn including coir pith compost pre-packaged and labelled",2.5,2.5,5.0,
5309,I,339,"Woven fabrics of other vegetable textile fibres, paper yarn",2.5,2.5,5.0,
5310,I,339,"Woven fabrics of other vegetable textile fibres, paper yarn",2.5,2.5,5.0,
5311,I,339,"Woven fabrics of other vegetable textile fibres, paper yarn",2.5,2.5,5.0,
5401,I,340,"Sewing thread of manmade filaments, whether or not put up for retail sale",2.5,2.5,5.0,
5402,I,341,All goods including synthetic or artificial filament yarns,2.5,2.5,5.0,
5403,I,341,All goods including synthetic or artificial filament yarns,2.5,2.5,5.0,
5404,I,341,All goods including synthetic or artificial filament yarns,2.5,2.5,5.0,
5405,I,341,All goods including synthetic or artificial filament yarns,2.5,2.5,5.0,
5406,I,341,All goods including synthetic or artificial filament yarns,2.5,2.5,5.0,
5407,I,342,Woven fabrics of manmade textile materials,2.5,2.5,5.0,
5408,I,342,Woven fabrics of manmade textile materials,2.5,2.5,5.0,
5501,I,343,Synthetic or artificial filament tow,2.5,2.5,5.0,
5502,I,343,Synthetic or artificial filament tow,2.5,2.5,5.0,
5503,I,344,Synthetic or artificial staple fibres,2.5,2.5,5.0,
5504,I,344,Synthetic or artificial staple fibres,2.5,2.5,5.0,
5506,I,344,Synthetic or artificial staple fibres,2.5,2.5,5.0,
5507,I,344,Synthetic or artificial staple fibres,2.5,2.5,5.0,
5505,I,345,Waste of manmade fibres,2.5,2.5,5.0,
5508,I,346,"Sewing thread of manmade staple fibres, whether or not put up for retail sale",2.5,2.5,5.0,
5509,I,347,Yarn of manmade staple fibres,2.5,2.5,5.0,
5510,I,347,Yarn of manmade staple fibres,2.5,2.5,5.0,
5511,I,347,Yarn of manmade staple fibres,2.5,2.5,5.0,
5512,I,348,Woven fabrics of manmade staple fibres,2.5,2.5,5.0,
5513,I,348,Woven fabrics of manmade staple fibres,2.5,2.5,5.0,
5514,I,348,Woven fabrics of manmade staple fibres,2.5,2.5,5.0,
5515,I,348,Woven fabrics of manmade staple fibres,2.5,2.5,5.0,
5516,I,348,Woven fabrics of manmade staple fibres,2.5,2.5,5.0,
5601,I,349,Wadding of textile materials and articles thereof; such as Absorbent cotton wool except cigarette filter rods,2.5,2.5,5.0,
5602,I,350,"Felt, whether or not impregnated, coated, covered or laminated",2.5,2.5,5.0,
5603,I,351,"Nonwovens, whether or not impregnated, coated, covered or laminated",2.5,2.5,5.0,
5604,I,352,"Rubber thread and cord, textile covered; textile yarn, and strip and the like of heading 5404 or 5405, impregnated, coated, covered or sheathed with rubber or plastics",2.5,2.5,5.0,
5605,I,353,"Metallised yarn, whether or not gimped, being textile yarn, or strip or the like of heading 5404 or 5405, combined with metal in the form of thread, strip or powder or covered with metal, including real zari thread (gold) and silver thread combined with textile thread, imitation zari thread or yarn known by any name in trade parlance",2.5,2.5,5.0,
5606,I,354,"Gimped yarn, and strip and the like of heading 5404 or 5405, gimped (other than those of heading 5605 and gimped horsehair yarn); chenille yarn (including flock chenille yarn); loop wale-yarn",2.5,2.5,5.0,
5607,I,355,"Twine, cordage, ropes and cables, whether or not plaited or braided and whether or not impregnated, coated, covered or sheathed with rubber or plastics including jute twine, coir cordage or ropes",2.5,2.5,5.0,
5608,I,356,"Knotted netting of twine, cordage or rope; made up fishing nets and other made up nets, of textile materials",2.5,2.5,5.0,
5609,I,357,"Articles of yarn, strip or the like of heading 5404 or 5405, twine, cordage, rope or cables, not elsewhere specified or included, products of coir",2.5,2.5,5.0,
5701,I,358,"Carpets and other textile floor coverings, knotted, whether or not made up",2.5,2.5,5.0,
5702,I,359,"Carpets and other textile floor coverings, woven, not tufted or flocked, whether or not made up, including ―Kelem"", ―Schumacks"", ―Karamanie"" and similar hand-woven rugs",2.5,2.5,5.0,
5703,I,360,"Carpets and other textile floor coverings (including Turf), tufted, whether or not made up",2.5,2.5,5.0,
5704,I,361,"Carpets and other textile floor coverings, of felt, not tufted or flocked, whether or not made up",2.5,2.5,5.0,
5705,I,362,"Other carpets and other textile floor coverings, whether or not made up; such as Mats and mattings including Bath Mats, where cotton predominates by weight, of Handloom, Cotton Rugs of handloom",2.5,2.5,5.0,
5702,I,363,"Coir mats, matting, floor covering and handloom durries",2.5,2.5,5.0,
5703,I,363,"Coir mats, matting, floor covering and handloom durries",2.5,2.5,5.0,
5705,I,363,"Coir mats, matting, floor covering and handloom durries",2.5,2.5,5.0,
5801,I,364,All goods,2.5,2.5,5.0,
5802,I,365,"Terry towelling and similar woven terry fabrics, other than narrow fabrics of heading 5806; tufted textile fabrics, other than products of heading 5703",2.5,2.5,5.0,
5803,I,366,"Gauze, other than narrow fabrics of heading 5806",2.5,2.5,5.0,
5804,I,367,"Tulles and other net fabrics, not including woven, knitted or crocheted fabrics; lace in the piece, in strips or in motifs, other than fabrics of headings 6002 to 6006",2.5,2.5,5.0,
5805,I,368,"Hand-woven tapestries of the type Gobelins, Flanders, Aubusson, Beauvais and the like, and needle-worked tapestries (for example, petit point, cross stitch), whether or not made up",2.5,2.5,5.0,
5806,I,369,"Narrow woven fabrics, other than goods of heading 5807; narrow fabrics consisting of warp without weft assembled by means of an adhesive (bolducs)",2.5,2.5,5.0,
5807,I,370,"Labels, badges and similar articles of textile materials, in the piece, in strips or cut to shape or size, not embroidered",2.5,2.5,5.0,
5808,I,371,"Braids in the piece; ornamental trimmings in the piece, without embroidery, other than knitted or crocheted; tassels, pompons and similar articles; saree fall",2.5,2.5,5.0,
5809,I,372,"Woven fabrics of metal thread and woven fabrics of metallised yarn of heading 5605, of a kind used in apparel, as furnishing fabrics or for similar purposes, not elsewhere specified or included; such as Zari borders",2.5,2.5,5.0,
5809,I,373,"Embroidery or zari articles, that is to say,- imi, zari, kasab, salma, dabka, chumki, gota, sitara, naqsi, kora, glass beads, badla, gizai",2.5,2.5,5.0,
5810,I,373,"Embroidery or zari articles, that is to say,- imi, zari, kasab, salma, dabka, chumki, gota, sitara, naqsi, kora, glass beads, badla, gizai",2.5,2.5,5.0,
5810,I,374,"Embroidery in the piece, in strips or in motifs, Embroidered badges, motifs and the like",2.5,2.5,5.0,
5811,I,375,"Quilted textile products in the piece, composed of one or more layers of textile materials assembled with padding by stitching or otherwise, other than embroidery of heading 5810",2.5,2.5,5.0,
5901,I,376,"Textile fabrics coated with gum or amylaceous substances, of a kind used for the outer covers of books or the like; tracing cloth; prepared painting canvas; buckram and similar stiffened textile fabrics of a kind used for hat foundations",2.5,2.5,5.0,
5902,I,377,"Tyre cord fabric of high tenacity yarn of nylon or other polyamides, polyesters or viscose rayon",2.5,2.5,5.0,
5903,I,378,"Textile fabrics impregnated, coated, covered or laminated with plastics, other than those of heading 5902",2.5,2.5,5.0,
5904,I,379,"Linoleum, whether or not cut to shape; floor coverings consisting of a coating or covering applied on a textile backing, whether or not cut to shape",2.5,2.5,5.0,
5905,I,380,Textile wall coverings,2.5,2.5,5.0,
5906,I,381,"Rubberised textile fabrics, other than those of heading 5902",2.5,2.5,5.0,
5907,I,382,"Textile fabrics otherwise impregnated, coated or covered; painted canvas being theatrical scenery, studio back-cloths or the like",2.5,2.5,5.0,
5908,I,383,"Textile wicks, woven, plaited or knitted, for lamps, stoves, lighters, candles or the like; incandescent gas mantles and tubular knitted gas mantle fabric therefor, whether or not impregnated",2.5,2.5,5.0,
5909,I,384,"Textile hose piping and similar textile tubing, with or without lining, armour or accessories of other materials",2.5,2.5,5.0,
5910,I,385,"Transmission or conveyor belts or belting, of textile material, whether or not impregnated, coated, covered or laminated with plastics, or reinforced with metal or other material",2.5,2.5,5.0,
5911,I,386,"Textile products and articles, for technical uses, specified in Note 7 to this Chapter; such as Textile fabrics, felt and felt-lined woven fabrics, coated, covered or laminated with rubber, leather or other material, of a kind used for card clothing, and similar fabrics of a kind used for other technical purposes, including narrow fabrics made of velvet impregnated with rubber, for covering weaving spindles (weaving beams); Bolting cloth, whether or not made up; Felt for cotton textile industries, woven; Woven textiles felt, whether or not impregnated or coated, of a kind commonly used in other machines; Cotton fabrics and articles used in machinery and plant; Jute fabrics and articles used in machinery or plant; Textile fabrics of metalised yarn of a kind commonly used in paper making or other machinery; Straining cloth of a kind used in oil presses or the like, including that of human hair; Paper maker's felt, woven; Gaskets, washers, polishing discs and other machinery parts of textile articles",2.5,2.5,5.0,
60,I,387,Knitted or crocheted fabrics [All goods],2.5,2.5,5.0,
61,I,388,"Article of apparel and clothing accessories, knitted or crocheted, of sale value not exceeding Rs 2500 per piece",2.5,2.5,5.0,
62,I,389,"Articles of apparel and clothing accessories, not knitted or crocheted, of sale value not exceeding Rs. 2500 per piece",2.5,2.5,5.0,
63,I,390,"Other made up textile articles, sets, of sale value not exceeding Rs. 2500 per piece",2.5,2.5,5.0,
6309,I,391,Worn clothing and other worn articles; rags,2.5,2.5,5.0,
6310,I,391,Worn clothing and other worn articles; rags,2.5,2.5,5.0,
64,I,392,Footwear of sale value not exceeding Rs.2500 per pair,2.5,2.5,5.0,
6501,I,393,Textile caps,2.5,2.5,5.0,
6505,I,394,Hats (knitted/crocheted) or made up from lace or other textile fabrics,2.5,2.5,5.0,
6601,I,395,"Umbrellas and sun umbrellas (including walking-stick umbrellas, garden umbrellas and similar umbrellas)",2.5,2.5,5.0,
6602,I,396,"Whips, riding-crops and the like",2.5,2.5,5.0,
66020000,I,397,Walking-sticks including seat sticks,2.5,2.5,5.0,
6603,I,398,"Parts, trimmings and accessories of articles of heading 6601 or 6602",2.5,2.5,5.0,
6701,I,399,"Skins and other parts of birds with their feathers or down, feathers, parts of feathers, down and articles thereof (other than goods of heading 0505 and worked quills and scapes)",2.5,2.5,5.0,
68,I,400,Sand lime bricks or Stone inlay work,2.5,2.5,5.0,
6802,I,401,"Statues, statuettes, pedestals; high or low reliefs, crosses, figures of animals, bowls, vases, cups, cachou boxes, writing sets, ashtrays, paper weights, artificial fruit and foliage, etc.; other ornamental goods essentially of stone",2.5,2.5,5.0,
6909,I,402,"Pots, jars and similar articles of a kind used for the conveyance and packing of goods of ceramic",2.5,2.5,5.0,
6911,I,403,"Tableware, kitchenware, other household articles and toilet articles, of porcelain or china",2.5,2.5,5.0,
6912,I,404,"Tableware, kitchenware, other household articles and toilet articles, other than of porcelain or china",2.5,2.5,5.0,
6913,I,405,Statues and other ornamental articles,2.5,2.5,5.0,
7001,I,406,Cullet or other waste or scrap of glass,2.5,2.5,5.0,
701510,I,407,Glasses for corrective spectacles and flint buttons,2.5,2.5,5.0,
7018,I,408,Glass beads,2.5,2.5,5.0,
7020,I,409,"Globes for lamps and lanterns, Founts for kerosene wick lamps, Glass chimneys for lamps and lanterns",2.5,2.5,5.0,
7310,I,410,"Mathematical boxes, geometry boxes and colour boxes",2.5,2.5,5.0,
7326,I,410,"Mathematical boxes, geometry boxes and colour boxes",2.5,2.5,5.0,
7310,I,411,"Milk cans made of Iron, Steel, or Aluminium",2.5,2.5,5.0,
7323,I,411,"Milk cans made of Iron, Steel, or Aluminium",2.5,2.5,5.0,
7612,I,411,"Milk cans made of Iron, Steel, or Aluminium",2.5,2.5,5.0,
7615,I,411,"Milk cans made of Iron, Steel, or Aluminium",2.5,2.5,5.0,
7317,I,412,Animal shoe nails,2.5,2.5,5.0,
7319,I,413,Sewing needles,2.5,2.5,5.0,
7321,I,414,"Kerosene burners, kerosene stoves and wood burning stoves of iron or steel",2.5,2.5,5.0,
7321,I,415,Solar cookers,2.5,2.5,5.0,
8516,I,415,Solar cookers,2.5,2.5,5.0,
7323,I,416,"Table, kitchen or other household articles of iron & steel; Utensils",2.5,2.5,5.0,
7418,I,417,"Table, kitchen or other household articles of copper; Utensils",2.5,2.5,5.0,
74198030,I,418,Brass Kerosene Pressure Stove,2.5,2.5,5.0,
7615,I,419,"Table, kitchen or other household articles of aluminium; Utensils",2.5,2.5,5.0,
8306,I,420,"Bells, gongs and the like, non-electric, of base metal; statuettes and other ornaments, of base metal; photograph, picture or similar frames, of base metal; mirrors of base metal; metal bidriware",2.5,2.5,5.0,
8401,I,421,"Fuel elements (cartridges), non-irradiated, for nuclear reactors",2.5,2.5,5.0,
84071000,I,422,Aircraft engines,2.5,2.5,5.0,
8411,I,422,Aircraft engines,2.5,2.5,5.0,
8408,I,423,Fixed Speed Diesel Engines of power not exceeding 15HP,2.5,2.5,5.0,
84082020,I,424,Agricultural Diesel Engine of cylinder capacity exceeding 250 cc for Tractor,2.5,2.5,5.0,
8413,I,425,Hand pumps and parts thereof,2.5,2.5,5.0,
841391,I,425,Hand pumps and parts thereof,2.5,2.5,5.0,
84138190,I,426,Hydraulic Pumps for tractors,2.5,2.5,5.0,
84142020,I,427,Other hand pumps,2.5,2.5,5.0,
841912,I,428,Solar water heater and system,2.5,2.5,5.0,
8420,I,429,Hand operated rubber roller,2.5,2.5,5.0,
8424,I,430,Nozzles for drip irrigation equipment or nozzles for sprinklers,2.5,2.5,5.0,
8424,I,431,Sprinklers; drip irrigation system including laterals; mechanical sprayers,2.5,2.5,5.0,
8432,I,432,"Agricultural, horticultural or forestry machinery for soil preparation or cultivation; lawn or sports-ground rollers; Parts [8432 90]",2.5,2.5,5.0,
8433,I,433,"Harvesting or threshing machinery, including straw or fodder balers; grass or hay mowers; parts thereof",2.5,2.5,5.0,
8436,I,434,"Other agricultural, horticultural, forestry, poultry- keeping or beekeeping machinery, including germination plant fitted with mechanical or thermal equipment; poultry incubators and brooders; parts thereof",2.5,2.5,5.0,
8452,I,435,"Sewing machines, other than book-sewing machine of heading 8440; furniture, bases and covers specially designed for sewing machines; sewing machines needles and parts of sewing machines",2.5,2.5,5.0,
8479,I,436,Composting Machines,2.5,2.5,5.0,
84,I,437,"Following renewable energy devices and parts for their manufacture:-(a) Bio-gas plant; (b) Solar power-based devices; (c) Solar power generator; (d) Wind mills, Wind Operated Electricity Generator (WOEG); (e) Waste to energy plants / devices; (f) Solar lantern / solar lamp; (g) Ocean waves/tidal waves energy devices/plants; (h) Photo voltaic cells, whether or not assembled in modules or made up into panels. Explanation:- If the goods specified in this entry are supplied, by a supplier, along with supplies of other goods and services, one of which being a taxable service specified in the entry at S. No. 38 of the Table mentioned in the notification No. 8/2017-Integrated Tax (Rate), dated 28th June, 2017 [G.S.R. 683(E)], the value of supply of goods for the purposes of this entry shall be deemed as seventy per cent. of the gross consideration charged for all such supplies, and the remaining thirty per cent. of the gross consideration charged shall be deemed as value of the said taxable service",2.5,2.5,5.0,
85,I,437,"Following renewable energy devices and parts for their manufacture:-(a) Bio-gas plant; (b) Solar power-based devices; (c) Solar power generator; (d) Wind mills, Wind Operated Electricity Generator (WOEG); (e) Waste to energy plants / devices; (f) Solar lantern / solar lamp; (g) Ocean waves/tidal waves energy devices/plants; (h) Photo voltaic cells, whether or not assembled in modules or made up into panels. Explanation:- If the goods specified in this entry are supplied, by a supplier, along with supplies of other goods and services, one of which being a taxable service specified in the entry at S. No. 38 of the Table mentioned in the notification No. 8/2017-Integrated Tax (Rate), dated 28th June, 2017 [G.S.R. 683(E)], the value of supply of goods for the purposes of this entry shall be deemed as seventy per cent. of the gross consideration charged for all such supplies, and the remaining thirty per cent. of the gross consideration charged shall be deemed as value of the said taxable service",2.5,2.5,5.0,
94,I,437,"Following renewable energy devices and parts for their manufacture:-(a) Bio-gas plant; (b) Solar power-based devices; (c) Solar power generator; (d) Wind mills, Wind Operated Electricity Generator (WOEG); (e) Waste to energy plants / devices; (f) Solar lantern / solar lamp; (g) Ocean waves/tidal waves energy devices/plants; (h) Photo voltaic cells, whether or not assembled in modules or made up into panels. Explanation:- If the goods specified in this entry are supplied, by a supplier, along with supplies of other goods and services, one of which being a taxable service specified in the entry at S. No. 38 of the Table mentioned in the notification No. 8/2017-Integrated Tax (Rate), dated 28th June, 2017 [G.S.R. 683(E)], the value of supply of goods for the purposes of this entry shall be deemed as seventy per cent. of the gross consideration charged for all such supplies, and the remaining thirty per cent. of the gross consideration charged shall be deemed as value of the said taxable service",2.5,2.5,5.0,
8504,I,438,Charger or charging station for Electrically operated vehicles,2.5,2.5,5.0,
852560,I,439,"Two-way radio (Walkie talkie) used by defence, police and paramilitary forces etc.",2.5,2.5,5.0,
87,I,440,Fuel Cell Motor Vehicles including hydrogen vehicles based on fuel cell technology,2.5,2.5,5.0,
87,I,441,"Electrically operated vehicles, including two and three wheeled electric vehicles. Explanation.- For the purposes of this entry, ―Electrically operated vehicles"" means vehicles which are run solely on electrical energy derived from an external source or from one or more electrical batteries fitted to such road vehicles and shall include E- bicycles.",2.5,2.5,5.0,
8701,I,442,Tractors (except road tractors for semi-trailers of engine capacity more than 1800 cc),2.5,2.5,5.0,
8708,I,443,"Following parts of tractors namely: a. Rear Tractor wheel rim, b. tractor centre housing, c. tractor housing transmission, d. tractor support front axle",2.5,2.5,5.0,
87081010,I,444,Bumpers and parts thereof for tractors,2.5,2.5,5.0,
87083000,I,445,Brakes assembly and its parts thereof for tractors,2.5,2.5,5.0,
87084000,I,446,Gear boxes and parts thereof for tractors,2.5,2.5,5.0,
87085000,I,447,Transaxles and its parts thereof for tractors,2.5,2.5,5.0,
87087000,I,448,Road wheels and parts and accessories thereof for tractors,2.5,2.5,5.0,
87089100,I,449,(i) Radiator assembly for tractors and parts thereof (ii) Cooling system for tractor engine and parts thereof,2.5,2.5,5.0,
87089200,I,450,Silencer assembly for tractors and parts thereof,2.5,2.5,5.0,
87089300,I,451,Clutch assembly and its parts thereof for tractors,2.5,2.5,5.0,
87089400,I,452,Steering wheels and its parts thereof for tractor,2.5,2.5,5.0,
87089900,I,453,Hydraulic and its parts thereof for tractors,2.5,2.5,5.0,
87089900,I,454,"Fender, Hood, Wrapper, Grill, Side Panel, Extension Plates, Fuel Tank and parts thereof for tractors.",2.5,2.5,5.0,
8710,I,455,"Tanks and other armoured fighting vehicles, motorised, whether or not fitted with weapons, and parts of such vehicles",2.5,2.5,5.0,
8712,I,456,"Bicycles and other cycles (including delivery tricycles), not motorised",2.5,2.5,5.0,
8713,I,457,"Carriages for disabled persons, whether or not motorised or otherwise mechanically propelled",2.5,2.5,5.0,
8714,I,458,"Parts and accessories of bicycles and other cycles (including delivery tricycles), not motorised, of heading 8712",2.5,2.5,5.0,
871420,I,459,Parts and accessories of carriage for disabled persons,2.5,2.5,5.0,
87162000,I,460,Self-loading or self-unloading trailers for agricultural purposes,2.5,2.5,5.0,
871680,I,461,"Hand propelled vehicles (e.g. hand carts, rickshaws and the like); animal drawn vehicles",2.5,2.5,5.0,
88,I,462,"Scientific and technical instruments, apparatus, equipment, accessories, parts, components, spares, tools, mock ups and modules, raw material and consumables required for launch vehicles and satellites and payloads",2.5,2.5,5.0,
8802,I,463,"Other aircraft (for example, helicopters, aeroplanes), other than for personal use",2.5,2.5,5.0,
8806,I,464,Unmanned aircraft,2.5,2.5,5.0,
8807,I,465,Parts of goods of heading 8802 or 8806,2.5,2.5,5.0,
8901,I,466,"Cruise ships, excursion boats, ferry-boats, cargo ships, barges and similar vessels for the transport of persons or goods",2.5,2.5,5.0,
8902,I,467,Fishing vessels; factory ships and other vessels for processing or preserving fishery products,2.5,2.5,5.0,
8904,I,468,Tugs and pusher craft,2.5,2.5,5.0,
8905,I,469,"Light-vessels, fire-floats, dredgers, floating cranes and other vessels the navigability of which is subsidiary to their main function; floating docks; floating or submersible drilling or production platforms",2.5,2.5,5.0,
8906,I,470,"Other vessels, including warships and lifeboats other than rowing boats",2.5,2.5,5.0,
8907,I,471,"Other floating structures (for example, rafts, tanks, coffer-dams, landing-stages, buoys and beacons)",2.5,2.5,5.0,
90,I,473,Coronary stents and coronary stent systems for use with cardiac catheters,2.5,2.5,5.0,
90,I,474,Artificial kidney,2.5,2.5,5.0,
90,I,475,Blood glucose monitoring system (Glucometer) and test strips,2.5,2.5,5.0,
90,I,476,Patent Ductus Arteriosus / Atrial Septal Defect occlusion device,2.5,2.5,5.0,
90,I,477,"Parts of the following goods, namely: - (i) Crutches; (ii) Wheel chairs; (iii)Walking frames; (iv)Tricycles; (v)Braillers; and (vi) Artificial limbs",2.5,2.5,5.0,
90,I,478,"Assistive devices, rehabilitation aids and other goods for disabled, specified in List 1 appended to this Schedule",2.5,2.5,5.0,
90,I,479,Disposable sterilized dialyzer or micro barrier of artificial kidney,2.5,2.5,5.0,
84,I,479,Disposable sterilized dialyzer or micro barrier of artificial kidney,2.5,2.5,5.0,
9001,I,480,Contact lenses; Spectacle lenses,2.5,2.5,5.0,
9003,I,481,"Frames and mountings for spectacles, goggles or the like, and parts thereof",2.5,2.5,5.0,
9004,I,482,"Spectacles, corrective (including goggles for correcting vision)",2.5,2.5,5.0,
9018,I,483,"Instruments and appliances used in medical, surgical, dental or veterinary sciences, including scientigraphic apparatus, other electro-medical apparatus and sight- testing instruments",2.5,2.5,5.0,
9019,I,484,"Mechano-therapy appliances; massage apparatus; psychological aptitude-testing apparatus; ozone therapy, oxygen therapy, aerosol therapy, artificial respiration or other therapeutic respiration apparatus",2.5,2.5,5.0,
9020,I,485,"Other breathing appliances and gas masks, excluding protective masks having neither mechanical parts nor replaceable filters",2.5,2.5,5.0,
9021,I,486,"Orthopaedic appliances, such as crutches, surgical belts, and trusses; Splints and other fracture appliances; artificial parts of the body; other appliances which are worn or carried, or implanted in the body, to compensate for a defect or disability; intraocular lens [other than hearing aids]",2.5,2.5,5.0,
9022,I,487,"Apparatus based on the use of X-rays or of alpha, beta or gamma radiations, for medical, surgical, dental or veterinary uses, including radiography or radiotherapy apparatus, X-ray tubes and other X-ray generators, high tension generators, control panels and desks, screens, examinations or treatment tables, chairs and the like",2.5,2.5,5.0,
9025,I,488,"Thermometers for medical, surgical, dental or veterinary usage",2.5,2.5,5.0,
9027,I,489,"Instruments and apparatus for medical, surgical, dental or veterinary uses, for physical or chemical analysis",2.5,2.5,5.0,
9403,I,490,"Furniture wholly made of bamboo, cane or rattan",2.5,2.5,5.0,
9404,I,491,Coir products (except coir mattresses),2.5,2.5,5.0,
9404,I,492,Products wholly made of quilted textile materials not exceeding Rs 2500 per piece,2.5,2.5,5.0,
9404,I,493,Cotton quilts of sale value not exceeding Rs. 2500 per piece,2.5,2.5,5.0,
94011000,I,494,Aircraft seats,2.5,2.5,5.0,
9405,I,495,"Hurricane lanterns, Kerosene lamp / pressure lantern, petromax, glass chimney, and parts thereof",2.5,2.5,5.0,
9503,I,496,Toy balloons made of natural rubber latex,2.5,2.5,5.0,
9503,I,497,"Toys like tricycles, scooters, pedal cars etc. (including parts and accessories thereof) [other than electronic toys]",2.5,2.5,5.0,
9504,I,498,"Playing cards, chess board, carom board and other board games, like ludo, etc. (other than Video game consoles and Machines)",2.5,2.5,5.0,
9506,I,499,Sports goods other than articles and equipment for general physical exercise,2.5,2.5,5.0,
9507,I,500,Fishing hooks,2.5,2.5,5.0,
9507,I,501,"Fishing rods, and other line fishing tackle; fish landing nets, butterfly nets and similar nets; decoy birds (other than those of heading 9208 or 9705) and similar hunting or shooting requisites",2.5,2.5,5.0,
9601,I,502,"Worked ivory, bone, tortoise shell, horn, antlers, corals, mother of pearl, and other animal carving material and articles of these materials, articles of coral (including articles obtained by moulding)",2.5,2.5,5.0,
9603,I,503,"Broomsticks (other than brooms consisting of twigs or other vegetable materials bound together, with or without handles)",2.5,2.5,5.0,
96032100,I,504,Tooth brushes including dental-plate brushes,2.5,2.5,5.0,
9607,I,505,Slide fasteners and parts thereof,2.5,2.5,5.0,
9615,I,506,"Combs, hair-slides and the like; hairpins, curling pins, curling grips, hair-curlers and the like, other than those of heading 8516, and parts thereof",2.5,2.5,5.0,
96190030,I,507,All goods,2.5,2.5,5.0,
96190040,I,507,All goods,2.5,2.5,5.0,
96190090,I,507,All goods,2.5,2.5,5.0,
9701,I,508,"Paintings, drawings and pastels, executed entirely by hand, other than drawings of heading 4906 and other than hand-painted or hand-decorated manufactured articles; collages, mosaics and similar decorative plaques",2.5,2.5,5.0,
9702,I,509,"Original engravings, prints and lithographs",2.5,2.5,5.0,
9703,I,510,"Original sculptures and statuary, in any material",2.5,2.5,5.0,
9704,I,511,"Postage or revenue stamps, stamp-postmarks, first-day covers, postal stationery (stamped paper), and the like, used or unused, other than those of heading 4907",2.5,2.5,5.0,
9705,I,512,"Collections and collectors' pieces of zoological, botanical, mineralogical, anatomical, historical, archaeological, paleontological, ethnographic or numismatic interest including numismatic coins",2.5,2.5,5.0,
9706,I,513,Antiques of an age exceeding one hundred years,2.5,2.5,5.0,
9804,I,514,"All drugs or medicines including their salts and esters and diagnostic test kits and formulations intended for personal use [other than those specified at nil at S No. 113 of Notification No. 10/2025-Integrated Tax (Rate) dated 17th September, 2025]",2.5,2.5,5.0,
1702,II,1,"Artificial honey, whether or not mixed with natural honey",9.0,9.0,18.0,
2207,II,2,"Ethyl alcohol and other spirits, denatured, of any strength [other than ethyl alcohol supplied to Oil Marketing Companies or petroleum refineries for blending with motor spirit (petrol)]",9.0,9.0,18.0,
22071012,II,3,Spirits for industrial use,9.0,9.0,18.0,
2209,II,4,Vinegar and substitutes for vinegar obtained from acetic acid,9.0,9.0,18.0,
24041200,II,5,Products containing nicotine and intended for inhalation without combustion,9.0,9.0,18.0,
24049100,II,6,"Products for oral application or transdermal application or for application otherwise than orally or transdermally, containing nicotine and intended to assist tobacco use cessation",9.0,9.0,18.0,
24049200,II,6,"Products for oral application or transdermal application or for application otherwise than orally or transdermally, containing nicotine and intended to assist tobacco use cessation",9.0,9.0,18.0,
24049900,II,6,"Products for oral application or transdermal application or for application otherwise than orally or transdermally, containing nicotine and intended to assist tobacco use cessation",9.0,9.0,18.0,
25151220,II,7,"Marble and travertine, other than blocks",9.0,9.0,18.0,
25151290,II,7,"Marble and travertine, other than blocks",9.0,9.0,18.0,
25161200,II,8,"Granite, other than blocks",9.0,9.0,18.0,
2523,II,9,"Portland cement, aluminous cement, slag cement, super sulphate cement and similar hydraulic cements, whether or not coloured or in the form of clinkers",9.0,9.0,18.0,
2601,II,10,"Iron ores and concentrates, including roasted iron pyrites",9.0,9.0,18.0,
2602,II,11,"Manganese ores and concentrates, including ferruginous manganese ores and concentrates with a manganese content of 20% or more, calculated on the dry weight.",9.0,9.0,18.0,
2603,II,12,Copper ores and concentrates,9.0,9.0,18.0,
2604,II,13,Nickel ores and concentrates,9.0,9.0,18.0,
2605,II,14,Cobalt ores and concentrates,9.0,9.0,18.0,
2606,II,15,Aluminium ores and concentrates,9.0,9.0,18.0,
2607,II,16,Lead ores and concentrates,9.0,9.0,18.0,
2608,II,17,Zinc ores and concentrates,9.0,9.0,18.0,
2609,II,18,Tin ores and concentrates,9.0,9.0,18.0,
2610,II,19,Chromium ores and concentrates,9.0,9.0,18.0,
2619,II,20,"Slag, dross (other than granulated slag), scalings and other waste from the manufacture of iron or steel, other than Linz-Donawitz (LD) slag.",9.0,9.0,18.0,
2620,II,21,"Slag, ash and residues (other than from the manufacture of iron or steel) containing metals, arsenic or their compounds",9.0,9.0,18.0,
2621,II,22,"Other slag and ash, including seaweed ash (kelp); ash and residues from the incineration of municipal waste [other than fly ash]",9.0,9.0,18.0,
2701,II,23,"Coal; briquettes, ovoids and similar solid fuels manufactured from coal",9.0,9.0,18.0,
2702,II,24,"Lignite, whether or not agglomerated, excluding jet",9.0,9.0,18.0,
2703,II,25,"Peat (including peat litter), whether or not agglomerated",9.0,9.0,18.0,
2706,II,26,"Tar distilled from coal, from lignite or from peat and other mineral tars, whether or not dehydrated or partially distilled, including reconstituted tars",9.0,9.0,18.0,
2707,II,27,"Oils and other products of the distillation of high temperature coal tar; similar products in which the weight of the aromatic constituents exceeds that of the non-aromatic constituents, such as Benzole (benzene), Toluole (toluene), Xylole (xylenes), Naphthelene",9.0,9.0,18.0,
2708,II,28,"Pitch and pitch coke, obtained from coal tar or from other mineral tars",9.0,9.0,18.0,
2710,II,29,"Petroleum oils and oils obtained from bituminous minerals, other than petroleum crude; preparations not elsewhere specified or included, containing by weight 70% or more of petroleum oils or of oils obtained from bituminous minerals, these oils being the basic constituents of the preparations; waste oils; Avgas (other than kerosene PDS, petrol, diesel and ATF which are not in GST)",9.0,9.0,18.0,
2711,II,30,"Petroleum gases and other gaseous hydrocarbons, such as Propane, Butanes, Ethylene, propylene, butylene and butadiene [Other than Liquefied Propane and Butane mixture, Liquefied Propane, Liquefied Butane and Liquefied Petroleum Gases (LPG) for supply to household domestic consumers or to non- domestic exempted category (NDEC) customers by the Indian Oil Corporation Limited, Hindustan petroleum Corporation Limited or Bharat Petroleum Corporation Limited]",9.0,9.0,18.0,
2712,II,31,"Petroleum jelly; paraffin wax, micro-crystalline petroleum wax, slack wax, ozokerite, lignite wax, peat wax, other mineral waxes, and similar products obtained by synthesis or by other processes, whether or not coloured",9.0,9.0,18.0,
2713,II,32,"Petroleum coke, petroleum bitumen and other residues of petroleum oils or of oils obtained from bituminous minerals",9.0,9.0,18.0,
2714,II,33,"Bitumen and asphalt, natural; bituminous or oil shale and tar sands; asphaltites and asphaltic rocks",9.0,9.0,18.0,
2715,II,34,"Bituminous mixtures based on natural asphalt, on natural bitumen, on petroleum bitumen, on mineral tar or on mineral tar pitch (for example, bituminous mastics, cut-backs)",9.0,9.0,18.0,
28,II,35,All inorganic chemicals [other than those specified in notification No.10/2025- Central Tax (Rate) dated 17th September 2025 or other Schedules of this notification],9.0,9.0,18.0,
29,II,36,All organic chemicals other than giberellic acid,9.0,9.0,18.0,
29061190,II,37,Goods other than Natural Menthol,9.0,9.0,18.0,
29061190,II,38,"Following goods made from other than natural menthol, namely:- a. Menthol and menthol crystals, b. Peppermint (Mentha Oil) c. Fractionated / de-terpenated mentha oil (DTMO) d. De-mentholised oil (DMO) e. Spearmint oil f. Mentha piperita oil",9.0,9.0,18.0,
30,II,38,"Following goods made from other than natural menthol, namely:- a. Menthol and menthol crystals, b. Peppermint (Mentha Oil) c. Fractionated / de-terpenated mentha oil (DTMO) d. De-mentholised oil (DMO) e. Spearmint oil f. Mentha piperita oil",9.0,9.0,18.0,
3301,II,38,"Following goods made from other than natural menthol, namely:- a. Menthol and menthol crystals, b. Peppermint (Mentha Oil) c. Fractionated / de-terpenated mentha oil (DTMO) d. De-mentholised oil (DMO) e. Spearmint oil f. Mentha piperita oil",9.0,9.0,18.0,
3102,II,39,"Mineral or chemical fertilisers, nitrogenous, which are clearly not to be used as fertilizers",9.0,9.0,18.0,
3103,II,40,"Mineral or chemical fertilisers, phosphatic, which are clearly not to be used as fertilizers",9.0,9.0,18.0,
3104,II,41,"Mineral or chemical fertilisers, potassic, which are clearly not to be used as fertilizers",9.0,9.0,18.0,
3105,II,42,"Mineral or chemical fertilisers containing two or three of the fertilising elements nitrogen, phosphorus and potassium; other fertilisers; goods of this Chapter in tablets or similar forms or in packages of a gross weight not exceeding 10 kg, which are clearly not to be used as fertilizers",9.0,9.0,18.0,
3201,II,43,"Tanning extracts of vegetable origin; tannins and their salts, ethers, esters and other derivatives (other than Wattle extract, quebracho extract, chestnut extract)",9.0,9.0,18.0,
3202,II,44,"Synthetic organic tanning substances; inorganic tanning substances; tanning preparations, whether or not containing natural tanning substances (other than Enzymatic preparations for pre-tanning)",9.0,9.0,18.0,
3203,II,45,"Colouring matter of vegetable or animal origin (including dyeing extracts but excluding animal black), whether or not chemically defined; preparations as specified in Note 3 to this Chapter based on colouring matter of vegetable or animal origin",9.0,9.0,18.0,
3204,II,46,"Synthetic organic colouring matter, whether or not chemically defined; preparations as specified in Note 3 to this Chapter based on synthetic organic colouring matter; synthetic organic products of a kind used as fluorescent brightening agents or as luminophores, whether or not chemically defined",9.0,9.0,18.0,
3205,II,47,Colour lakes; preparations as specified in Note 3 to this Chapter based on colour lakes,9.0,9.0,18.0,
3206,II,48,"Other colouring matter; preparations as specified in Note 3 to this Chapter, other than those of heading 32.03, 32.04 or 32.05; inorganic products of a kind used as luminophores, whether or not chemically defined",9.0,9.0,18.0,
3207,II,49,"Prepared pigments, prepared opacifiers and prepared colours, vitrifiable enamels and glazes, engobes (slips), liquid lustres and similar preparations of a kind used in the ceramic, enamelling or glass industry; glass frit and other glass, in the form of powder, granules or flakes",9.0,9.0,18.0,
3208,II,50,"Paints and varnishes (including enamels and lacquers) based on synthetic polymers or chemically modified natural polymers, dispersed or dissolved in a non-aqueous medium; solutions as defined in Note 4 to this Chapter",9.0,9.0,18.0,
3209,II,51,"Paints and varnishes (including enamels and lacquers) based on synthetic polymers or chemically modified natural polymers, dispersed or dissolved in an aqueous medium",9.0,9.0,18.0,
3210,II,52,"Other paints and varnishes (including enamels, lacquers and distempers); prepared water pigments of a kind used for finishing leather",9.0,9.0,18.0,
32110000,II,53,Prepared driers,9.0,9.0,18.0,
3212,II,54,"Pigments (including metallic powders and flakes) dispersed in non-aqueous media, in liquid or paste form, of a kind used in the manufacture of paints (including enamels); stamping foils; dyes and other colouring matter put up in forms or packings for retail sale",9.0,9.0,18.0,
3213,II,55,"Artists', students' or signboard painters' colours, modifying tints, amusement colours and the like, in tablets, tubes, jars, bottles, pans or in similar forms or packings",9.0,9.0,18.0,
3214,II,56,"Glaziers' putty, grafting putty, resin cements, caulking compounds and other mastics; painters' fillings; non- refractory surfacing preparations for facades, indoor walls, floors, ceilings or the like",9.0,9.0,18.0,
3215,II,57,"All Goods, including printing ink, writing or drawing ink and other inks, whether or not concentrated or solid, fountain pen ink, ball pen ink",9.0,9.0,18.0,
3301,II,58,"Essential oils (terpeneless or not), including concretes and absolutes; resinoids; extracted oleoresins; concentrates of essential oils in fats, in fixed oils, in waxes or the like, obtained by enfleurage or maceration; terpenic by-products of the deterpenation of essential oils; aqueous distillates and aqueous solutions of essential oils such as essential oils of citrus fruit, essential oils other than those of citrus fruit such as eucalyptus oil, etc., flavouring essences all types (including those for liquors), attars of all kinds in fixed oil bases",9.0,9.0,18.0,
3302,II,59,"Mixtures of odoriferous substances and mixtures (including alcoholic solutions) with a basis of one or more of these substances, of a kind used as raw materials in industry; other preparations based on odoriferous substances, of a kind used for the manufacture of beverages such as synthetic perfumery compounds [other than natural menthol and goods made from natural menthol i.e menthol and menthol crystals, Peppermint (Mentha Oil), Fractionated / de-terpenated mentha oil (DTMO), De-mentholised oil (DMO), Spearmint oil, Mentha piperita oil]",9.0,9.0,18.0,
3303,II,60,Perfumes and toilet waters,9.0,9.0,18.0,
3304,II,61,"Beauty or make-up preparations and preparations for the care of the skin (other than medicaments) including sunscreen or sun tan preparations; manicure or pedicure preparations [other than kajal, kumkum, bindi, sindur, alta, talcum powder and face powder]",9.0,9.0,18.0,
3305,II,62,"Preparations for use on the hair [other than mehendi paste in cones, hair oil, shampoo]",9.0,9.0,18.0,
3306,II,63,"Preparations for oral or dental hygiene, including denture fixative pastes and powders in individual retail packages [other than tooth powder, tooth paste and yarn used to clean between the teeth (dental floss)]",9.0,9.0,18.0,
3307,II,64,"Pre-shave, shaving or after-shave preparations, personal deodorants, bath preparations, depilatories and other perfumery, cosmetic or toilet preparations, not elsewhere specified or included; prepared room deodorisers, whether or not perfumed or having disinfectant properties [other than shaving cream, shaving lotion and aftershave lotion]",9.0,9.0,18.0,
33074100,II,65,"Odoriferous preparations which operate by burning [other than agarbattis, lobhan, dhoop batti, dhoop, sambhrani]",9.0,9.0,18.0,
3401,II,66,"Soap; organic surface-active products and preparations for use as soap, in the form of cakes, moulded pieces or shapes, whether or not containing soap[other than toilet soap in the form of bars, cakes, moulded pieces or shapes]; organic surface active products and preparations for washing the skin, in the form of liquid or cream and put up for retail sale, whether or not containing soap; paper, wadding, felt and nonwovens, impregnated, coated or covered with soap or detergent",9.0,9.0,18.0,
3402,II,67,"Organic surface-active agents (other than soap); surface-active preparations, washing preparations (including auxiliary washing preparations) and cleaning preparations, whether or not containing soap, other than those of heading 3401 [other than Sulphonated castor oil, fish oil or sperm oil]",9.0,9.0,18.0,
3403,II,68,"Lubricating preparations (including cutting-oil preparations, bolt or nut release preparations, anti-rust or anti-corrosion preparations and mould release preparations, based on lubricants) and preparations of a kind used for the oil or grease treatment of textile materials, leather, furskins or other materials, but excluding preparations containing, as basic constituents, 70% or more by weight of petroleum oils or of oils obtained from bituminous minerals",9.0,9.0,18.0,
3404,II,69,Artificial waxes and prepared waxes,9.0,9.0,18.0,
3405,II,70,"Polishes and creams, for footwear, furniture, floors, coachwork, glass or metal, scouring pastes and powders and similar preparations (whether or not in the form of paper, wadding, felt, nonwovens, cellular plastics or cellular rubber, impregnated, coated or covered with such preparations), excluding waxes of heading 3404",9.0,9.0,18.0,
3407,II,71,"Modelling pastes, including those put up for children's amusement; Preparations known as ―dental wax"" or as ―dental impression compounds"", put up in sets, in packings for retail sale or in plates, horseshoe shapes, sticks or similar forms; other preparations for use in dentistry, with a basis of plaster (of calcined gypsum or calcium sulphate)",9.0,9.0,18.0,
3501,II,72,"Casein, caseinates and other casein derivatives; casein glues",9.0,9.0,18.0,
3502,II,73,"Albumins (including concentrates of two or more whey proteins, containing by weight more than 80% whey proteins, calculated on the dry matter), albuminates and other albumin derivatives",9.0,9.0,18.0,
3504,II,74,"Peptones and their derivatives; other protein substances and their derivatives, not elsewhere specified or included; hide powder, whether or not chromed; including Isolated soya protein",9.0,9.0,18.0,
3506,II,75,"Prepared glues and other prepared adhesives, not elsewhere specified or included; products suitable for use as glues or adhesives, put up for retail sale as glues or adhesives, not exceeding a net weight of 1 kg",9.0,9.0,18.0,
3507,II,76,"Enzymes, prepared enzymes",9.0,9.0,18.0,
3601,II,77,Propellant powders,9.0,9.0,18.0,
3602,II,78,"Prepared explosives, other than propellant powders, such as industrial explosives",9.0,9.0,18.0,
3603,II,79,Safety fuses; detonating cords; percussion or detonating caps; igniters; electric detonators,9.0,9.0,18.0,
3604,II,80,"Fireworks, signalling flares, rain rockets, fog signals and other pyrotechnic articles",9.0,9.0,18.0,
3606,II,81,Ferro-cerium and other pyrophoric alloys in all forms; articles of combustible materials as specified in Note 2 to this Chapter; such as liquid or liquefied-gas fuels in containers of a kind used for filling or refilling cigarette or similar lighters,9.0,9.0,18.0,
3701,II,82,"Photographic plates and film in the flat, sensitised, unexposed, of any material other than paper, paperboard or textiles; instant print film in the flat, sensitised, unexposed, whether or not in packs; such as Instant print film, Cinematographic film (other than for x-ray for Medical use)",9.0,9.0,18.0,
3702,II,83,"Photographic film in rolls, sensitised, unexposed, of any material other than paper, paperboard or textiles; instant print film in rolls, sensitised, unexposed",9.0,9.0,18.0,
3703,II,84,"Photographic paper, paperboard and textiles, sensitised, unexposed",9.0,9.0,18.0,
3704,II,85,"Photographic plates, film, paper, paperboard and textiles, exposed but not developed",9.0,9.0,18.0,
3706,II,86,"Cinematographic film, exposed and developed, whether or not incorporating sound track or consisting only of sound track",9.0,9.0,18.0,
3707,II,87,"Chemical preparations for photographic uses (other than varnishes, glues, adhesives and similar preparations); unmixed products for photographic uses, put up in measured portions or put up for retail sale in a form ready for use",9.0,9.0,18.0,
3801,II,88,"Artificial graphite; colloidal or semi-colloidal graphite; preparations based on graphite or other carbon in the form of pastes, blocks, plates or other semi-manufactures",9.0,9.0,18.0,
3802,II,89,"Activated carbon; activated natural mineral products; animal black, including spent animal black",9.0,9.0,18.0,
38030000,II,90,"Tall oil, whether or not refined",9.0,9.0,18.0,
3804,II,91,"Residual lyes from the manufacture of wood pulp, whether or not concentrated, desugared or chemically treated, including lignin sulphonates, but excluding tall oil of heading 3803",9.0,9.0,18.0,
3805,II,92,"Gum, wood or sulphate turpentine and other terpenic oils produced by the distillation or other treatment of coniferous woods; crude dipentene; sulphite turpentine and other crude para-cymene; pine oil containing alpha-terpineol as the main constituent",9.0,9.0,18.0,
3806,II,93,"Rosin and resin acids, and derivatives thereof; rosin spirit and rosin oils; run gums",9.0,9.0,18.0,
3807,II,94,"Wood tar; wood tar oils; wood creosote; wood naphtha; vegetable pitch; brewers' pitch and similar preparations based on rosin, resin acids or on vegetable pitch",9.0,9.0,18.0,
3808,II,95,"Insecticides, rodenticides, fungicides, herbicides, anti-sprouting products and plant-growth regulators, disinfectants and similar products [other than bio-pesticides mentioned against S. No. 260 of Schedule –I]",9.0,9.0,18.0,
3809,II,96,"Finishing agents, dye carriers to accelerate the dyeing or fixing of dyestuffs and other products and preparations (for example, dressings and mordants), of a kind used in the textile, paper, leather or like industries, not elsewhere specified or included",9.0,9.0,18.0,
3810,II,97,"Pickling preparations for metal surfaces; fluxes and other auxiliary preparations for soldering, brazing or welding; soldering, brazing or welding powders and pastes consisting of metal and other materials; preparations of a kind used as cores or coatings for welding electrodes or rods",9.0,9.0,18.0,
3811,II,98,"Anti-knock preparations, oxidation inhibitors, gum inhibitors, viscosity improvers, anti-corrosive preparations and other prepared additives, for mineral oils (including gasoline) or for other liquids used for the same purposes as mineral oils",9.0,9.0,18.0,
3812,II,99,"Prepared rubber accelerators; compound plasticisers for rubber or plastics, not elsewhere specified or included; anti-oxidising preparations and other compound stabilisers for rubber or plastics such as vulcanizing agents for rubber",9.0,9.0,18.0,
3813,II,100,Preparations and charges for fire-extinguishers; charged fire extinguishing grenades,9.0,9.0,18.0,
3814,II,101,"Organic composite solvents and thinners, not elsewhere specified or included; prepared paint or varnish removers",9.0,9.0,18.0,
3815,II,102,"Reaction initiators, reaction accelerators and catalytic preparations, not elsewhere specified or included",9.0,9.0,18.0,
3816,II,103,"Refractory cements, mortars, concretes and similar compositions, other than products of heading 3801 [other than dolomite ramming mix]",9.0,9.0,18.0,
3817,II,104,"Mixed alkylbenzenes and mixed alkylnaphthalenes, other than those of heading 2707 or 2902",9.0,9.0,18.0,
3818,II,105,"Chemical elements doped for use in electronics, in the form of discs, wafers or similar forms; chemical compounds doped for use in electronics [other than silicon wafers]",9.0,9.0,18.0,
3819,II,106,"Hydraulic brake fluids and other prepared liquids for hydraulic transmission, not containing or containing less than 70% by weight of petroleum oils or oils obtained from bituminous minerals",9.0,9.0,18.0,
3820,II,107,Anti-freezing preparations and prepared de-icing fluids,9.0,9.0,18.0,
3821,II,108,"Prepared culture media for development or maintenance of microorganisms (including viruses and the like) or of plant, human or animal cells",9.0,9.0,18.0,
3823,II,109,"Industrial monocarboxylic fatty acids, acid oils from refining; industrial fatty alcohols",9.0,9.0,18.0,
3824,II,110,"Prepared binders for foundry moulds or cores; chemical products and preparations of the chemical or allied industries (including those consisting of mixtures of natural products), not elsewhere specified or included",9.0,9.0,18.0,
3825,II,111,"Residual products of the chemical or allied industries, not elsewhere specified or included [except municipal waste; sewage sludge; other wastes specified in Note 6 to this Chapter.]",9.0,9.0,18.0,
3826,II,112,Biodiesel (other than biodiesel supplied to Oil Marketing Companies for blending with High Speed Diesel),9.0,9.0,18.0,
3827,II,113,"Mixtures containing halogenated derivatives of methane, ethane or propane, not elsewhere specified or included",9.0,9.0,18.0,
3901,II,114,"All goods i.e. polymers; Polyacetals, other polyethers, epoxide resins, polycarbonates, alkyd resins, polyallyl esters, other polyesters; polyamides; Amino-resins, phenolic resins and polyurethanes; silicones; Petroleum resins, coumarone-indene resins, polyterpenes, polysulphides, polysulphones and other products specified in Note 3 to this Chapter, not elsewhere specified or included; Cellulose and its chemical derivatives, not elsewhere specified or included; Natural polymers (for example, alginic acid) and modified natural polymers (for example, hardened proteins, chemical derivatives of natural rubber), not elsewhere specified or included; in primary forms",9.0,9.0,18.0,
3902,II,114,"All goods i.e. polymers; Polyacetals, other polyethers, epoxide resins, polycarbonates, alkyd resins, polyallyl esters, other polyesters; polyamides; Amino-resins, phenolic resins and polyurethanes; silicones; Petroleum resins, coumarone-indene resins, polyterpenes, polysulphides, polysulphones and other products specified in Note 3 to this Chapter, not elsewhere specified or included; Cellulose and its chemical derivatives, not elsewhere specified or included; Natural polymers (for example, alginic acid) and modified natural polymers (for example, hardened proteins, chemical derivatives of natural rubber), not elsewhere specified or included; in primary forms",9.0,9.0,18.0,
3903,II,114,"All goods i.e. polymers; Polyacetals, other polyethers, epoxide resins, polycarbonates, alkyd resins, polyallyl esters, other polyesters; polyamides; Amino-resins, phenolic resins and polyurethanes; silicones; Petroleum resins, coumarone-indene resins, polyterpenes, polysulphides, polysulphones and other products specified in Note 3 to this Chapter, not elsewhere specified or included; Cellulose and its chemical derivatives, not elsewhere specified or included; Natural polymers (for example, alginic acid) and modified natural polymers (for example, hardened proteins, chemical derivatives of natural rubber), not elsewhere specified or included; in primary forms",9.0,9.0,18.0,
3904,II,114,"All goods i.e. polymers; Polyacetals, other polyethers, epoxide resins, polycarbonates, alkyd resins, polyallyl esters, other polyesters; polyamides; Amino-resins, phenolic resins and polyurethanes; silicones; Petroleum resins, coumarone-indene resins, polyterpenes, polysulphides, polysulphones and other products specified in Note 3 to this Chapter, not elsewhere specified or included; Cellulose and its chemical derivatives, not elsewhere specified or included; Natural polymers (for example, alginic acid) and modified natural polymers (for example, hardened proteins, chemical derivatives of natural rubber), not elsewhere specified or included; in primary forms",9.0,9.0,18.0,
3905,II,114,"All goods i.e. polymers; Polyacetals, other polyethers, epoxide resins, polycarbonates, alkyd resins, polyallyl esters, other polyesters; polyamides; Amino-resins, phenolic resins and polyurethanes; silicones; Petroleum resins, coumarone-indene resins, polyterpenes, polysulphides, polysulphones and other products specified in Note 3 to this Chapter, not elsewhere specified or included; Cellulose and its chemical derivatives, not elsewhere specified or included; Natural polymers (for example, alginic acid) and modified natural polymers (for example, hardened proteins, chemical derivatives of natural rubber), not elsewhere specified or included; in primary forms",9.0,9.0,18.0,
3906,II,114,"All goods i.e. polymers; Polyacetals, other polyethers, epoxide resins, polycarbonates, alkyd resins, polyallyl esters, other polyesters; polyamides; Amino-resins, phenolic resins and polyurethanes; silicones; Petroleum resins, coumarone-indene resins, polyterpenes, polysulphides, polysulphones and other products specified in Note 3 to this Chapter, not elsewhere specified or included; Cellulose and its chemical derivatives, not elsewhere specified or included; Natural polymers (for example, alginic acid) and modified natural polymers (for example, hardened proteins, chemical derivatives of natural rubber), not elsewhere specified or included; in primary forms",9.0,9.0,18.0,
3907,II,114,"All goods i.e. polymers; Polyacetals, other polyethers, epoxide resins, polycarbonates, alkyd resins, polyallyl esters, other polyesters; polyamides; Amino-resins, phenolic resins and polyurethanes; silicones; Petroleum resins, coumarone-indene resins, polyterpenes, polysulphides, polysulphones and other products specified in Note 3 to this Chapter, not elsewhere specified or included; Cellulose and its chemical derivatives, not elsewhere specified or included; Natural polymers (for example, alginic acid) and modified natural polymers (for example, hardened proteins, chemical derivatives of natural rubber), not elsewhere specified or included; in primary forms",9.0,9.0,18.0,
3908,II,114,"All goods i.e. polymers; Polyacetals, other polyethers, epoxide resins, polycarbonates, alkyd resins, polyallyl esters, other polyesters; polyamides; Amino-resins, phenolic resins and polyurethanes; silicones; Petroleum resins, coumarone-indene resins, polyterpenes, polysulphides, polysulphones and other products specified in Note 3 to this Chapter, not elsewhere specified or included; Cellulose and its chemical derivatives, not elsewhere specified or included; Natural polymers (for example, alginic acid) and modified natural polymers (for example, hardened proteins, chemical derivatives of natural rubber), not elsewhere specified or included; in primary forms",9.0,9.0,18.0,
3909,II,114,"All goods i.e. polymers; Polyacetals, other polyethers, epoxide resins, polycarbonates, alkyd resins, polyallyl esters, other polyesters; polyamides; Amino-resins, phenolic resins and polyurethanes; silicones; Petroleum resins, coumarone-indene resins, polyterpenes, polysulphides, polysulphones and other products specified in Note 3 to this Chapter, not elsewhere specified or included; Cellulose and its chemical derivatives, not elsewhere specified or included; Natural polymers (for example, alginic acid) and modified natural polymers (for example, hardened proteins, chemical derivatives of natural rubber), not elsewhere specified or included; in primary forms",9.0,9.0,18.0,
3910,II,114,"All goods i.e. polymers; Polyacetals, other polyethers, epoxide resins, polycarbonates, alkyd resins, polyallyl esters, other polyesters; polyamides; Amino-resins, phenolic resins and polyurethanes; silicones; Petroleum resins, coumarone-indene resins, polyterpenes, polysulphides, polysulphones and other products specified in Note 3 to this Chapter, not elsewhere specified or included; Cellulose and its chemical derivatives, not elsewhere specified or included; Natural polymers (for example, alginic acid) and modified natural polymers (for example, hardened proteins, chemical derivatives of natural rubber), not elsewhere specified or included; in primary forms",9.0,9.0,18.0,
3911,II,114,"All goods i.e. polymers; Polyacetals, other polyethers, epoxide resins, polycarbonates, alkyd resins, polyallyl esters, other polyesters; polyamides; Amino-resins, phenolic resins and polyurethanes; silicones; Petroleum resins, coumarone-indene resins, polyterpenes, polysulphides, polysulphones and other products specified in Note 3 to this Chapter, not elsewhere specified or included; Cellulose and its chemical derivatives, not elsewhere specified or included; Natural polymers (for example, alginic acid) and modified natural polymers (for example, hardened proteins, chemical derivatives of natural rubber), not elsewhere specified or included; in primary forms",9.0,9.0,18.0,
3912,II,114,"All goods i.e. polymers; Polyacetals, other polyethers, epoxide resins, polycarbonates, alkyd resins, polyallyl esters, other polyesters; polyamides; Amino-resins, phenolic resins and polyurethanes; silicones; Petroleum resins, coumarone-indene resins, polyterpenes, polysulphides, polysulphones and other products specified in Note 3 to this Chapter, not elsewhere specified or included; Cellulose and its chemical derivatives, not elsewhere specified or included; Natural polymers (for example, alginic acid) and modified natural polymers (for example, hardened proteins, chemical derivatives of natural rubber), not elsewhere specified or included; in primary forms",9.0,9.0,18.0,
3913,II,114,"All goods i.e. polymers; Polyacetals, other polyethers, epoxide resins, polycarbonates, alkyd resins, polyallyl esters, other polyesters; polyamides; Amino-resins, phenolic resins and polyurethanes; silicones; Petroleum resins, coumarone-indene resins, polyterpenes, polysulphides, polysulphones and other products specified in Note 3 to this Chapter, not elsewhere specified or included; Cellulose and its chemical derivatives, not elsewhere specified or included; Natural polymers (for example, alginic acid) and modified natural polymers (for example, hardened proteins, chemical derivatives of natural rubber), not elsewhere specified or included; in primary forms",9.0,9.0,18.0,
3914,II,115,"Ion exchangers based on polymers of headings 3901 to 3913, in primary forms",9.0,9.0,18.0,
3915,II,116,"Waste, Parings and Scrap, of Plastics",9.0,9.0,18.0,
3916,II,117,"Monofilament of which any cross-sectional dimension exceeds 1 mm, rods, sticks and profile shapes, whether or not surface- worked but not otherwise worked, of plastics",9.0,9.0,18.0,
3917,II,118,"Tubes, pipes and hoses, and fittings therefor, of plastics",9.0,9.0,18.0,
3918,II,119,"Floor coverings of plastics, whether or not self-adhesive, in rolls or in the form of tiles; wall or ceiling coverings of plastics, as defined in Note 9 to this Chapter",9.0,9.0,18.0,
3919,II,120,"Self-adhesive plates, sheets, film, foil, tape, strip and other flat shapes, of plastics, whether or not in rolls",9.0,9.0,18.0,
3920,II,121,"Other plates, sheets, film, foil and strip, of plastics, non-cellular and not reinforced, laminated, supported or similarly combined with other materials",9.0,9.0,18.0,
3921,II,122,"Other plates, sheets, film, foil and strip, of plastics",9.0,9.0,18.0,
3922,II,123,"Baths, shower-baths, sinks, wash-basins, bidets, lavatory pans, seats and covers, flushing cisterns and similar sanitary ware of plastics",9.0,9.0,18.0,
3923,II,124,"Articles for the conveyance or packing of goods, of plastics; stoppers, lids, caps and other closures, of plastics",9.0,9.0,18.0,
3924,II,125,"Tableware, kitchenware, other household articles and hygienic or toilet articles, of plastics",9.0,9.0,18.0,
3925,II,126,"Builders' ware of plastics, not elsewhere specified or included",9.0,9.0,18.0,
3926,II,127,"Other articles of plastics and articles of other materials of headings 3901 to 3914 [other than bangles of plastic, plastic beads and feeding bottles]",9.0,9.0,18.0,
4002,II,128,"Synthetic rubber and factice derived from oils, in primary forms or in plates, sheets or strip; mixtures of any product of heading 4001 with any product of this heading, in primary forms or in plates, sheets or strip; such as Latex, styrene butadiene rubber, butadiene rubber (BR), Isobutene-isoprene (butyl) rubber (IIR), Ethylene-propylene-Non-conjugated diene rubber (EPDM)",9.0,9.0,18.0,
4003,II,129,"Reclaimed rubber in primary forms or in plates, sheets or strip",9.0,9.0,18.0,
4004,II,130,"Powders and granules obtained from waste, parings and scrap of rubber (other than hard rubber)",9.0,9.0,18.0,
4005,II,131,"Compounded rubber, unvulcanised, in primary forms or in plates, sheets or strip",9.0,9.0,18.0,
4006,II,132,"Other forms (for example, rods, tubes and profile shapes) and articles (for example, discs and rings), of unvulcanised rubber",9.0,9.0,18.0,
4007,II,133,"Vulcanised rubber thread and cord, other than latex rubber thread",9.0,9.0,18.0,
4008,II,134,"Plates, sheets, strip, rods and profile shapes, of vulcanised rubber other than hard rubber",9.0,9.0,18.0,
4009,II,135,"Tubes, pipes and hoses, of vulcanised rubber other than hard rubber, with or without their fittings (for example, joints, elbows, flanges)",9.0,9.0,18.0,
4010,II,136,"Conveyor or transmission belts or belting, of vulcanised rubber",9.0,9.0,18.0,
4011,II,137,"New pneumatic tyres, of rubber (other than of a kind used on/in bicycles, cycle-rickshaws and three wheeled powered cycle rickshaws; rear tractor tyres; and of a kind used on aircraft)",9.0,9.0,18.0,
4012,II,138,"Retreaded or used pneumatic tyres of rubber; solid or cushion tyres, tyre treads and tyre flaps, of rubber",9.0,9.0,18.0,
4013,II,139,"Inner tubes of rubber (other than of a kind used on/in bicycles, cycle-rickshaws and three wheeled powered cycle rickshaws; and Rear Tractor tyre tubes)",9.0,9.0,18.0,
4014,II,140,"Hygienic or pharmaceutical articles (including teats), of vulcanised rubber other than hard rubber, with or without fittings of hard rubber; such as Hot water bottles, Ice bags [other than Sheath contraceptives, Rubber contraceptives, male (condoms), Rubber contraceptives, female (diaphragms), such as cervical caps]",9.0,9.0,18.0,
4015,II,141,"Articles of apparel and clothing accessories (including gloves, mittens and mitts), for all purposes, of vulcanised rubber other than hard rubber [other than Surgical gloves]",9.0,9.0,18.0,
4016,II,142,"Other articles of vulcanised rubber other than hard rubber [other than erasers, rubber bands]",9.0,9.0,18.0,
4017,II,143,"Hard rubber (for example ebonite) in all forms, other than waste and scrap; articles of hard rubber",9.0,9.0,18.0,
4201,II,144,"Saddlery and harness for any animal (including traces, leads, knee pads, muzzles, saddle cloths, saddle bags, dog coats and the like), of any material",9.0,9.0,18.0,
4202,II,145,"Trunks, suit-cases, vanity-cases, executive-cases, brief-cases, school satchels, spectacle cases, binocular cases, camera cases, musical instrument cases, gun cases, holsters and similar containers; travelling bags, insulated food or beverages bags, toilet bags, rucksacks, handbags, shopping bags, wallets, purses, map-cases, cigarette-cases, tobacco-pouches, tool bags, sports bags, bottle-cases, jewellery boxes, powder-boxes, cutlery cases and similar containers, of leather, of sheeting of plastics, of textile materials, of vulcanised fibre or of paperboard, or wholly or mainly covered with such materials or with paper [other than handbags and shopping bags, of cotton or jute]",9.0,9.0,18.0,
4203,II,146,"Articles of apparel and clothing accessories, of leather or of composition leather [other than gloves specially designed for use in sports]",9.0,9.0,18.0,
4205,II,147,Other articles of leather or of composition leather,9.0,9.0,18.0,
4206,II,148,"Articles of gut (other than silk-worm gut), of goldbeater's skin, of bladders or of tendons",9.0,9.0,18.0,
4301,II,149,"Raw furskins (including heads, tails, paws and other pieces or cuttings, suitable for furriers' use), other than raw hides and skins of heading 4101, 4102 or 4103.",9.0,9.0,18.0,
4302,II,150,"Tanned or dressed furskins (including heads, tails, paws and other pieces or cuttings), unassembled, or assembled (without the addition of other materials) other than those of heading 4303",9.0,9.0,18.0,
4303,II,151,"Articles of apparel, clothing accessories and other articles of furskin",9.0,9.0,18.0,
4304,II,152,Artificial fur and articles thereof,9.0,9.0,18.0,
4403,II,153,Wood in the rough,9.0,9.0,18.0,
4407,II,154,Wood sawn or chipped,9.0,9.0,18.0,
4408,II,155,"Sheets for veneering (including those obtained by slicing laminated wood), for plywood or for similar laminated wood and other wood, sawn lengthwise, sliced or peeled, whether or not planed, sanded, spliced or end-jointed, of a thickness not exceeding 6 mm [other than for match splints]",9.0,9.0,18.0,
4409,II,156,"Wood (including strips and friezes for parquet flooring, not assembled) continuously shaped (tongued, grooved, rebated, chamfered, v-jointed, beaded, moulded, rounded or the like) along any of its edges or faces, whether or not planed, sanded or end-jointed [other than bamboo flooring]",9.0,9.0,18.0,
4410,II,157,"Particle board, Oriented Strand Board and similar board (for example, wafer board) of wood or other ligneous materials, whether or not agglomerated with resins or other organic binding substances, other than specified boards",9.0,9.0,18.0,
4411,II,158,"Fibre board of wood or other ligneous materials, whether or not bonded with resins or other organic substances, other than specified boards",9.0,9.0,18.0,
4412,II,159,"Plywood, veneered panels and similar laminated wood",9.0,9.0,18.0,
4413,II,160,"Densified wood, in blocks, plates, strips, or profile shapes",9.0,9.0,18.0,
4414,II,161,"Wooden frames for paintings, photographs, mirrors or similar objects",9.0,9.0,18.0,
4418,II,162,"Builders' joinery and carpentry of wood, including cellular wood panels, assembled flooring panels, shingles and shakes [other than bamboo wood building joinery]",9.0,9.0,18.0,
4421,II,163,"Wood paving blocks, articles of densified wood not elsewhere included or specified, Parts of domestic decorative articles used as tableware and kitchenware",9.0,9.0,18.0,
44,II,164,"Resin bonded bamboo mat board, with or without veneer in between; Bamboo flooring tiles",9.0,9.0,18.0,
4501,II,165,"Waste cork; crushed, granulated or ground cork",9.0,9.0,18.0,
4702,II,166,"Chemical wood pulp, dissolving grades",9.0,9.0,18.0,
4802,II,167,"Uncoated paper and paperboard, of a kind used for writing, printing or other graphic purposes, and non-perforated punch- cards and punch tape paper, in rolls or rectangular (including square) sheets, of any size, other than paper of heading 4801 or 4803; [other than uncoated paper and paperboard for exercise book, graph book, laboratory note book and notebooks only]",9.0,9.0,18.0,
4803,II,168,"Toilet or facial tissue stock, towel or napkin stock and similar paper of a kind used for household or sanitary purposes, cellulose wadding and webs of cellulose fibres, whether or not creped, crinkled, embossed, perforated, surface-coloured, surface-decorated or printed, in rolls or sheets",9.0,9.0,18.0,
4804,II,169,"Uncoated kraft paper and paperboard, in rolls or sheets, other than that of heading 4802 or 4803",9.0,9.0,18.0,
4805,II,170,"Other uncoated paper and paperboard, in rolls or sheets, not further worked or processed than as specified in Note 3 to this Chapter",9.0,9.0,18.0,
4806,II,171,"Vegetable parchment, tracing papers and other glazed transparent or translucent papers, in rolls or sheets",9.0,9.0,18.0,
48062000,II,172,Greaseproof papers,9.0,9.0,18.0,
48064010,II,173,Glassine papers,9.0,9.0,18.0,
4807,II,174,"Composite paper and paperboard (made by sticking flat layers of paper or paperboard together with an adhesive), not surface- coated or impregnated, whether or not internally reinforced, in rolls or sheets",9.0,9.0,18.0,
4808,II,175,"Paper and paperboard, corrugated (with or without glued flat surface sheets), creped, crinkled, embossed or perforated, in rolls or sheets, other than paper of the kind described in heading 4803",9.0,9.0,18.0,
4809,II,176,"Carbon paper, self-copy paper and other copying or transfer papers (including coated or impregnated paper for duplicator stencils or offset plates), whether or not printed, in rolls or sheets",9.0,9.0,18.0,
4810,II,177,"Paper and paperboard, coated on one or both sides with kaolin (China clay) or other inorganic substances, with or without a binder, and with no other coating, whether or not surface- coloured, surface-decorated or printed, in rolls or rectangular (including square) sheets of any size",9.0,9.0,18.0,
4811,II,178,"Paper, paperboard, cellulose wadding and webs of cellulose fibres, coated, impregnated, covered, surface-coloured, surface- decorated or printed, in rolls or rectangular (including square) sheets, of any size, other than goods of the kind described in heading 4803, 4809 or 4810",9.0,9.0,18.0,
4812,II,179,"Filter blocks, slabs and plates, of paper pulp",9.0,9.0,18.0,
4813,II,180,"Cigarette paper, whether or not cut to size or in the form of booklets or tubes",9.0,9.0,18.0,
4814,II,181,Wall paper and similar wall coverings; window transparencies of paper,9.0,9.0,18.0,
4816,II,182,"Carbon paper, self-copy paper and other copying or transfer papers (other than those of heading 4809), duplicator stencils and offset plates, of paper, whether or not put up in boxes",9.0,9.0,18.0,
4817,II,183,"Envelopes, letter cards, plain postcards and correspondence cards, of paper or paperboard; [other than boxes, pouches, wallets and writing compendiums, of paper or paperboard, containing an assortment of paper stationery including writing blocks]",9.0,9.0,18.0,
4818,II,184,"Toilet paper and similar paper, cellulose wadding or webs of cellulose fibres, of a kind used for household or sanitary purposes, in rolls of a width not exceeding 36 cm, or cut to size or shape; handkerchiefs, cleansing tissues, towels, table cloths, serviettes, napkins for babies, tampons, bed sheets and similar household, sanitary or hospital articles, articles of apparel and clothing accessories, or paper pulp, paper, cellulose wadding or webs of cellulose fibres",9.0,9.0,18.0,
4819,II,185,"All Goods (other than Cartons, boxes and cases of, – (a) corrugated paper or paper board; or (b) non-corrugated paper or paper board)",9.0,9.0,18.0,
4820,II,186,"Registers, account books, order books, receipt books, letter pads, memorandum pads, diaries and similar articles, blotting- pads, binders (loose-leaf or other), folders, file covers, manifold business forms, interleaved carbon sets and other articles of stationary, of paper or paperboard; and book covers, of paper or paperboard [other than note books and exercise books]",9.0,9.0,18.0,
4821,II,187,"Paper or paperboard labels of all kinds, whether or not printed",9.0,9.0,18.0,
4822,II,188,"Bobbins, spools, cops and similar supports of paper pulp, paper or paperboard (whether or not perforated or hardened)",9.0,9.0,18.0,
4823,II,189,"Other paper, paperboard, cellulose wadding and webs of cellulose fibres, cut to size or shape; other articles of paper pulp, paper, paperboard, cellulose wadding or webs of cellulose fibres [other than paper pulp moulded trays, Braille paper, Kites, Paper mache articles]",9.0,9.0,18.0,
49060000,II,190,"Plans and drawings for architectural, engineering, industrial, commercial, topographical or similar purposes, being originals drawn by hand; hand-written texts; photographic reproductions on sensitised paper and carbon copies of the foregoing",9.0,9.0,18.0,
4907,II,191,"Unused postage, revenue or similar stamps of current or new issue in the country in which they have, or will have, a recognised face value; stamp-impressed paper; banknotes; cheque forms; stock, share or bond certificates and similar documents of title (other than Duty Credit Scrips); Cheques, loose or in book form",9.0,9.0,18.0,
4908,II,192,Transfers (decalcomanias).,9.0,9.0,18.0,
4909,II,193,"Printed or illustrated postcards; printed cards bearing personal greetings, messages or announcements, whether or not illustrated, with or without envelopes or trimmings.",9.0,9.0,18.0,
4910,II,194,"Calendars of any kind, printed, including calendar blocks.",9.0,9.0,18.0,
4911,II,195,"Other printed matter, including printed pictures and photographs; such as Trade advertising material, Commercial catalogues and the like, printed Posters, Commercial catalogues, Printed inlay cards, Pictures, designs and photographs, Plan and drawings for architectural engineering, industrial, commercial, topographical or similar purposes reproduced with the aid of computer or any other devices.",9.0,9.0,18.0,
56012200,II,196,Cigarette Filter rods,9.0,9.0,18.0,
61,II,197,"Articles of apparel and clothing accessories, knitted or crocheted, of sale value exceeding Rs. 2500 per piece",9.0,9.0,18.0,
62,II,198,"Articles of apparel and clothing accessories, not knitted or crocheted, of sale value exceeding Rs. 2500 per piece",9.0,9.0,18.0,
63,II,199,"Other made-up textile articles, sets of sale value exceeding Rs. 2500 per piece [other than worn clothing and other worn articles; rags]",9.0,9.0,18.0,
3923,II,200,"Woven and non-woven bags and sacks of polyethylene or polypropylene strips or the like, whether or not laminated, of a kind used for packing of goods",9.0,9.0,18.0,
6305,II,200,"Woven and non-woven bags and sacks of polyethylene or polypropylene strips or the like, whether or not laminated, of a kind used for packing of goods",9.0,9.0,18.0,
63053200,II,201,Flexible intermediate bulk containers,9.0,9.0,18.0,
6401,II,202,"Waterproof footwear with outer soles and uppers of rubber or of plastics, the uppers of which are neither fixed to the sole nor assembled by stitching, riveting, nailing, screwing, plugging or similar processes",9.0,9.0,18.0,
6402,II,203,Other footwear with outer soles and uppers of rubber or plastics,9.0,9.0,18.0,
6403,II,204,"Footwear with outer soles of rubber, plastics, leather or composition leather and uppers of leather",9.0,9.0,18.0,
6404,II,205,"Footwear with outer soles of rubber, plastics, leather or composition leather and uppers of textile materials",9.0,9.0,18.0,
6405,II,206,Other footwear,9.0,9.0,18.0,
6406,II,207,"Parts of footwear (including uppers whether or not attached to soles other than outer soles); removable in-soles, heel cushions and similar articles; gaiters, leggings and similar articles, and parts thereof",9.0,9.0,18.0,
6501,II,208,"Hat-forms, hat bodies and hoods of felt, neither blocked to shape nor with made brims; plateaux and manchons (including slit manchons), of felt [other than textile caps]",9.0,9.0,18.0,
6502,II,209,"Hat-shapes, plaited or made by assembling strips of any material, neither blocked to shape, nor with made brims, nor lined, nor trimmed",9.0,9.0,18.0,
65040000,II,210,"Hats and other headgear, plaited or made by assembling strips of any material, whether or not lined or trimmed",9.0,9.0,18.0,
6505,II,211,"Other headgear, knitted or crocheted, or made up from lace, felt or other textile fabric, in the piece (but not in strips), whether or not lined or trimmed; hair-nets of any material, whether or not lined or trimmed",9.0,9.0,18.0,
6506,II,212,"Other headgear, whether or not lined or trimmed",9.0,9.0,18.0,
6507,II,213,"Head-bands, linings, covers, hat foundations, hat frames, peaks and chinstraps, for headgear",9.0,9.0,18.0,
6702,II,214,"Artificial flowers, foliage and fruit and parts thereof; articles made of artificial flowers, foliage or fruit",9.0,9.0,18.0,
6703,II,215,"Wool or other animal hair or other textile materials, prepared for use in making wigs or the like",9.0,9.0,18.0,
6704,II,216,"Wigs, false beards, eyebrows and eyelashes, switches and the like, of human or animal hair or of textile materials; articles of human hair not elsewhere specified or included",9.0,9.0,18.0,
6801,II,217,"Setts, curbstones and flagstones, of natural stone (except slate)",9.0,9.0,18.0,
6802,II,218,"Worked monumental or building stone (except slate) and articles thereof, other than goods of heading 6801; mosaic cubes and the like, of natural stone (including slate), whether or not on a backing; artificially coloured granules, chippings and power, of natural stone (including slate) [other than statues, statuettes, pedestals; high or low reliefs, crosses, figures of animals, bowls, vases, cups, cachou boxes, writing sets, ashtrays, paper weights, artificial fruit and foliage, etc.; other ornamental goods essentially of stone][except the items covered in Sl. No. 176 in Schedule I]",9.0,9.0,18.0,
6803,II,219,Worked slate and articles of slate or of agglomerated slate,9.0,9.0,18.0,
6804,II,220,"Millstones, grindstones, grinding wheels and the like, without frameworks, for grinding, sharpening, polishing, trueing or cutting, hand sharpening or polishing stones, and parts thereof, of natural stone, of agglomerated natural or artificial abrasives, or of ceramics, with or without parts of other materials",9.0,9.0,18.0,
6805,II,221,"Natural or artificial abrasive powder or grain, on a base of textile material, of paper, of paperboard or of other materials, whether or not cut to shape or sewn or otherwise made up",9.0,9.0,18.0,
6806,II,222,"Slag wool, rock wool and similar mineral wools; exfoliated vermiculite, expanded clays, foamed slag and similar expanded mineral materials; mixtures and articles of heat-insulating, sound-insulating or sound-absorbing mineral materials, other than those of heading 6811 or 6812 or chapter 69",9.0,9.0,18.0,
6807,II,223,"Articles of asphalt or of similar material (for example, petroleum bitumen or coal tar pitch)",9.0,9.0,18.0,
6808,II,224,"Panels, boards, tiles, blocks and similar articles of vegetable fibre, of straw or of shavings, chips, particles, sawdust or other waste, of wood, agglomerated with cement, plaster or other mineral binders",9.0,9.0,18.0,
6809,II,225,"Articles of plaster or of compositions based on plaster; such as Boards, sheets, panels, tiles and similar articles, not ornamented",9.0,9.0,18.0,
6810,II,226,"Articles of cement, of concrete or of artificial stone, whether or not reinforced",9.0,9.0,18.0,
6811,II,227,"Articles of asbestos-cement, of cellulose fibre-cement or the like",9.0,9.0,18.0,
6812,II,228,"Fabricated asbestos fibres; mixtures with a basis of asbestos or with a basis of asbestos and magnesium carbonate; articles of such mixtures or of asbestos (for example, thread, woven fabric, clothing, headgear, footwear, gaskets), whether or not reinforced, other than goods of heading 6811 or 6813",9.0,9.0,18.0,
6813,II,229,"Friction material and articles thereof (for example, sheets, rolls, strips, segments, discs, washers, pads), not mounted, for brakes, for clutches or the like, with a basis of asbestos, of other mineral substances or of cellulose, whether or not combined with textiles or other materials",9.0,9.0,18.0,
6814,II,230,"Worked mica and articles of mica, including agglomerated or reconstituted mica, whether or not on a support of paper, paperboard or other materials",9.0,9.0,18.0,
6815,II,231,"Articles of stone or of other mineral substances (including carbon fibres, articles of carbon fibres and articles of peat), not elsewhere specified or included [other than Fly ash bricks Fly ash aggregates; Fly ash blocks]",9.0,9.0,18.0,
6901,II,232,"Blocks, tiles and other ceramic goods of siliceous fossil meals (for example, kieselguhr, tripolite or diatomite) or of similar siliceous earths",9.0,9.0,18.0,
6902,II,233,"Refractory bricks, blocks, tiles and similar refractory ceramic constructional goods, other than those of siliceous fossil meals or similar siliceous earths",9.0,9.0,18.0,
6903,II,234,"Other refractory ceramic goods (for example, retorts, crucibles, muffles, nozzles, plugs, supports, cupels, tubes, pipes, sheaths and rods), other than those of siliceous fossil meals or of similar siliceous earths",9.0,9.0,18.0,
6904,II,235,"Ceramic flooring blocks, support or filler tiles and the like",9.0,9.0,18.0,
6905,II,236,"Chimney-pots, cowls, chimney liners, architectural ornaments and other ceramic constructional goods",9.0,9.0,18.0,
6906,II,237,"Ceramic pipes, conduits, guttering and pipe fittings",9.0,9.0,18.0,
6907,II,238,"Ceramic flags and paving, hearth or wall tiles; ceramic mosaic cubes and the like, whether or not on a backing; finishing ceramics",9.0,9.0,18.0,
6909,II,239,"Ceramic wares for laboratory, chemical or other technical uses; ceramic troughs, tubs and similar receptacles of a kind used in agriculture; ceramic pots, jars and similar articles of a kind used for the conveyance or packing of goods",9.0,9.0,18.0,
6910,II,240,"Ceramic sinks, wash basins, wash basin pedestals, baths, bidets, water closet pans, flushing cisterns, urinals and similar sanitary fixtures",9.0,9.0,18.0,
6914,II,241,Other ceramic articles,9.0,9.0,18.0,
7002,II,242,"Glass in balls (other than microspheres of heading 70.18), rods or tubes, unworked",9.0,9.0,18.0,
7003,II,243,"Cast glass and rolled glass, in sheets or profiles, whether or not having an absorbent, reflecting or non-reflecting layer, but not otherwise worked",9.0,9.0,18.0,
7004,II,244,"Drawn glass and blown glass, in sheets, whether or not having an absorbent, reflecting or non-reflecting layer, but not otherwise worked",9.0,9.0,18.0,
7005,II,245,"Float glass and surface ground or polished glass, in sheets, whether or not having an absorbent, reflecting or non-reflecting layer, but not otherwise worked",9.0,9.0,18.0,
70060000,II,246,"Glass of heading 7003, 7004 or 7005, bent, edge-worked, engraved, drilled, enamelled or otherwise worked, but not framed or fitted with other materials",9.0,9.0,18.0,
7007,II,247,"Safety glass, consisting of toughened (tempered) or laminated glass",9.0,9.0,18.0,
7008,II,248,Multiple-walled insulating units of glass,9.0,9.0,18.0,
7009,II,249,"Glass mirrors, whether or not framed, including rear-view mirrors",9.0,9.0,18.0,
7010,II,250,"Carboys, bottles, flasks, jars, pots, phials, ampoules and other containers, of glass, of a kind used for the conveyance or packing of goods; preserving jars of glass; stoppers, lids and other closures, of glass",9.0,9.0,18.0,
7011,II,251,"Glass envelopes (including bulbs and tubes), open, and glass parts thereof, without fittings, for electric lamps and light sources, cathode ray tube or the like",9.0,9.0,18.0,
7013,II,252,"Glassware of a kind used for table, kitchen, toilet, office, indoor decoration or similar purposes (other than that of heading 7010 or 7018)",9.0,9.0,18.0,
7014,II,253,"Signalling glassware and optical elements of glass (other than those of heading 7015), not optically worked",9.0,9.0,18.0,
7015,II,254,"Clock or watch glasses and similar glasses, glasses for non- corrective spectacles, curved, bent, hollowed or the like, not optically worked; hollow glass spheres and their segments, for the manufacture of such glasses",9.0,9.0,18.0,
7016,II,255,"Paving blocks, slabs, bricks, squares, tiles and other articles of pressed or moulded glass, whether or not wired, of a kind used for building or construction purposes; glass cubes and other glass small wares, whether or not on a backing, for mosaics or similar decorative purposes; leaded lights and the like; multi- cellular or foam glass in blocks, panels, plates, shells or similar forms",9.0,9.0,18.0,
7017,II,256,"Laboratory, hygienic or pharmaceutical glassware, whether or not graduated or calibrated",9.0,9.0,18.0,
7018,II,257,"Imitation pearls, imitation precious or semi-precious stones and similar glass smallwares, and articles thereof other than imitation jewellery; glass eyes other than prosthetic articles; statuettes and other ornaments of lamp-worked glass, other than imitation jewellery; glass microspheres not exceeding 1 mm in diameter",9.0,9.0,18.0,
7019,II,258,"Glass fibres (including glass wool) and articles thereof (for example, yarn, rovings, woven fabrics)",9.0,9.0,18.0,
7020,II,259,"Other articles of glass [other than Globes for lamps and lanterns, Founts for kerosene wick lamps, Glass chimneys for lamps and lanterns]",9.0,9.0,18.0,
7201,II,260,"Pig iron and spiegeleisen in pigs, blocks or other primary forms",9.0,9.0,18.0,
7202,II,261,Ferro-alloys,9.0,9.0,18.0,
7203,II,262,"Ferrous products obtained by direct reduction of iron ore and other spongy ferrous products, in lumps, pellets or similar forms; iron having a minimum purity by weight of 99.94%, in lumps, pellets or similar forms",9.0,9.0,18.0,
7204,II,263,Ferrous waste and scrap; remelting scrap ingots of iron or steel,9.0,9.0,18.0,
7205,II,264,"Granules and powders, of pig iron, spiegeleisen, iron or steel",9.0,9.0,18.0,
7206,II,265,Iron and non-alloy steel in ingots or other primary forms (excluding iron of heading 7203),9.0,9.0,18.0,
7207,II,266,Semi-finished products of iron or non-alloy steel,9.0,9.0,18.0,
7208,II,267,All flat-rolled products of iron or non-alloy steel,9.0,9.0,18.0,
7209,II,267,All flat-rolled products of iron or non-alloy steel,9.0,9.0,18.0,
7210,II,267,All flat-rolled products of iron or non-alloy steel,9.0,9.0,18.0,
7211,II,267,All flat-rolled products of iron or non-alloy steel,9.0,9.0,18.0,
7212,II,267,All flat-rolled products of iron or non-alloy steel,9.0,9.0,18.0,
7213,II,268,"All bars and rods, of iron or non-alloy steel",9.0,9.0,18.0,
7214,II,268,"All bars and rods, of iron or non-alloy steel",9.0,9.0,18.0,
7215,II,268,"All bars and rods, of iron or non-alloy steel",9.0,9.0,18.0,
7216,II,269,"Angles, shapes and sections of iron or non-alloy steel",9.0,9.0,18.0,
7217,II,270,Wire of iron or non-alloy steel,9.0,9.0,18.0,
7218,II,271,Stainless steel in ingots or other primary forms; semi-finished products of stainless steel,9.0,9.0,18.0,
7219,II,272,All flat-rolled products of stainless steel,9.0,9.0,18.0,
7220,II,272,All flat-rolled products of stainless steel,9.0,9.0,18.0,
7221,II,273,"All bars and rods, of stainless steel",9.0,9.0,18.0,
7222,II,273,"All bars and rods, of stainless steel",9.0,9.0,18.0,
7223,II,274,Wire of stainless steel,9.0,9.0,18.0,
7224,II,275,Other alloy steel in ingots or other primary forms; semi-finished products of other alloy steel,9.0,9.0,18.0,
7225,II,276,All flat-rolled products of other alloy steel,9.0,9.0,18.0,
7226,II,276,All flat-rolled products of other alloy steel,9.0,9.0,18.0,
7227,II,277,All bars and rods of other alloy steel.,9.0,9.0,18.0,
7228,II,277,All bars and rods of other alloy steel.,9.0,9.0,18.0,
7229,II,278,Wire of other alloy steel,9.0,9.0,18.0,
7301,II,279,"Sheet piling of iron or steel, whether or not drilled, punched or made from assembled elements; welded angles, shapes and sections, of iron or steel",9.0,9.0,18.0,
7302,II,280,"Railway or tramway track construction material of iron or steel, the following: rails, check-rails and rack rails, switch blades, crossing frogs, point rods and other crossing pieces, sleepers (cross-ties), fish-plates, chairs, chair wedges, sole plates (base plates), rail clips bedplates, ties and other material specialized for jointing or fixing rails",9.0,9.0,18.0,
7303,II,281,"Tubes, pipes and hollow profiles, of cast iron",9.0,9.0,18.0,
7304,II,282,"Tubes, pipes and hollow profiles, seamless, of iron (other than cast iron) or steel",9.0,9.0,18.0,
7305,II,283,"Other tubes and pipes (for example, welded, riveted or similarly closed), having circular cross-sections, the external diameter of which exceeds 406.4 mm, of iron or steel",9.0,9.0,18.0,
7306,II,284,"Other tubes, pipes and hollow profiles (for example, open seam or welded, riveted or similarly closed), of iron or steel",9.0,9.0,18.0,
7307,II,285,"Tube or pipe fittings (for example, couplings, elbows, sleeves), of iron or steel",9.0,9.0,18.0,
7308,II,286,"Structures (excluding prefabricated buildings of heading 94.06) and parts of structures (for example, bridges and bridge- sections, lock-gates, towers, lattice masts, roofs, roofing frame- works, doors and windows and their frames and thresholds for doors, and shutters, balustrades, pillars, and columns), of iron or steel; plates, rods, angles, shapes, section, tubes and the like, prepared for using structures, of iron or steel [other than transmission towers]",9.0,9.0,18.0,
7309,II,287,"Reservoirs, tanks, vats and similar containers for any material (other than compressed or liquefied gas), of iron or steel, of a capacity exceeding 300 l, whether or not lined or heat-insulated, but not fitted with mechanical or thermal equipment",9.0,9.0,18.0,
7310,II,288,"Tanks, casks, drums, cans, boxes and similar containers, for any material (other than compressed or liquefied gas), of iron or steel, of a capacity not exceeding 300 l, whether or not lined or heat-insulated, but not fitted with mechanical or thermal equipment, other than Milk cans made of Iron or Steel",9.0,9.0,18.0,
7311,II,289,"Containers for compressed or liquefied gas, of iron or steel",9.0,9.0,18.0,
7312,II,290,"Stranded wire, ropes, cables, plaited bands, slings and the like, of iron or steel, not electrically insulated",9.0,9.0,18.0,
7313,II,291,"Barbed wire of iron or steel; twisted hoop or single flat wire, barbed or not, and loosely twisted double wire, of a kind used for fencing, of iron or steel",9.0,9.0,18.0,
7314,II,292,"Cloth (including endless bands), grill, netting and fencing, of iron or steel wire; expanded metal of iron or steel",9.0,9.0,18.0,
7315,II,293,"Chain and parts thereof, of iron or steel falling under 7315 20, 7315 81, 7315 82, 7315 89, 7315 90",9.0,9.0,18.0,
7316,II,294,"Anchors, grapnels and parts thereof, of iron or steel",9.0,9.0,18.0,
7317,II,295,"Nails, tacks, drawing pins, corrugated nails, staples (other than those of heading 8305) and similar articles, of iron or steel, whether or not with heads of other material, but excluding such articles with heads of copper",9.0,9.0,18.0,
7318,II,296,"Screws, bolts, nuts, coach screws, screw hooks, rivets, cotters, cotter-pins, washers (including spring washers) and similar articles, of iron or steel",9.0,9.0,18.0,
7319,II,297,"Knitting needles, bodkins, crochet hooks, embroidery stilettos and similar articles, for use in the hand, of iron or steel; safety pins and other pins of iron or steel, not elsewhere specified or included",9.0,9.0,18.0,
7320,II,298,"Springs and leaves for springs, of iron and steel",9.0,9.0,18.0,
7321,II,299,"Stoves, ranges, grates, cookers (including those with subsidiary boilers for central heating), barbecues, braziers, gas-rings, plate warmers and similar non-electric domestic appliances, and parts thereof, of iron or steel [other than Kerosene burners, kerosene stoves, wood burning stoves of iron or steel, and solar cookers]",9.0,9.0,18.0,
7322,II,300,"Radiators for central heating, not electrically heated, and parts thereof, of iron or steel; air heaters and hot air distributors (including distributors which can also distribute fresh or conditioned air), not electrically heated, incorporating a motor- driven fan or blower, and parts thereof, of iron or steel",9.0,9.0,18.0,
7323,II,301,"Iron or steel wool; pot scourers and scouring or polishing pads, gloves and the like, of iron or steel (other than Milk cans made of Iron or Steel)",9.0,9.0,18.0,
73239410,II,302,Ghamella,9.0,9.0,18.0,
7324,II,303,"Sanitary ware and parts thereof, of iron and steel",9.0,9.0,18.0,
7325,II,304,Other cast articles of iron or steel,9.0,9.0,18.0,
7326,II,305,Other articles of iron or steel,9.0,9.0,18.0,
7401,II,306,Copper mattes; cement copper (precipitated copper),9.0,9.0,18.0,
7402,II,307,Unrefined copper; copper anodes for electrolytic refining,9.0,9.0,18.0,
7403,II,308,"Refined copper and copper alloys, unwrought",9.0,9.0,18.0,
7404,II,309,Copper waste and scrap,9.0,9.0,18.0,
7405,II,310,Master alloys of copper,9.0,9.0,18.0,
7406,II,311,Copper powders and flakes,9.0,9.0,18.0,
7407,II,312,"Copper bars, rods and profiles",9.0,9.0,18.0,
7408,II,313,Copper wire,9.0,9.0,18.0,
7409,II,314,"Copper plates, sheets and strip, of a thickness exceeding 0.15 mm",9.0,9.0,18.0,
7410,II,315,Copper foils,9.0,9.0,18.0,
7411,II,316,Copper tubes and pipes,9.0,9.0,18.0,
7412,II,317,"Copper tube or pipe fittings (for example, couplings, elbows, sleeves)",9.0,9.0,18.0,
7413,II,318,Stranded wires and cables,9.0,9.0,18.0,
7415,II,319,"Nails, tacks, drawing pins, staples (other than those of heading 83.05) and similar articles, of copper or of iron or steel with heads of copper; screws, bolts, nuts, screw hooks, rivets, cotters, cotter-pins, washers (including spring washers) and similar articles, of copper",9.0,9.0,18.0,
7418,II,320,"All goods (other than table, kitchen or other household articles of copper; Utensils)",9.0,9.0,18.0,
7419,II,321,Other articles of copper (other than Brass Kerosene Pressure Stove),9.0,9.0,18.0,
7501,II,322,"Nickel mattes, nickel oxide sinters and other intermediate products of nickel metallurgy",9.0,9.0,18.0,
7502,II,323,Unwrought nickel,9.0,9.0,18.0,
7503,II,324,Nickel waste and scrap,9.0,9.0,18.0,
7504,II,325,Nickel powders and flakes,9.0,9.0,18.0,
7505,II,326,"Nickel bars, rods, profiles and wire",9.0,9.0,18.0,
7506,II,327,"Nickel plates, sheets, strip and foil",9.0,9.0,18.0,
7507,II,328,"Nickel tubes, pipes and tube or pipe fittings (for example, couplings, elbows, sleeves)",9.0,9.0,18.0,
7508,II,329,Other articles of nickel,9.0,9.0,18.0,
7601,II,330,Unwrought Aluminium,9.0,9.0,18.0,
7602,II,331,Aluminium waste and scrap,9.0,9.0,18.0,
7603,II,332,Aluminium powders and flakes,9.0,9.0,18.0,
7604,II,333,"Aluminium bars, rods and profiles",9.0,9.0,18.0,
7605,II,334,Aluminium wire,9.0,9.0,18.0,
7606,II,335,"Aluminium plates, sheets and strip, of a thickness exceeding 0.2 mm",9.0,9.0,18.0,
7607,II,336,"Aluminium foil (whether or not printed or backed with paper, paperboard, plastics or similar backing materials) of a thickness (excluding any backing) not exceeding 0.2 mm",9.0,9.0,18.0,
7608,II,337,Aluminium tubes and pipes,9.0,9.0,18.0,
7609,II,338,"Aluminium tube or pipe fittings (for example, couplings, elbows, sleeves)",9.0,9.0,18.0,
7610,II,339,"Aluminium structures (excluding prefabricated buildings of heading 9406) and parts of structures (for example, bridges and bridge-sections, towers, lattice masts, roofs, roofing frameworks, balustrades, pillars and columns); aluminium plates, rods, profiles, tubes and the like, prepared for use in structures",9.0,9.0,18.0,
7611,II,340,"Aluminium reservoirs, tanks, vats and similar containers, for any material (other than compressed or liquefied gas), of a capacity exceeding 300 l, whether or not lined or heat-insulated, but not fitted with mechanical or thermal equipment",9.0,9.0,18.0,
7612,II,341,"Aluminium casks, drums, cans, boxes, etc., other than Milk cans made of Aluminium",9.0,9.0,18.0,
7613,II,342,Aluminium containers for compressed or liquefied gas,9.0,9.0,18.0,
7614,II,343,"Stranded wires, cables, plaited bands and the like, of aluminium, not electrically insulated",9.0,9.0,18.0,
7615,II,344,"All goods (other than table, kitchen or other household articles, of aluminium; Utensils, Milk cans made of Aluminium)",9.0,9.0,18.0,
7616,II,345,Other articles of aluminium,9.0,9.0,18.0,
7801,II,346,Unwrought lead,9.0,9.0,18.0,
7802,II,347,Lead waste and scrap,9.0,9.0,18.0,
7804,II,348,"Lead plates, sheets, strip and foil; lead powders and flakes",9.0,9.0,18.0,
7806,II,349,Other articles of lead (including sanitary fixtures and Indian lead seals),9.0,9.0,18.0,
7901,II,350,Unwrought zinc,9.0,9.0,18.0,
7902,II,351,Zinc waste and scrap,9.0,9.0,18.0,
7903,II,352,"Zinc dust, powders and flakes",9.0,9.0,18.0,
7904,II,353,"Zinc bars, rods, profiles and wire",9.0,9.0,18.0,
7905,II,354,"Zinc plates, sheets, strip and foil",9.0,9.0,18.0,
7907,II,355,Other articles of zinc including sanitary fixtures,9.0,9.0,18.0,
8001,II,356,Unwrought tin,9.0,9.0,18.0,
8002,II,357,Tin waste and scrap,9.0,9.0,18.0,
8003,II,358,"Tin bars, rods, profiles and wire",9.0,9.0,18.0,
8007,II,359,Other articles of tin,9.0,9.0,18.0,
8101,II,360,"Other base metals, namely, Tungsten, Molybdenum, Tantalum, Magnesium, Cobalt mattes, and other intermediate products of cobalt metallurgy, Bismuth, Cadmium, Titanium, Zirconium, Antimony, Manganese, Beryllium, chromium, germanium, vanadium, gallium, hafnium, indium, niobium (columbium), rhenium and thallium, and articles thereof, including waste and scrap",9.0,9.0,18.0,
8102,II,360,"Other base metals, namely, Tungsten, Molybdenum, Tantalum, Magnesium, Cobalt mattes, and other intermediate products of cobalt metallurgy, Bismuth, Cadmium, Titanium, Zirconium, Antimony, Manganese, Beryllium, chromium, germanium, vanadium, gallium, hafnium, indium, niobium (columbium), rhenium and thallium, and articles thereof, including waste and scrap",9.0,9.0,18.0,
8103,II,360,"Other base metals, namely, Tungsten, Molybdenum, Tantalum, Magnesium, Cobalt mattes, and other intermediate products of cobalt metallurgy, Bismuth, Cadmium, Titanium, Zirconium, Antimony, Manganese, Beryllium, chromium, germanium, vanadium, gallium, hafnium, indium, niobium (columbium), rhenium and thallium, and articles thereof, including waste and scrap",9.0,9.0,18.0,
8104,II,360,"Other base metals, namely, Tungsten, Molybdenum, Tantalum, Magnesium, Cobalt mattes, and other intermediate products of cobalt metallurgy, Bismuth, Cadmium, Titanium, Zirconium, Antimony, Manganese, Beryllium, chromium, germanium, vanadium, gallium, hafnium, indium, niobium (columbium), rhenium and thallium, and articles thereof, including waste and scrap",9.0,9.0,18.0,
8105,II,360,"Other base metals, namely, Tungsten, Molybdenum, Tantalum, Magnesium, Cobalt mattes, and other intermediate products of cobalt metallurgy, Bismuth, Cadmium, Titanium, Zirconium, Antimony, Manganese, Beryllium, chromium, germanium, vanadium, gallium, hafnium, indium, niobium (columbium), rhenium and thallium, and articles thereof, including waste and scrap",9.0,9.0,18.0,
8106,II,360,"Other base metals, namely, Tungsten, Molybdenum, Tantalum, Magnesium, Cobalt mattes, and other intermediate products of cobalt metallurgy, Bismuth, Cadmium, Titanium, Zirconium, Antimony, Manganese, Beryllium, chromium, germanium, vanadium, gallium, hafnium, indium, niobium (columbium), rhenium and thallium, and articles thereof, including waste and scrap",9.0,9.0,18.0,
8107,II,360,"Other base metals, namely, Tungsten, Molybdenum, Tantalum, Magnesium, Cobalt mattes, and other intermediate products of cobalt metallurgy, Bismuth, Cadmium, Titanium, Zirconium, Antimony, Manganese, Beryllium, chromium, germanium, vanadium, gallium, hafnium, indium, niobium (columbium), rhenium and thallium, and articles thereof, including waste and scrap",9.0,9.0,18.0,
8108,II,360,"Other base metals, namely, Tungsten, Molybdenum, Tantalum, Magnesium, Cobalt mattes, and other intermediate products of cobalt metallurgy, Bismuth, Cadmium, Titanium, Zirconium, Antimony, Manganese, Beryllium, chromium, germanium, vanadium, gallium, hafnium, indium, niobium (columbium), rhenium and thallium, and articles thereof, including waste and scrap",9.0,9.0,18.0,
8109,II,360,"Other base metals, namely, Tungsten, Molybdenum, Tantalum, Magnesium, Cobalt mattes, and other intermediate products of cobalt metallurgy, Bismuth, Cadmium, Titanium, Zirconium, Antimony, Manganese, Beryllium, chromium, germanium, vanadium, gallium, hafnium, indium, niobium (columbium), rhenium and thallium, and articles thereof, including waste and scrap",9.0,9.0,18.0,
8110,II,360,"Other base metals, namely, Tungsten, Molybdenum, Tantalum, Magnesium, Cobalt mattes, and other intermediate products of cobalt metallurgy, Bismuth, Cadmium, Titanium, Zirconium, Antimony, Manganese, Beryllium, chromium, germanium, vanadium, gallium, hafnium, indium, niobium (columbium), rhenium and thallium, and articles thereof, including waste and scrap",9.0,9.0,18.0,
8111,II,360,"Other base metals, namely, Tungsten, Molybdenum, Tantalum, Magnesium, Cobalt mattes, and other intermediate products of cobalt metallurgy, Bismuth, Cadmium, Titanium, Zirconium, Antimony, Manganese, Beryllium, chromium, germanium, vanadium, gallium, hafnium, indium, niobium (columbium), rhenium and thallium, and articles thereof, including waste and scrap",9.0,9.0,18.0,
8112,II,360,"Other base metals, namely, Tungsten, Molybdenum, Tantalum, Magnesium, Cobalt mattes, and other intermediate products of cobalt metallurgy, Bismuth, Cadmium, Titanium, Zirconium, Antimony, Manganese, Beryllium, chromium, germanium, vanadium, gallium, hafnium, indium, niobium (columbium), rhenium and thallium, and articles thereof, including waste and scrap",9.0,9.0,18.0,
8113,II,361,"Cermets and articles thereof, including waste and scrap",9.0,9.0,18.0,
8202,II,362,"Hand saws; blades for saws of all kinds (including slitting, slotting or toothless saw blades)",9.0,9.0,18.0,
8203,II,363,"Files, rasps, pliers (including cutting pliers), pincers, tweezers, metal cutting shears, pipe-cutters, bolt croppers, perforating punches and similar hand tools",9.0,9.0,18.0,
8204,II,364,"Hand-operated spanners and wrenches (including torque meter wrenches but not including tap wrenches); interchangeable spanner sockets, with or without handles",9.0,9.0,18.0,
8205,II,365,"Hand tools (including glaziers' diamonds), not elsewhere specified or included; blow lamps; vices, clamps and the like, other than accessories for and parts of, machine-tools or water- jet cutting machines; anvils; portable forges; hand or pedal- operated grinding wheels with frameworks",9.0,9.0,18.0,
8206,II,366,"Tools of two or more of the headings 8202 to 8205, put up in sets for retail sale",9.0,9.0,18.0,
8207,II,367,"Interchangeable tools for hand tools, whether or not power- operated, or for machine-tools (for example, for pressing, stamping, punching, tapping, threading, drilling, boring, broaching, milling, turning or screw driving), including dies for drawing or extruding metal, and rock drilling or earth boring tools",9.0,9.0,18.0,
8208,II,368,"Knives and cutting blades, for machines or for mechanical appliances",9.0,9.0,18.0,
8209,II,369,"Plates, sticks, tips and the like for tools, unmounted, of cermets",9.0,9.0,18.0,
82100000,II,370,"Hand-operated mechanical appliances, weighing 10 kg or less, used in the preparation, conditioning or serving of food or drink",9.0,9.0,18.0,
8211,II,371,"Knives with cutting blades, serrated or not (including pruning knives), other than knives of heading 8208, and blades therefor",9.0,9.0,18.0,
8212,II,372,Razors and razor blades (including razor blade blanks in strips),9.0,9.0,18.0,
82130000,II,373,"Scissors, tailors' shears and similar shears, and blades therefor",9.0,9.0,18.0,
8214,II,374,"Other articles of cutlery (for example, hair clippers, butchers' or kitchen cleavers, choppers and mincing knives); manicure or pedicure sets and instruments including nail files [other than pencil sharpeners]",9.0,9.0,18.0,
8215,II,375,"Spoons, forks, ladles, skimmers, cake-servers, fish-knives, butter-knives, sugar tongs and similar kitchen or tableware",9.0,9.0,18.0,
8301,II,376,"Padlocks and locks (key, combination or electrically operated), of base metal; clasps and frames with clasps, incorporating locks, of base metal; keys for any of the foregoing articles, of base metal",9.0,9.0,18.0,
8302,II,377,"Base metal mountings, fittings and similar articles suitable for furniture, doors, staircases, windows, blinds, coachwork, saddlery, trunks, chests, caskets or the like; base metal hat-racks, hat-pegs, brackets and similar fixtures; castors with mountings of base metal; automatic door closers of base metal",9.0,9.0,18.0,
8303,II,378,"Armoured or reinforced safes, strong-boxes and doors and safe deposit lockers for strong-rooms, cash or deed boxes and the like, of base metal",9.0,9.0,18.0,
8304,II,379,"Filing cabinets, card-index cabinets, paper trays, paper rests, pen trays, office-stamp stands and similar office or desk equipment, of base metal, other than office furniture of heading 9403",9.0,9.0,18.0,
8305,II,380,"Fittings for loose-leaf binders or files, letter clips, letter corners, paper clips, indexing tags and similar office articles, of base metal; staples in strips (for example, for offices, upholstery, packaging), of base metal",9.0,9.0,18.0,
8307,II,381,"Flexible tubing of base metal, with or without fittings",9.0,9.0,18.0,
8308,II,382,"Clasps, frames with clasps, buckles, buckle-clasps, hooks, eyes, eyelets and the like, of base metal, of a kind used for clothing or clothing accessories, footwear, jewellery, wrist watches, books, awnings, leather goods, travel goods or saddlery or for other made up articles; tubular or bifurcated rivets, of base metal; beads and spangles, of base metal",9.0,9.0,18.0,
8309,II,383,"Stoppers, caps and lids (including crown corks, screw caps and pouring stoppers), capsules for bottles, threaded bungs, bung covers, seals and other packing accessories, of base metal",9.0,9.0,18.0,
8310,II,384,"Sign-plates, name-plates, address-plates and similar plates, numbers, letters and other symbols, of base metal, excluding those of heading 9405",9.0,9.0,18.0,
8311,II,385,"Wire, rods, tubes, plates, electrodes and similar products, of base metal or of metal carbides, coated or cored with flux material, of a kind used for soldering, brazing, welding or deposition of metal or of metal carbides; wire and rods, of agglomerated base metal powder, used for metal spraying",9.0,9.0,18.0,
84,II,386,Parts suitable for use solely or principally with fixed Speed Diesel Engines of power not exceeding 15HP,9.0,9.0,18.0,
84,II,387,"Parts suitable for use solely or principally with power driven pumps primarily designed for handling water, namely, centrifugal pumps (horizontal and vertical), deep tube-well turbine pumps, submersible pumps, axial flow and mixed flow vertical pumps",9.0,9.0,18.0,
85,II,387,"Parts suitable for use solely or principally with power driven pumps primarily designed for handling water, namely, centrifugal pumps (horizontal and vertical), deep tube-well turbine pumps, submersible pumps, axial flow and mixed flow vertical pumps",9.0,9.0,18.0,
8401,II,388,Nuclear reactors; machinery and apparatus for isotopes separation,9.0,9.0,18.0,
8402,II,389,Steam or other vapour generating boilers (other than central heating hot water boilers capable also of producing low pressure steam); superheated water boilers,9.0,9.0,18.0,
8403,II,390,Central heating boilers other than those of heading 8402,9.0,9.0,18.0,
8404,II,391,"Auxiliary plant for use with boilers of heading 8402 or 8403 (for example, economisers, super-heaters, soot removers, gas recoverers); condensers for steam or other vapour power units",9.0,9.0,18.0,
8405,II,392,"Producer gas or water gas generators, with or without their purifiers; acetylene gas generators and similar water process gas generators, with or without their purifiers",9.0,9.0,18.0,
8406,II,393,Steam turbines and other vapour turbines,9.0,9.0,18.0,
8407,II,394,Spark-ignition reciprocating or rotary internal combustion piston engine [other than aircraft engines],9.0,9.0,18.0,
8408,II,395,Compression-ignition internal combustion piston engines (diesel or semi-diesel engines),9.0,9.0,18.0,
8409,II,396,Parts suitable for use solely or principally with the engines of heading 8407 or 8408,9.0,9.0,18.0,
8410,II,397,"Hydraulic turbines, water wheels, and regulators therefor",9.0,9.0,18.0,
8411,II,398,"Turbo-jets, turbo-propellers and other gas turbines [other than aircraft engines]",9.0,9.0,18.0,
8412,II,399,"Other engines and motors (Reaction engines other than turbo jets, Hydraulic power engines and motors, Pneumatic power engines and motors, other parts) [other than wind turbine or engine]",9.0,9.0,18.0,
8413,II,400,"(a) Concrete pumps [8413 40 00]; (b) other rotary positive displacement pumps [8413 60]; (c) Power driven pumps primarily designed for handling water, namely, centrifugal pumps (horizontal and vertical), deep tube-well turbine pumps, submersible pumps, axial flow and mixed flow vertical pumps]; Pumps for dispensing fuel or lubricants of the type used in filling stations or garages [8413 11], Fuel, lubricating or cooling medium pumps for internal combustion piston engines [8413 30]",9.0,9.0,18.0,
8414,II,401,"Air or vacuum pumps, air or other gas compressors and fans; ventilating or recycling hoods incorporating a fan, whether or not fitted with filters; Gas-tight biological safety cabinets, whether or not fitted with filters[other than bicycle pumps, other hand pumps and parts of air or vacuum pumps and compressors of bicycle pumps]",9.0,9.0,18.0,
84142010,II,402,Bicycles pumps,9.0,9.0,18.0,
84149012,II,403,Parts of air or vacuum pumps and compressors of bicycle pumps,9.0,9.0,18.0,
8415,II,404,"Air-conditioning machines, comprising a motor-driven fan and elements for changing the temperature and humidity, including those machines in which the humidity cannot be separately regulated",9.0,9.0,18.0,
8416,II,405,"Furnace burners for liquid fuel, for pulverised solid fuel or for gas; mechanical stokers, including their mechanical grates, mechanical ash dischargers and similar appliances",9.0,9.0,18.0,
8417,II,406,"Industrial or laboratory furnaces and ovens, including incinerators, nonelectric",9.0,9.0,18.0,
8418,II,407,"Refrigerators, freezers and other refrigerating or freezing equipment, electric or other; heat pumps other than air conditioning machines of heading 8415",9.0,9.0,18.0,
8419,II,408,"Machinery, plant or laboratory equipment, whether or not electrically heated (excluding furnaces, ovens and other equipment of heading 8514), for the treatment of materials by a process involving a change of temperature such as heating, cooking, roasting, distilling, rectifying, sterilising, pasteurising, steaming, drying, evaporating, vaporising, condensing or cooling, other than machinery or plant of a kind used for domestic purposes; instantaneous or storage water heaters, non- electric [other than Solar water heater and system]",9.0,9.0,18.0,
8420,II,409,"Calendering or other rolling machines, other than for metals or glass, and cylinders therefor [other than Hand operated rubber roller]",9.0,9.0,18.0,
8421,II,410,"Centrifuges, including centrifugal dryers; filtering or purifying machinery and apparatus, for liquids or gases",9.0,9.0,18.0,
8422,II,411,"Dish washing machines, household [8422 11 00] and other [8422 19 00]; Machinery for cleaning or drying bottles or other containers; machinery for filling, closing, sealing or labelling bottles, cans, boxes, bags or other containers; machinery for capsuling bottles, jars, tubes and similar containers; other packing or wrapping machinery (including heat-shrink wrapping machinery); machinery for aerating beverages",9.0,9.0,18.0,
8423,II,412,"Weighing machinery (excluding balances of a sensitivity of 5 centigrams or better), including weight operated counting or checking machines; weighing machine weights of all kinds",9.0,9.0,18.0,
8424,II,413,"Mechanical appliances (whether or not hand-operated) for projecting, dispersing or spraying liquids or powders; fire extinguishers, whether or not charged; spray guns and similar appliances; steam or sand blasting machines and similar jet projecting machines [other than sprinklers; drip irrigation systems including laterals; mechanical sprayer; nozzles for drip irrigation equipment or nozzles for sprinklers]",9.0,9.0,18.0,
8425,II,414,Pulley tackle and hoists other than skip hoists; winches and capstans; jacks,9.0,9.0,18.0,
8426,II,415,"Ship's derricks; cranes including cable cranes; mobile lifting frames, straddle carriers and works trucks fitted with a crane",9.0,9.0,18.0,
8427,II,416,Fork-lift trucks; other works trucks fitted with lifting or handling equipment,9.0,9.0,18.0,
8428,II,417,"Other lifting, handling, loading or unloading machinery (for example, lifts, escalators, conveyors, teleferics)",9.0,9.0,18.0,
8429,II,418,"Self-propelled bulldozers, angledozers, graders, levellers, scrapers, mechanical shovels, excavators, shovel loaders, tamping machines and road rollers",9.0,9.0,18.0,
8430,II,419,"Other moving, grading, levelling, scraping, excavating, tamping, compacting, extracting or boring machinery, for earth, minerals or ores; piledrivers and pile-extractors; snow-ploughs and snow-blowers",9.0,9.0,18.0,
8431,II,420,Parts suitable for use solely or principally with the machinery of headings 8425 to 8430,9.0,9.0,18.0,
8433,II,421,"Machines for cleaning, sorting or grading eggs, fruit or other agricultural produce, other than machinery of heading 8437; parts thereof [8433 90 00]",9.0,9.0,18.0,
8434,II,422,Milking machines and dairy machinery,9.0,9.0,18.0,
8435,II,423,"Presses, crushers and similar machinery used in the manufacture of wine, cider, fruit juices or similar beverages",9.0,9.0,18.0,
8437,II,424,"Machines for cleaning, sorting or grading, seed, grain or dried leguminous vegetables; machinery used in milling industry or for the working of cereals or dried leguminous vegetables other than farm type machinery and parts thereof",9.0,9.0,18.0,
8438,II,425,"Machinery, not specified or included elsewhere in this Chapter, for the industrial preparation or manufacture of food or drink, other than machinery for the extraction or preparation of animal or fixed vegetable or microbial fats or oils",9.0,9.0,18.0,
8439,II,426,Machinery for making pulp of fibrous cellulosic material or for making or finishing paper or paperboard,9.0,9.0,18.0,
8440,II,427,"Book-binding machinery, including book-sewing machines",9.0,9.0,18.0,
8441,II,428,"Other machinery for making up paper pulp, paper or paperboard, including cutting machines of all kinds",9.0,9.0,18.0,
8442,II,429,"Machinery, apparatus and equipment (other than the machines of headings 8456 to 8465) for preparing or making plates, printing components; plates, cylinders and lithographic stones, prepared for printing purposes (for example, planed, grained or polished)",9.0,9.0,18.0,
8443,II,430,"Printing machinery used for printing by means of plates, cylinders and other printing components of heading 8442; other printers, copying machines and facsimile machines, whether or not combined; parts and accessories thereof",9.0,9.0,18.0,
8444,II,431,"Machines for extruding, drawing, texturing or cutting man- made textile materials",9.0,9.0,18.0,
8445,II,432,"Machines for preparing textile fibres; spinning, doubling or twisting machines and other machinery for producing textile yarns; textile reeling or winding (including weft-winding) machines and machines for preparing textile yarns for use on the machines of heading 8446 or 8447",9.0,9.0,18.0,
8446,II,433,Weaving machines (looms),9.0,9.0,18.0,
8447,II,434,"Knitting machines, stitch-bonding machines and machines for making gimped yarn, tulle, lace, embroidery, trimmings, braid or net and machines for tufting",9.0,9.0,18.0,
8448,II,435,"Auxiliary machinery for use with machines of heading 8444, 8445, 8446 or 8447 (for example, dobbies, Jacquards, automatic stop motions, shuttle changing mechanisms); parts and accessories suitable for use solely or principally with the machines of this heading or of heading 8444, 8445, 8446 or 8447 (for example, spindles and spindles flyers, card clothing, combs, extruding nipples, shuttles, healds and heald frames, hosiery needles)",9.0,9.0,18.0,
8449,II,436,"Machinery for the manufacture or finishing of felt or nonwovens in the piece or in shapes, including machinery for making felt hats; blocks for making hats",9.0,9.0,18.0,
8450,II,437,"Household or laundry-type washing machines, including machines which both wash and dry",9.0,9.0,18.0,
8451,II,438,"Machinery (other than machines of heading 8450) for washing, cleaning, wringing, drying, ironing, pressing (including fusing presses), bleaching, dyeing, dressing, finishing, coating or impregnating textile yarns, fabrics or made up textile articles and machines for applying the paste to the base fabric or other support used in the manufacture of floor covering such as linoleum; machines for reeling, unreeling, folding, cutting or pinking textile fabrics",9.0,9.0,18.0,
8453,II,439,"Machinery for preparing, tanning or working hides, skins or leather or for making or repairing footwear or other articles of hides, skins or leather, other than sewing machines",9.0,9.0,18.0,
8454,II,440,"Converters, ladles, ingot moulds and casting machines, of a kind used in metallurgy or in metal foundries",9.0,9.0,18.0,
8455,II,441,Metal-rolling mills and rolls therefor,9.0,9.0,18.0,
8456,II,442,"Machine-tools for working any material by removal of material, by laser or other light or photon beam, ultrasonic, electro- discharge, electrochemical, electron beam, ionic-beam or plasma arc processes",9.0,9.0,18.0,
8457,II,443,"Machining centres, unit construction machines (single station) and multi-station transfer machines, for working metal",9.0,9.0,18.0,
8458,II,444,Lathes (including turning centres) for removing metal,9.0,9.0,18.0,
8459,II,445,"Machine-tools (including way-type unit head machines) for drilling, boring, milling, threading or tapping by removing metal, other than lathes (including turning centres) of heading 8458",9.0,9.0,18.0,
8460,II,446,"Machine-tools for deburring, sharpening, grinding, honing, lapping, polishing or otherwise finishing metal, or cermets by means of grinding stones, abrasives or polishing products, other than gear cutting, gear grinding or gear finishing machines of heading 8461",9.0,9.0,18.0,
8461,II,447,"Machine-tools for planing, shaping, slotting, broaching, gear cutting, gear grinding or gear finishing, sawing, cutting-off and other machine-tools working by removing metal or cermets, not elsewhere specified or included",9.0,9.0,18.0,
8462,II,448,"Machine-tools (including presses) for working metal by forging, hammering or die forging (excluding rolling mills); Machine- tools (including presses, slitting lines and cut-to-length lines) for working metal by bending, folding, straightening, flattening, shearing, punching, notching or nibbling (excluding draw- benches); Presses for working metal or metal carbides, not specified above",9.0,9.0,18.0,
8463,II,449,"Other machine-tools for working metal, or cermets, without removing material",9.0,9.0,18.0,
8464,II,450,"Machine-tools for working stone, ceramics, concrete, asbestos- cement or like mineral materials or for cold working glass",9.0,9.0,18.0,
8465,II,451,"Machine-tools (including machines for nailing, stapling, glueing or otherwise assembling) for working wood, cork, bone, hard rubber, hard plastics or similar hard materials",9.0,9.0,18.0,
8466,II,452,"Parts and accessories suitable for use solely or principally with the machines of headings 8456 to 8465 including work or tool holders, self-opening dieheads, dividing heads and other special attachments for the machines; tool holders for any type of tool, for working in the hand",9.0,9.0,18.0,
8467,II,453,"Tools for working in the hand, pneumatic, hydraulic or with self- contained electric or non-electric motor",9.0,9.0,18.0,
8468,II,454,"Machinery and apparatus for soldering, brazing or welding, whether or not capable of cutting, other than those of heading 8515; gas-operated surface tempering machines and appliances",9.0,9.0,18.0,
8470,II,455,"Calculating machines and pocket-size data recording, reproducing and displaying machines with calculating functions; accounting machines, postage-franking machines, ticket-issuing machines and similar machines, incorporating a calculating device; cash registers",9.0,9.0,18.0,
8471,II,456,"Automatic data processing machines and units thereof; magnetic or optical readers, machines for transcribing data onto data media in coded form and machines for processing such data, not elsewhere specified or included",9.0,9.0,18.0,
8472,II,457,"Other office machines (for example, hectograph or stencil duplicating machines, addressing machines, automatic banknote dispensers, coin sorting machines, coin counting or wrapping machines, pencil sharpening machines, perforating or stapling machines) [other than Braille typewriters, electric or non- electric]",9.0,9.0,18.0,
8473,II,458,"Parts and accessories (other than covers, carrying cases and the like) suitable for use solely or principally with machines of headings 8470 to 8472",9.0,9.0,18.0,
8474,II,459,"Machinery for sorting, screening, separating, washing, crushing, grinding, mixing or kneading earth, stone, ores or other mineral substances, in solid (including powder or paste) form; machinery for agglomerating, shaping or moulding solid mineral fuels, ceramic paste, unhardened cements, plastering materials or other mineral products in powder or paste form; machines for forming foundry moulds of sand",9.0,9.0,18.0,
8475,II,460,"Machines for assembling electric or electronic lamps, tubes or valves or flashbulbs, in glass envelopes; machines for manufacturing or hot working glass or glassware",9.0,9.0,18.0,
8476,II,461,"Automatic goods-vending machines (for example, postage stamps, cigarette, food or beverage machines), including money changing machines",9.0,9.0,18.0,
8477,II,462,"Machinery for working rubber or plastics or for the manufacture of products from these materials, not specified or included elsewhere in this Chapter",9.0,9.0,18.0,
8478,II,463,"Machinery for preparing or making up tobacco, not specified or included elsewhere in this chapter",9.0,9.0,18.0,
8479,II,464,"Machines and mechanical appliances having individual functions, not specified or included elsewhere in this Chapter [other than Composting Machines]",9.0,9.0,18.0,
8480,II,465,"Moulding boxes for metal foundry; mould bases; moulding patterns; moulds for metal (other than ingot moulds), metal carbides, glass, mineral materials, rubber or plastics",9.0,9.0,18.0,
8481,II,466,"Taps, cocks, valves and similar appliances for pipes, boiler shells, tanks, vats or the like, including pressure-reducing valves and thermostatically controlled valves",9.0,9.0,18.0,
8482,II,467,"Ball bearing, Roller Bearings",9.0,9.0,18.0,
8483,II,468,"Transmission shafts (including cam shafts and crank shafts) and cranks; bearing housings and plain shaft bearings; gears and gearing; ball or roller screws; gear boxes and other speed changers, including torque converters; flywheels and pulleys, including pulley blocks; clutches and shaft couplings (including universal joints)",9.0,9.0,18.0,
8484,II,469,"Gaskets and similar joints of metal sheeting combined with other material or of two or more layers of metal; sets or assortments of gaskets and similar joints, dissimilar in composition, put up in pouches, envelopes or similar packings; mechanical seals",9.0,9.0,18.0,
8485,II,470,Machines for Additive Manufacturing,9.0,9.0,18.0,
8486,II,471,"Machines and apparatus of a kind used solely or principally for the manufacture of semiconductor boules or wafers, semiconductor devices, electronic integrated circuits or flat panel displays; machines and apparatus specified in Note 11(C) to this Chapter; parts and accessories",9.0,9.0,18.0,
8487,II,472,"Machinery parts, not containing electrical connectors, insulators, coils, contacts or other electrical features not specified or included elsewhere in this chapter",9.0,9.0,18.0,
84,II,473,"E-waste Explanation.- For the purpose of this entry, E-waste means electrical and electronic equipment listed in Schedule I of the E- Waste (Management) Rules, 2016 (published in the Gazette of India vide G.S.R. 338 (E) dated the 23rd March, 2016), whole or in part if discarded as waste by the consumer or bulk consumer",9.0,9.0,18.0,
85,II,473,"E-waste Explanation.- For the purpose of this entry, E-waste means electrical and electronic equipment listed in Schedule I of the E- Waste (Management) Rules, 2016 (published in the Gazette of India vide G.S.R. 338 (E) dated the 23rd March, 2016), whole or in part if discarded as waste by the consumer or bulk consumer",9.0,9.0,18.0,
8501,II,474,Electric motors and generators (excluding generating sets),9.0,9.0,18.0,
8502,II,475,Electric generating sets and rotary converters,9.0,9.0,18.0,
8503,II,476,Parts suitable for use solely or principally with the machines of heading 8501 or 8502,9.0,9.0,18.0,
8504,II,477,"Electrical transformers, static converters (for example, rectifiers) and inductors other than charger or charging station for Electrically operated vehicles",9.0,9.0,18.0,
8505,II,478,"Electro-magnets; permanent magnets and articles intended to become permanent magnets after magnetisation; electro- magnetic or permanent magnet chucks, clamps and similar holding devices; electro-magnetic couplings, clutches and brakes; electro-magnetic lifting heads",9.0,9.0,18.0,
8506,II,479,Primary cells and primary batteries,9.0,9.0,18.0,
8507,II,480,"Electric accumulators, including separators therefor, whether or not rectangular (including square)",9.0,9.0,18.0,
8508,II,481,Vacuum cleaners,9.0,9.0,18.0,
8509,II,482,"Electro-mechanical domestic appliances, with self-contained electric motor, other than vacuum cleaners of heading 8508",9.0,9.0,18.0,
8510,II,483,"Shavers, hair clippers and hair-removing appliances, with self- contained electric motor",9.0,9.0,18.0,
8511,II,484,"Electrical ignition or starting equipment of a kind used for spark-ignition or compression-ignition internal combustion engines (for example, ignition magnetos, magneto-dynamos, ignition coils, sparking plugs and glow plugs, starter motors); generators (for example, dynamos, alternators) and cut-outs of a kind used in conjunction with such engines",9.0,9.0,18.0,
8512,II,485,"Electrical lighting or signalling equipment (excluding articles of heading 8539), windscreen wipers, defrosters and demisters, of a kind used for cycles or motor vehicles",9.0,9.0,18.0,
8513,II,486,"Portable electric lamps designed to function by their own source of energy (for example, dry batteries, accumulators, magnetos), other than lighting equipment of heading 8512",9.0,9.0,18.0,
8514,II,487,Industrial or laboratory electric furnaces and ovens (including those functioning by induction or dielectric loss); other industrial or laboratory equipment for the heat treatment of materials by induction or dielectric loss,9.0,9.0,18.0,
8515,II,488,"Electric (including electrically heated gas), laser or other light or photo beam, ultrasonic, electron beam, magnetic pulse or plasma arc soldering, brazing or welding machines and apparatus, whether or not capable of cutting; electric machines and apparatus for hot spraying of metals or cermets",9.0,9.0,18.0,
8516,II,489,"Electric instantaneous or storage water heaters and immersion heaters; electric space heating apparatus and soil heating apparatus; electro thermic hairdressing apparatus (for example, hair dryers, hair curlers, curling tong heaters) and hand dryers; electric smoothing irons; other electro-thermic appliances of a kind used for domestic purposes [other than solar cookers]; electric heating resistors, other than those of heading 8545",9.0,9.0,18.0,
8517,II,490,All goods,9.0,9.0,18.0,
8518,II,491,"Microphones and stands therefore; loudspeakers, whether or not mounted in their enclosures; headphones and earphones, whether or not combined with a microphone, and sets consisting of a microphone and one or more loudspeakers; audio-frequency electric amplifiers; electric sound amplifier set",9.0,9.0,18.0,
8519,II,492,Sound recording or reproducing apparatus,9.0,9.0,18.0,
8521,II,493,"Video recording or reproducing apparatus, whether or not incorporating a video tuner",9.0,9.0,18.0,
8522,II,494,Parts and accessories suitable for use solely or principally with the apparatus of headings 8519 or 8521,9.0,9.0,18.0,
8523,II,495,"Discs, tapes, solid-state non-volatile storage devices, ""smart cards"" and other media for the recording of sound or of other phenomena, whether or not recorded, including matrices and masters for the production of discs, but excluding products of Chapter 37",9.0,9.0,18.0,
8524,II,496,"Flat Panel Display Modules, Whether or Not Incorporating Touch-Sensitive Screens",9.0,9.0,18.0,
8525,II,497,"Closed-circuit television (CCTV), transmission apparatus for radiobroadcasting or television, whether or not incorporating reception apparatus or sound recording or reproducing apparatus; television cameras, digital cameras and video camera recorders [other than two-way radio (Walkie talkie) used by defense, police and paramilitary forces, etc.]",9.0,9.0,18.0,
8526,II,498,"Radar apparatus, radio navigational aid apparatus and radio remote control apparatus",9.0,9.0,18.0,
8527,II,499,"Reception apparatus for radio-broadcasting, whether or not combined, in the same housing, with sound recording or reproducing apparatus or a clock",9.0,9.0,18.0,
8528,II,500,"Television set (including LCD or LED television), Computer Monitors, Set top Box for Television; monitors and projectors, not incorporating television reception apparatus, reception apparatus for television, whether or not incorporating radio- broadcast receivers or sound or video recording or reproducing apparatus",9.0,9.0,18.0,
8529,II,501,Parts suitable for use solely or principally with the apparatus of headings 8525 to 8528,9.0,9.0,18.0,
8530,II,502,"Electrical signalling, safety or traffic control equipment for railways, tramways, roads, inland waterways, parking facilities, port installations or airfields (other than those of heading 8608)",9.0,9.0,18.0,
8531,II,503,"Electric sound or visual signalling apparatus (for example, bells, sirens, indicator panels, burglar or fire alarms), other than those of heading 8512 or 8530",9.0,9.0,18.0,
8532,II,504,"Electrical capacitors, fixed, variable or adjustable (pre-set)",9.0,9.0,18.0,
8533,II,505,"Electrical resistors (including rheostats and potentiometers), other than heating resistors",9.0,9.0,18.0,
85340000,II,506,Printed Circuits,9.0,9.0,18.0,
8535,II,507,"Electrical apparatus for switching or protecting electrical circuits, or for making connections to or in electrical circuits (for example, switches, fuses, lightning arresters, voltage limiters, surge suppressors, plugs and other connectors, junction boxes), for a voltage exceeding 1,000 volts",9.0,9.0,18.0,
8536,II,508,"Electrical apparatus for switching or protecting electrical circuits, or for making connections to or in electrical circuits (for example, switches, relays, fuses, surge suppressors, plugs, sockets, lampholders, and other connectors, junction boxes), for a voltage not exceeding 1,000 volts: connectors for optical fibres, optical fibre bundles or cables",9.0,9.0,18.0,
8537,II,509,"Boards, panels, consoles, desks, cabinets and other bases, equipped with two or more apparatus of heading 8535 or 8536, for electric control or the distribution of electricity, including those incorporating instruments or apparatus of chapter 90, and numerical control apparatus, other than switching apparatus of heading 8517",9.0,9.0,18.0,
8538,II,510,"Parts suitable for use solely or principally with the apparatus of heading 8535, 8536 or 8537",9.0,9.0,18.0,
8539,II,511,Electrical Filament or discharge lamps including sealed beam lamp units and ultra-violet or infra-red lamps; arc lamps,9.0,9.0,18.0,
8540,II,512,"Thermionic, cold cathode or photo-cathode valves and tubes (for example, vacuum or vapour or gas filled valves and tubes, mercury arc rectifying valves and tubes, cathode-ray tubes, television camera tubes)",9.0,9.0,18.0,
8541,II,513,"Semiconductor Devices (for example, Diodes, Transistors, Semiconductor Based Transducers); Photosensitive Semiconductor devices; Light-Emitting Diodes (LED), whether or not assembled with other Light-Emitting Diodes (LED); mounted piezo-electric crystals",9.0,9.0,18.0,
8542,II,514,Electronic integrated circuits,9.0,9.0,18.0,
8543,II,515,"Electrical machines and apparatus, having individual functions, not specified or included elsewhere in this Chapter",9.0,9.0,18.0,
8544,II,516,"Insulated (including enamelled or anodised) wire, cable (including coaxial cable) and other insulated electric conductors, whether or not fitted with connectors; optical fibre cables, made up of individually sheathed fibres, whether or not assembled with electric conductors or fitted with connectors",9.0,9.0,18.0,
8545,II,517,"Carbon electrodes, carbon brushes, Lamp carbons, battery carbons and other articles of graphite or other carbon, with or without metal, of a kind used for electrical purposes",9.0,9.0,18.0,
8546,II,518,Electrical insulators of any material,9.0,9.0,18.0,
8547,II,519,"Insulating fittings for electrical machines, appliances or equipment, being fittings wholly of insulating material apart from any minor components of metal (for example, threaded sockets) incorporated during moulding solely for the purposes of assembly, other than insulators of heading 8546; electrical conduit tubing and joints therefor, of base metal lined with insulating material",9.0,9.0,18.0,
85480000,II,520,"Electrical parts of machinery or apparatus, not specified or included elsewhere in Chapter 85",9.0,9.0,18.0,
8549,II,521,Electrical and electronic waste and scrap,9.0,9.0,18.0,
8601,II,522,Rail locomotives powered from an external source of electricity or by electric accumulators.,9.0,9.0,18.0,
8602,II,523,"Other rail locomotives; locomotive tenders; such as Diesel electric locomotives, Steam locomotives and tenders thereof",9.0,9.0,18.0,
8603,II,524,"Self-propelled railway or tramway coaches, vans and trucks, other than those of heading 8604.",9.0,9.0,18.0,
8604,II,525,"Railway or tramway maintenance or service vehicles, whether or not self-propelled (for example, workshops, cranes, ballast tampers, track liners, testing coaches and track inspection vehicles)",9.0,9.0,18.0,
8605,II,526,"Railway or tramway passenger coaches, not self-propelled; luggage vans, post office coaches and other special purpose railway or tramway coaches, not self-propelled (excluding those of heading 8604)",9.0,9.0,18.0,
8606,II,527,"Railway or tramway goods vans and wagons, not self-propelled",9.0,9.0,18.0,
8607,II,528,"Parts of railway or tramway locomotives or rolling-stock; such as Bogies, bissel-bogies, axles and wheels, and parts thereof.",9.0,9.0,18.0,
8608,II,529,"Railway or tramway track fixtures and fittings; mechanical (including electro-mechanical) signalling, safety or traffic control equipment for railways, tramways, roads, inland waterways, parking facilities, port installations or airfields; parts of the foregoing.",9.0,9.0,18.0,
8609,II,530,Containers (including containers for the transport of fluids) specially designed and equipped for carriage by one or more modes of transport [including refrigerated containers],9.0,9.0,18.0,
8701,II,531,Road tractors for semi-trailers of engine capacity more than 1800 cc,9.0,9.0,18.0,
8702,II,532,"Motor vehicles for the transport of ten or more persons, including the driver [including buses for use in public transport, which exclusively run on Bio-fuels]",9.0,9.0,18.0,
8702,II,533,"Motor vehicles cleared as ambulances duly fitted with all the fitments, furniture and accessories necessary for an ambulance from the factory manufacturing such motor vehicles",9.0,9.0,18.0,
8703,II,533,"Motor vehicles cleared as ambulances duly fitted with all the fitments, furniture and accessories necessary for an ambulance from the factory manufacturing such motor vehicles",9.0,9.0,18.0,
870321,II,534,"Petrol, Liquefied petroleum gases (LPG) or compressed natural gas (CNG) driven motor vehicles of engine capacity not exceeding 1200cc and of length not exceeding 4000 mm Explanation. - For the purposes of this entry, the specification of the motor vehicle shall be determined as per the Motor Vehicles Act, 1988 (59 of 1988) and the rules made there under.",9.0,9.0,18.0,
870322,II,534,"Petrol, Liquefied petroleum gases (LPG) or compressed natural gas (CNG) driven motor vehicles of engine capacity not exceeding 1200cc and of length not exceeding 4000 mm Explanation. - For the purposes of this entry, the specification of the motor vehicle shall be determined as per the Motor Vehicles Act, 1988 (59 of 1988) and the rules made there under.",9.0,9.0,18.0,
870331,II,535,"Diesel driven motor vehicles of engine capacity not exceeding 1500 cc and of length not exceeding 4000 mm Explanation. - For the purposes of this entry, the specification of the motor vehicle shall be determined as per the Motor Vehicles Act, 1988 (59 of 1988) and the rules made there under.",9.0,9.0,18.0,
8703,II,536,"Following motor vehicles of length not exceeding 4000 mm, namely: -(a) Petrol, Liquefied petroleum gases (LPG) or compressed natural gas (CNG) driven vehicles of engine capacity not exceeding 1200cc; and (b) Diesel driven vehicles of engine capacity not exceeding 1500 cc for persons with orthopedic physical disability, subject to the condition that an officer not below the rank of Deputy Secretary to the Government of India in the Department of Heavy Industries certifies that the said goods shall be used by the persons with orthopedic physical disability in accordance with the guidelines issued by the said Department",9.0,9.0,18.0,
8703,II,537,Three wheeled vehicles,9.0,9.0,18.0,
870340,II,538,"Following Vehicles, with both spark-ignition internal combustion reciprocating piston engine and electric motor as motors for propulsion; (a) Motor vehicles cleared as ambulances duly fitted with all the fitments, furniture and accessories necessary for an ambulance from the factory manufacturing such motor vehicles (b) Three wheeled vehicles (c) Motor vehicles of engine capacity not exceeding 1200cc and of length not exceeding 4000 mm Explanation.- For the purposes of this entry, the specification of the motor vehicle shall be determined as per the Motor Vehicles Act, 1988 (59 of 1988) and the rules made there under",9.0,9.0,18.0,
870360,II,538,"Following Vehicles, with both spark-ignition internal combustion reciprocating piston engine and electric motor as motors for propulsion; (a) Motor vehicles cleared as ambulances duly fitted with all the fitments, furniture and accessories necessary for an ambulance from the factory manufacturing such motor vehicles (b) Three wheeled vehicles (c) Motor vehicles of engine capacity not exceeding 1200cc and of length not exceeding 4000 mm Explanation.- For the purposes of this entry, the specification of the motor vehicle shall be determined as per the Motor Vehicles Act, 1988 (59 of 1988) and the rules made there under",9.0,9.0,18.0,
870350,II,539,"Following Vehicles, with both compression-ignition internal combustion piston engine [diesel-or semi diesel] and electric motor as motors for propulsion; (a) Motor vehicles cleared as ambulances duly fitted with all the fitments, furniture and accessories necessary for an ambulance from the factory manufacturing such motor vehicles (b) Three wheeled vehicles (c) Motor vehicles of engine capacity not exceeding 1500 cc and of length not exceeding 4000 mm Explanation.- For the purposes of this entry, the specification of the motor vehicle shall be determined as per the Motor Vehicles Act, 1988 (59 of 1988) and the rules made there under",9.0,9.0,18.0,
870370,II,539,"Following Vehicles, with both compression-ignition internal combustion piston engine [diesel-or semi diesel] and electric motor as motors for propulsion; (a) Motor vehicles cleared as ambulances duly fitted with all the fitments, furniture and accessories necessary for an ambulance from the factory manufacturing such motor vehicles (b) Three wheeled vehicles (c) Motor vehicles of engine capacity not exceeding 1500 cc and of length not exceeding 4000 mm Explanation.- For the purposes of this entry, the specification of the motor vehicle shall be determined as per the Motor Vehicles Act, 1988 (59 of 1988) and the rules made there under",9.0,9.0,18.0,
8704,II,540,"Motor vehicles for the transport of goods, including Refrigerated motor vehicles",9.0,9.0,18.0,
8705,II,541,"Special purpose motor vehicles, other than those principally designed for the transport of persons or goods (for example, breakdown lorries, crane lorries, fire fighting vehicles, concrete- mixer lorries, road sweeper lorries, spraying lorries, mobile workshops, mobile radiological unit)",9.0,9.0,18.0,
8706,II,542,"Chassis fitted with engines, for the motor vehicles of headings 8701 to 8705",9.0,9.0,18.0,
8707,II,543,"Bodies (including cabs), for the motor vehicles of headings 8701 to 8705",9.0,9.0,18.0,
8708,II,544,Parts and accessories of the motor vehicles of headings 8701 to 8705 [other than specified parts of tractors],9.0,9.0,18.0,
8709,II,545,"Works trucks, self-propelled, not fitted with lifting or handling equipment, of the type used in factories, warehouses, dock areas or airports for short distance transport of goods; tractors of the type used on railway station platforms; parts of the foregoing vehicles",9.0,9.0,18.0,
8711,II,546,"Motorcycles (including mopeds) and cycles fitted with an auxiliary motor not exceeding 350 cc, with or without side-cars; side-cars",9.0,9.0,18.0,
8714,II,547,Parts and accessories of vehicles of heading 8711,9.0,9.0,18.0,
8715,II,548,Baby carriages and parts thereof,9.0,9.0,18.0,
8716,II,549,"Trailers and semi-trailers; other vehicles, not mechanically propelled; parts thereof [other than Self-loading or self- unloading trailers for agricultural purposes, and Hand propelled vehicles (e.g. hand carts, rickshaws and the like); animal drawn vehicles]",9.0,9.0,18.0,
8801,II,550,"Balloons and dirigibles, gliders and other non-powered aircraft",9.0,9.0,18.0,
8804,II,551,Parachutes (including dirigible parachutes and paragliders) and rotochutes; parts thereof and accessories thereto and parts thereof,9.0,9.0,18.0,
8805,II,552,"Aircraft launching gear, deck arrestor or similar gear; ground flying trainers and parts thereof",9.0,9.0,18.0,
8807,II,553,Parts of goods of heading 8801,9.0,9.0,18.0,
8903,II,554,Rowing boats and canoes,9.0,9.0,18.0,
89080000,II,555,Vessels and other floating structures for breaking up,9.0,9.0,18.0,
9001,II,556,"Optical fibres and optical fibre bundles; optical fibre cables other than those of heading 8544; sheets and plates of polarising material; prisms, mirrors and other optical elements, of any material, unmounted, other than such elements of glass not optically worked",9.0,9.0,18.0,
9002,II,557,"Lenses, prisms, mirrors and other optical elements, of any material, mounted, being parts of or fittings for instruments or apparatus, other than such elements of glass not optically worked [other than intraocular lens]",9.0,9.0,18.0,
9004,II,558,Spectacles [other than corrective]; Goggles [other than corrective],9.0,9.0,18.0,
9005,II,559,"Binoculars, monoculars, other optical telescopes, and mountings therefor; other astronomical instruments and mountings therefor, but not including instruments for radio- astronomy",9.0,9.0,18.0,
9006,II,560,Photographic (other than cinematographic) cameras; photographic flashlight apparatus and flashbulbs other than discharge lamps of heading 8539,9.0,9.0,18.0,
9007,II,561,"Cinematographic cameras and projectors, whether or not incorporating sound recording or reproducing apparatus",9.0,9.0,18.0,
9008,II,562,"Image projectors, other than cinematographic; photographic (other than cinematographic) enlargers and reducers",9.0,9.0,18.0,
9010,II,563,"Apparatus and equipment for photographic (including cinematographic) laboratories, not specified or included elsewhere in this Chapter; negatoscopes; projection screens",9.0,9.0,18.0,
9011,II,564,"Compound optical microscopes, including those for photomicrography, cinephotomicrography or microprojection",9.0,9.0,18.0,
9012,II,565,Microscopes other than optical microscopes; diffraction apparatus,9.0,9.0,18.0,
9013,II,566,"Lasers, other than Laser Diodes; other Optical Appliances and Instruments, not specified or included elsewhere in this Chapter",9.0,9.0,18.0,
9014,II,567,Direction finding compasses; other navigational instruments and appliances,9.0,9.0,18.0,
9015,II,568,"Surveying (including photogrammetrical surveying), hydrographic, oceanographic, hydrological, meteorological or geophysical instruments and appliances, excluding compasses; rangefinders",9.0,9.0,18.0,
9016,II,569,"Balances of a sensitivity of 5 cg or better, with or without weights",9.0,9.0,18.0,
9017,II,570,"Drawing, marking-out or mathematical calculating instruments (for example, drafting machines, pantographs, protractors, drawing sets, slide rules, disc calculators); instruments for measuring length, for use in the hand (for example, measuring rods and tapes, micrometers, callipers), not specified or included elsewhere in this chapter",9.0,9.0,18.0,
9022,II,571,"Apparatus based on the use of X-rays or of alpha, beta, gamma or other ionizing radiations [other than those for medical, surgical, dental or veterinary uses], including radiography or radiotherapy apparatus, X-ray tubes and other X-ray generators, high tension generators, control panels and desks, screens, examinations or treatment tables, chairs and the like",9.0,9.0,18.0,
9023,II,572,"Instruments, apparatus and models, designed for demonstrational purposes (for example, in education or exhibitions), unsuitable for other uses",9.0,9.0,18.0,
9024,II,573,"Machines and appliances for testing the hardness, strength, compressibility, elasticity or other mechanical properties of materials (for example, metals, wood, textiles, paper, plastics)",9.0,9.0,18.0,
9025,II,574,"Hydrometers and similar floating instruments, thermometers, pyrometers, barometers, hygrometers and psychrometers, recording or not, and any combination of these instruments [other than thermometers for medical, surgical, dental or veterinary usage]",9.0,9.0,18.0,
9026,II,575,"Instruments and apparatus for measuring or checking the flow, level, pressure or other variables of liquids or gases (for example, flow meters, level gauges, manometers, heat meters), excluding instruments and apparatus of heading 9014, 9015, 9028 or 9032",9.0,9.0,18.0,
9027,II,576,"Instruments and apparatus for physical or chemical analysis (for example, polarimeters, refractometers, spectrometers, gas or smoke checking viscosity, porosity, expansion, surface tension or the like; instruments and apparatus for measuring or checking quantities of heat, sound or light (including exposure meters); microtomes [other than instruments and apparatus for medical, surgical, dental or veterinary uses for physical or chemical analysis]",9.0,9.0,18.0,
9028,II,577,"Gas, liquid or electricity supply or production meters, including calibrating meters therefor",9.0,9.0,18.0,
9029,II,578,"Revolution counters, production counters, taximeters, mileometers, pedometers and the like; speed indicators and tachometers, other than those of heading 9014 or 9015; stroboscopes",9.0,9.0,18.0,
9030,II,579,"Oscilloscopes, spectrum analysers and other instruments and apparatus for measuring or checking electrical quantities, excluding meters of heading 9028; instruments and apparatus for measuring or detecting alpha, beta, gamma, X-ray, cosmic or other ionising radiations",9.0,9.0,18.0,
9031,II,580,"Measuring or checking instruments, appliances and machines, not specified or included elsewhere in this Chapter; profile projectors",9.0,9.0,18.0,
9032,II,581,Automatic regulating or controlling instruments and apparatus,9.0,9.0,18.0,
9033,II,582,"Parts and accessories (not specified or included elsewhere in this Chapter) for machines, appliances, instruments or apparatus of Chapter 90",9.0,9.0,18.0,
9101,II,583,"Wrist-watches, pocket-watches and other watches, including stopwatches, with case of precious metal or of metal clad with precious metal",9.0,9.0,18.0,
9102,II,584,"Wrist-watches, pocket-watches and other watches, including stop watches, other than those of heading 9101",9.0,9.0,18.0,
9103,II,585,"Clocks with watch movements, excluding clocks of heading 9104",9.0,9.0,18.0,
9104,II,586,"Instrument panel clocks and clocks of a similar type for vehicles, aircraft, spacecraft or vessels",9.0,9.0,18.0,
9105,II,587,Other clocks,9.0,9.0,18.0,
9106,II,588,"Time of day recording apparatus and apparatus for measuring, recording or otherwise indicating intervals of time, with clock or watch movement or with synchronous motor (for example, time-registers, time-recorders)",9.0,9.0,18.0,
9107,II,589,Time switches with clock or watch movement or with synchronous motor,9.0,9.0,18.0,
9108,II,590,"Watch movements, complete and assembled",9.0,9.0,18.0,
9109,II,591,"Clock movements, complete and assembled",9.0,9.0,18.0,
9110,II,592,"Complete watch or clock movements, unassembled or partly assembled (movement sets); incomplete watch or clock movements, assembled; rough watch or clock movements",9.0,9.0,18.0,
9111,II,593,Watch cases and parts thereof,9.0,9.0,18.0,
9112,II,594,"Clock cases and cases of a similar type for other goods of this chapter, and parts thereof",9.0,9.0,18.0,
9113,II,595,"Watch straps, watch bands and watch bracelets, and parts thereof",9.0,9.0,18.0,
9114,II,596,Other clock or watch parts,9.0,9.0,18.0,
9201,II,597,"Pianos, including automatic pianos; harpsi-chords and other keyboard stringed instruments",9.0,9.0,18.0,
9202,II,598,"Other string musical instruments (for example, guitars, violins, harps)",9.0,9.0,18.0,
9205,II,599,"Wind musical instruments (for example, keyboard pipe organs, accordions, clarinets, trumpets, bagpipes), other than fairground organs and mechanical street organs",9.0,9.0,18.0,
92060000,II,600,"Percussion musical instruments (for example, drums, xylophones, cymbols, castanets, maracas)",9.0,9.0,18.0,
9207,II,601,"Musical instruments, the sound of which is produced, or must be amplified, electrically (for example, organs, guitars, accordions)",9.0,9.0,18.0,
9208,II,602,"Musical boxes, fairground organs, mechanical street organs, mechanical singing birds, musical saws and other musical instruments not falling within any other heading of this chapter; decoy calls of all kinds; whistles, call horns and other mouth- blown sound signalling instruments",9.0,9.0,18.0,
9209,II,603,"Parts (for example, mechanisms for musical boxes) and accessories (for example, cards, discs and rolls for mechanical instruments) of musical instruments; metronomes, tuning forks and pitch pipes of all kinds",9.0,9.0,18.0,
9301,II,604,"Military weapons other than revolvers, pistols",9.0,9.0,18.0,
9303,II,605,"Other firearms and similar devices which operate by the firing of an explosive charge (for example, sporting shotguns and rifles, muzzle-loading firearms, very pistols and other devices designed to project only signal flares, pistols and revolvers for firing blank ammunition, captive-bolt humane killers, line- throwing guns)",9.0,9.0,18.0,
9304,II,606,"Other arms (for example, spring, air or gas guns and pistols, truncheons), excluding those of heading 9307",9.0,9.0,18.0,
9305,II,607,Parts and accessories of articles of headings 9301 to 9304,9.0,9.0,18.0,
9306,II,608,"Bombs, grenades, torpedoes, mines, missiles, and similar munitions of war and parts thereof; cartridges and other ammunition and projectiles and parts thereof, including shot and cartridge wads",9.0,9.0,18.0,
9307,II,609,"Swords, cut lasses, bayonets, lances and similar arms and parts thereof and scabbards and sheaths therefor",9.0,9.0,18.0,
9401,II,610,"Seats (other than those of heading 9402), whether or not convertible into beds and parts thereof, including seats of a kind used for motor vehicles, other than seats of a kind used for aircraft",9.0,9.0,18.0,
9402,II,611,"Medical, surgical, dental or veterinary furniture (for example, operating tables, examination tables, hospital beds with mechanical fittings, dentists' chairs); barbers' chairs and similar chairs, having rotating as well as both reclining and elevating movements; parts of the foregoing articles",9.0,9.0,18.0,
9403,II,612,"Other furniture [other than furniture wholly made of bamboo, cane or rattan] and parts thereof",9.0,9.0,18.0,
9404,II,613,"Mattress supports; articles of bedding and similar furnishing (for example, mattresses, quilts, eiderdowns, cushions, pouffes and pillows) fitted with springs or stuffed or internally fitted with any material or of cellular rubber or plastics, whether or not covered [other than coir products (except coir mattresses), products wholly made of quilted textile materials not exceeding Rs. 2500 per piece and cotton quilts not exceeding Rs. 2500 per piece]",9.0,9.0,18.0,
9405,II,614,"Luminaires and lighting fittings including searchlights and spotlights and parts thereof, not elsewhere specified or included; illuminated signs, illuminated nameplates and the like, having a permanently fixed light source, and parts thereof not elsewhere specified or included [other than kerosene pressure lantern and parts thereof including gas mantles; hurricane lanterns, kerosene lamp, petromax, glass chimney, and parts thereof",9.0,9.0,18.0,
9406,II,615,Prefabricated buildings,9.0,9.0,18.0,
9503,II,616,"Electronic Toys like tricycles, scooters, pedal cars etc. (including parts and accessories thereof)",9.0,9.0,18.0,
9504,II,617,"Video game consoles and machines, articles of funfair, table or parlour games, including pintables, billiards, special tables for casino games and automatic bowling alley equipment [other than playing cards, ganjifa card, chess board, carom board and other board games of 9504 90 90 like ludo, etc.",9.0,9.0,18.0,
9505,II,618,"Festive, carnival or other entertainment articles, including conjuring tricks and novelty jokes",9.0,9.0,18.0,
9506,II,619,"Articles and equipment for general physical exercise, gymnastics, athletics, swimming pools and padding pools [other than sports goods]",9.0,9.0,18.0,
9508,II,620,"Travelling Circuses and Travelling Menageries; Amusement Park Rides and Water Part Amusements; Fairground Amusements, including Shooting Galleries; Travelling Theatres",9.0,9.0,18.0,
9602,II,621,"Worked vegetable or mineral carving material and articles of these materials moulded or carved articles of wax, of stearin, of natural gums or natural resins or of modelling pastes, and other moulded or carved articles, not elsewhere specified or included; worked, unhardened gelatin (except gelatin of heading 3503) and articles of unhardened gelatin",9.0,9.0,18.0,
96062100,II,622,"Buttons, of plastics not covered with the textile material, of base metals, buttons of coconut shell, button blanks",9.0,9.0,18.0,
96062200,II,622,"Buttons, of plastics not covered with the textile material, of base metals, buttons of coconut shell, button blanks",9.0,9.0,18.0,
960629,II,622,"Buttons, of plastics not covered with the textile material, of base metals, buttons of coconut shell, button blanks",9.0,9.0,18.0,
960630,II,622,"Buttons, of plastics not covered with the textile material, of base metals, buttons of coconut shell, button blanks",9.0,9.0,18.0,
9603,II,623,"Brushes (including brushes constituting parts of machines, appliances or vehicles), hand operated mechanical floor sweepers, not motorised, mops and feather dusters; prepared knots and tufts for broom or brush making; paint pads and rollers; squeegees (other than roller squeegees) [other than brooms and brushes, consisting of twigs or other vegetable materials bound together, with or without handles, and tooth brushes including dental-plate brushes]",9.0,9.0,18.0,
96040000,II,624,Hand sieves and hand riddles,9.0,9.0,18.0,
9605,II,625,"Travel sets for personal toilet, sewing or shoe or clothes cleaning",9.0,9.0,18.0,
9608,II,626,"Ball point pens; felt tipped and other porous-tipped pens and markers; fountain pens; stylograph pens and other pens; duplicating stylos; pen holders, pencil holders and similar holders; parts (including caps and clips) of the foregoing articles, other than those of heading 9609",9.0,9.0,18.0,
96100000,II,627,"Boards, with writing or drawing surface, whether or not framed",9.0,9.0,18.0,
9611,II,628,"Date, sealing or numbering stamps, and the like (including devices for printing or embossing labels), designed for operating in the hand; hand-operated composing sticks and hand printing sets incorporating such composing sticks",9.0,9.0,18.0,
9612,II,629,"Typewriter or similar ribbons, inked or otherwise prepared for giving impressions, whether or not on spools or in cartridges; ink-pads, whether or not inked, with or without boxes",9.0,9.0,18.0,
9613,II,630,"Cigarette lighters and other lighters, whether or not mechanical or electrical, and parts thereof other than flints or wicks",9.0,9.0,18.0,
9616,II,631,"Scent sprays and similar toilet sprays, and mounts and heads therefor; powder-puffs and pads for the application of cosmetics or toilet preparations",9.0,9.0,18.0,
9617,II,632,"Vacuum flasks and other vacuum vessels, Complete; parts thereof other than glass inners",9.0,9.0,18.0,
9618,II,633,"Tailors' dummies and other lay figures; automata and other animated displays, used for shop window dressing",9.0,9.0,18.0,
96200000,II,634,"Monopods, bipods, tripods and similar articles",9.0,9.0,18.0,
9801,II,635,"All items of machinery including prime movers, instruments, apparatus and appliances, control gear and transmission equipment, auxiliary equipment (including those required for research and development purposes, testing and quality control), as well as all components (whether finished or not) or raw materials for the manufacture of the aforesaid items and their components, required for the initial setting up of a unit, or the substantial expansion of an existing unit, of a specified: (1) industrial plant, (2) irrigation project, (3) power project, (4) mining project, (5) project for the exploration for oil or other minerals, and (6) such other projects as the Central Government may, having regard to the economic development of the country notify in the Official Gazette in this behalf; and spare parts, other raw materials (including semi-finished materials of consumable stores) not exceeding 10% of the value of the goods specified above, provided that such spare parts, raw materials or consumable stores are essential for the maintenance of the plant or project mentioned in (1) to (6) above.",9.0,9.0,18.0,
9802,II,636,Laboratory chemicals,9.0,9.0,18.0,
9804,II,640,All dutiable articles intended for personal use,9.0,9.0,18.0,
220210,III,1,"All goods (including aerated waters), containing added sugar or other sweetening matter or flavoured",20.0,20.0,40.0,
22029100,III,2,Other non-alcoholic beverages [other than those specified in Schedule I of this notification],20.0,20.0,40.0,
22029990,III,2,Other non-alcoholic beverages [other than those specified in Schedule I of this notification],20.0,20.0,40.0,
22029990,III,3,Caffeinated Beverages,20.0,20.0,40.0,
2202,III,4,Carbonated beverages of fruit drink or carbonated beverages with fruit juice,20.0,20.0,40.0,
8703,III,5,"Motor cars and other motor vehicles principally designed for the transport of persons (other than those of heading 8702), including station wagons and racing cars, but excluding the goods mentioned against S. Nos., 533, 534, 535, 536, 537, 538 and 539 of Schedule II.",20.0,20.0,40.0,
870340,III,6,"Motor vehicles with both spark-ignition internal combustion reciprocating piston engine and electric motor as motors for propulsion, of engine capacity exceeding 1200cc or of length exceeding 4000 mm Explanation.- For the purposes of this entry, the specification of the motor vehicle shall be determined as per the Motor Vehicles Act, 1988 (59 of 1988) and the rules made there under.",20.0,20.0,40.0,
870360,III,6,"Motor vehicles with both spark-ignition internal combustion reciprocating piston engine and electric motor as motors for propulsion, of engine capacity exceeding 1200cc or of length exceeding 4000 mm Explanation.- For the purposes of this entry, the specification of the motor vehicle shall be determined as per the Motor Vehicles Act, 1988 (59 of 1988) and the rules made there under.",20.0,20.0,40.0,
870350,III,7,"Motor vehicles with both compression- ignition internal combustion piston engine [diesel-or semi diesel] and electric motor as motors for propulsion, of engine capacity exceeding 1500 cc or of length exceeding 4000 mm Explanation.- For the purposes of this entry, the specification of the motor vehicle shall be determined as per the Motor Vehicles Act, 1988 (59 of 1988) and the rules made there under.",20.0,20.0,40.0,
870370,III,7,"Motor vehicles with both compression- ignition internal combustion piston engine [diesel-or semi diesel] and electric motor as motors for propulsion, of engine capacity exceeding 1500 cc or of length exceeding 4000 mm Explanation.- For the purposes of this entry, the specification of the motor vehicle shall be determined as per the Motor Vehicles Act, 1988 (59 of 1988) and the rules made there under.",20.0,20.0,40.0,
8711,III,8,Motorcycles of engine capacity exceeding 350 cc,20.0,20.0,40.0,
8802,III,9,Aircrafts for personal use,20.0,20.0,40.0,
8903,III,10,Yachts and other vessels for pleasure or sports,20.0,20.0,40.0,
9302,III,11,"Revolvers and pistols, other than those of heading 9303 or 9304",20.0,20.0,40.0,
9614,III,12,"Smoking pipes (including pipe bowls) and cigar or cigarette holders, and parts thereof",20.0,20.0,40.0,
7101,IV,1,"Pearls, natural or cultured, whether or not worked or graded but not strung, mounted or set; pearls, natural or cultured, temporarily strung for convenience of transport",1.5,1.5,3.0,
7105,IV,2,Dust and powder of natural or synthetic precious or semi-precious stones,1.5,1.5,3.0,
7106,IV,3,"Silver (including silver plated with gold or platinum), unwrought or in semimanufactured forms, or in powder form",1.5,1.5,3.0,
7107,IV,4,"Base metals clad with silver, not further worked than semi-manufactured",1.5,1.5,3.0,
7108,IV,5,"Gold (including gold plated with platinum) unwrought or in semimanufactured forms, or in powder form",1.5,1.5,3.0,
7109,IV,6,"Base metals or silver, clad with gold, not further worked than semimanufactured",1.5,1.5,3.0,
7110,IV,7,"Platinum, unwrought or in semi-manufactured forms, or in powder form",1.5,1.5,3.0,
7111,IV,8,"Base metals, silver or gold, clad with platinum, not further worked than semimanufactured",1.5,1.5,3.0,
7112,IV,9,"Waste and scrap of precious metal or of metal clad with precious metal; other waste and scrap containing precious metal or precious metal compounds, of a kind used principally for the recovery of precious metal.",1.5,1.5,3.0,
7113,IV,10,"Articles of jewellery and parts thereof, of precious metal or of metal clad with precious metal",1.5,1.5,3.0,
7114,IV,11,"Articles of goldsmiths' or silversmiths' wares and parts thereof, of precious metal or of metal clad with precious metal",1.5,1.5,3.0,
7115,IV,12,Other articles of precious metal or of metal clad with precious metal,1.5,1.5,3.0,
7116,IV,13,"Articles of natural or cultured pearls, precious or semi-precious stones (natural, synthetic or reconstructed)",1.5,1.5,3.0,
7117,IV,14,Imitation jewellery [other than bangles of lac/shellac],1.5,1.5,3.0,
7118,IV,15,Coin,1.5,1.5,3.0,
7102,V,1,"Rough diamonds or simply sawn diamonds, industrial or non-industrial",0.125,0.125,0.25,
7103,V,2,"Precious stones (other than diamonds) and semi-precious stones, whether or not worked or graded but not strung, mounted or set; ungraded precious stones (other than diamonds) and semi-precious stones, temporarily strung for convenience of transport",0.125,0.125,0.25,
7104,V,3,"Synthetic or reconstructed precious or semi-precious stones [other than diamonds], whether or not worked or graded but not strung, mounted or set; ungraded synthetic or reconstructed precious or semi-precious stones [other than diamonds], temporarily strung for convenience of transport; synthetic or reconstructed diamonds, unworked or simply sawn or roughly shaped",0.125,0.125,0.25,
7102,VI,1,Goods other than those specified against S. No. 1 in Schedule V,0.75,0.75,1.5,
7104,VI,2,Goods other than those specified against S. No. 3 in Schedule V,0.75,0.75,1.5,
21069020,VII,1,Pan masala,14.0,14.0,28.0,
2401,VII,2,Unmanufactured tobacco; tobacco refuse [other than tobacco leaves],14.0,14.0,28.0,
2402,VII,3,"Cigars, cheroots, cigarillos and cigarettes, of tobacco or of tobacco substitutes",14.0,14.0,28.0,
2403,VII,4,"Other manufactured tobacco and manufactured tobacco substitutes; ―homogenised"" or ―reconstituted"" tobacco; tobacco extracts and essences (including biris)",14.0,14.0,28.0,
24041100,VII,5,Products containing tobacco or reconstituted tobacco and intended for inhalation without combustion,14.0,14.0,28.0,
24041900,VII,6,Products containing tobacco or nicotine substitutes and intended for inhalation without combustion,14.0,14.0,28.0,
